time="2026-08-09T11:06:52-07:00" level=warning msg="The \"GIT_USER_EMAIL\" variable is not set. Defaulting to a blank string."
time="2026-08-09T11:06:52-07:00" level=warning msg="The \"GIT_USER_NAME\" variable is not set. Defaulting to a blank string."
time="2026-08-09T11:06:52-07:00" level=warning msg="The \"GIT_USER_NAME\" variable is not set. Defaulting to a blank string."
time="2026-08-09T11:06:52-07:00" level=warning msg="The \"GIT_USER_EMAIL\" variable is not set. Defaulting to a blank string."
time="2026-08-09T11:06:52-07:00" level=warning msg="/home/nico-palomo/workspace/wb_humanoid_mpc/.devcontainer/docker-compose.yml: the attribute `version` is obsolete, it will be ignored, please remove it to avoid potential confusion"
cd /wb_humanoid_mpc_ws && export MAKEFLAGS="-j 20 -d" && source /opt/ros/jazzy/setup.bash && colcon build --parallel-workers=20 --event-handlers=console_cohesion+ --symlink-install --build-base /wb_humanoid_mpc_ws/build --install-base /wb_humanoid_mpc_ws/install --packages-up-to humanoid_centroidal_mpc_ros2 humanoid_common_mpc_ros2 humanoid_centroidal_mpc_test humanoid_mpc_msgs humanoid_wb_mpc_ros2 humanoid_common_mpc humanoid_wb_mpc humanoid_centroidal_mpc g1_wb_mpc g1_centroidal_mpc g1_description robot_core robot_model mujoco_sim_interface --cmake-args -DCMAKE_EXPORT_COMPILE_COMMANDS=ON -DCMAKE_BUILD_TYPE=Release -DBUILD_TESTING=ON -DCMAKE_SHARED_LINKER_FLAGS="-L/usr/lib/python3.12/config-3.12-x86_64-linux-gnu -L/usr/lib/x86_64-linux-gnu -lpython3.12 -ldl  -lm " -DCMAKE_CXX_FLAGS=-std=c++20 -GNinja -DCMAKE_C_COMPILER_LAUNCHER=ccache -DCMAKE_CXX_COMPILER_LAUNCHER=ccache  && source /wb_humanoid_mpc_ws/install/setup.bash
Traceback (most recent call last):
  File "<string>", line 1, in <module>
  File "/usr/lib/python3/dist-packages/setuptools/_distutils/core.py", line 267, in run_setup
    exec(code, g)
  File "<string>", line 8, in <module>
ModuleNotFoundError: No module named 'Cython'
[0.229s] ERROR:colcon.colcon_core.package_identification:Exception in package identification extension 'python_setup_py' in 'workspace/venv/lib/python3.14/site-packages/numpy/_core/tests/examples/cython': Command '['/usr/bin/python3', '-c', 'import sys;from contextlib import suppress;exec("with suppress(ImportError):    from setuptools.extern.packaging.specifiers    import SpecifierSet");exec("with suppress(ImportError):    from packaging.specifiers import SpecifierSet");from distutils.core import run_setup;dist = run_setup(    \'setup.py\', script_args=(\'--dry-run\',), stop_after=\'config\');skip_keys = (\'cmdclass\', \'distclass\', \'ext_modules\', \'metadata\');data = {    key: value for key, value in dist.__dict__.items()     if (        not key.startswith(\'_\') and         not callable(value) and         key not in skip_keys and         key not in dist.display_option_names    )};data[\'metadata\'] = {    k: v for k, v in dist.metadata.__dict__.items()     if k not in (\'license_files\', \'provides_extras\')};sys.stdout.buffer.write(repr(data).encode(\'utf-8\'))']' returned non-zero exit status 1.
Traceback (most recent call last):
  File "/usr/lib/python3/dist-packages/colcon_core/package_identification/__init__.py", line 144, in _identify
    retval = extension.identify(_reused_descriptor_instance)
             ^^^^^^^^^^^^^^^^^^^^^^^^^^^^^^^^^^^^^^^^^^^^^^^
  File "/usr/lib/python3/dist-packages/colcon_python_setup_py/package_identification/python_setup_py.py", line 48, in identify
    config = get_setup_information(setup_py)
             ^^^^^^^^^^^^^^^^^^^^^^^^^^^^^^^
  File "/usr/lib/python3/dist-packages/colcon_python_setup_py/package_identification/python_setup_py.py", line 249, in get_setup_information
    _setup_information_cache[hashable_env] = _get_setup_information(
                                             ^^^^^^^^^^^^^^^^^^^^^^^
  File "/usr/lib/python3/dist-packages/colcon_python_setup_py/package_identification/python_setup_py.py", line 296, in _get_setup_information
    result = subprocess.run(
             ^^^^^^^^^^^^^^^
  File "/usr/lib/python3.12/subprocess.py", line 571, in run
    raise CalledProcessError(retcode, process.args,
subprocess.CalledProcessError: Command '['/usr/bin/python3', '-c', 'import sys;from contextlib import suppress;exec("with suppress(ImportError):    from setuptools.extern.packaging.specifiers    import SpecifierSet");exec("with suppress(ImportError):    from packaging.specifiers import SpecifierSet");from distutils.core import run_setup;dist = run_setup(    \'setup.py\', script_args=(\'--dry-run\',), stop_after=\'config\');skip_keys = (\'cmdclass\', \'distclass\', \'ext_modules\', \'metadata\');data = {    key: value for key, value in dist.__dict__.items()     if (        not key.startswith(\'_\') and         not callable(value) and         key not in skip_keys and         key not in dist.display_option_names    )};data[\'metadata\'] = {    k: v for k, v in dist.metadata.__dict__.items()     if k not in (\'license_files\', \'provides_extras\')};sys.stdout.buffer.write(repr(data).encode(\'utf-8\'))']' returned non-zero exit status 1.

[0.352s] ERROR:colcon.colcon_core.package_identification:Failed to determine Python package name in 'workspace/venv/lib/python3.14/site-packages/numpy/_core/tests/examples/limited_api'
[0.352s] ERROR:colcon.colcon_core.package_identification:Exception in package identification extension 'python_setup_py' in 'workspace/venv/lib/python3.14/site-packages/numpy/_core/tests/examples/limited_api': Failed to determine Python package name in 'workspace/venv/lib/python3.14/site-packages/numpy/_core/tests/examples/limited_api'
Traceback (most recent call last):
  File "/usr/lib/python3/dist-packages/colcon_core/package_identification/__init__.py", line 144, in _identify
    retval = extension.identify(_reused_descriptor_instance)
             ^^^^^^^^^^^^^^^^^^^^^^^^^^^^^^^^^^^^^^^^^^^^^^^
  File "/usr/lib/python3/dist-packages/colcon_python_setup_py/package_identification/python_setup_py.py", line 57, in identify
    raise RuntimeError(
RuntimeError: Failed to determine Python package name in 'workspace/venv/lib/python3.14/site-packages/numpy/_core/tests/examples/limited_api'

Starting >>> catkin
Starting >>> ocs2_thirdparty
Starting >>> blasfeo_catkin
Starting >>> humanoid_mpc_msgs
Starting >>> ocs2_ros2_msgs
Starting >>> robot_core
Starting >>> mujoco_vendor
Starting >>> g1_description
--- output: blasfeo_catkin
ninja: no work to do.
-- Install configuration: "Release"
-- Up-to-date: /wb_humanoid_mpc_ws/install/blasfeo_catkin/lib/libblasfeo.so
-- Up-to-date: /wb_humanoid_mpc_ws/install/blasfeo_catkin/cmake/blasfeoConfig.cmake
-- Up-to-date: /wb_humanoid_mpc_ws/install/blasfeo_catkin/cmake/blasfeoConfig-release.cmake
-- Up-to-date: /wb_humanoid_mpc_ws/install/blasfeo_catkin/include/blasfeo.h
-- Up-to-date: /wb_humanoid_mpc_ws/install/blasfeo_catkin/include/blasfeo_block_size.h
-- Up-to-date: /wb_humanoid_mpc_ws/install/blasfeo_catkin/include/blasfeo_common.h
-- Up-to-date: /wb_humanoid_mpc_ws/install/blasfeo_catkin/include/blasfeo_d_aux.h
-- Up-to-date: /wb_humanoid_mpc_ws/install/blasfeo_catkin/include/blasfeo_d_aux_ext_dep.h
-- Up-to-date: /wb_humanoid_mpc_ws/install/blasfeo_catkin/include/blasfeo_d_aux_ext_dep_ref.h
-- Up-to-date: /wb_humanoid_mpc_ws/install/blasfeo_catkin/include/blasfeo_d_aux_old.h
-- Up-to-date: /wb_humanoid_mpc_ws/install/blasfeo_catkin/include/blasfeo_d_aux_ref.h
-- Up-to-date: /wb_humanoid_mpc_ws/install/blasfeo_catkin/include/blasfeo_d_aux_test.h
-- Up-to-date: /wb_humanoid_mpc_ws/install/blasfeo_catkin/include/blasfeo_d_blas.h
-- Up-to-date: /wb_humanoid_mpc_ws/install/blasfeo_catkin/include/blasfeo_d_blas_api.h
-- Up-to-date: /wb_humanoid_mpc_ws/install/blasfeo_catkin/include/blasfeo_d_blasfeo_api.h
-- Up-to-date: /wb_humanoid_mpc_ws/install/blasfeo_catkin/include/blasfeo_d_blasfeo_api_ref.h
-- Up-to-date: /wb_humanoid_mpc_ws/install/blasfeo_catkin/include/blasfeo_d_blasfeo_ref_api.h
-- Up-to-date: /wb_humanoid_mpc_ws/install/blasfeo_catkin/include/blasfeo_d_kernel.h
-- Up-to-date: /wb_humanoid_mpc_ws/install/blasfeo_catkin/include/blasfeo_i_aux_ext_dep.h
-- Up-to-date: /wb_humanoid_mpc_ws/install/blasfeo_catkin/include/blasfeo_m_aux.h
-- Up-to-date: /wb_humanoid_mpc_ws/install/blasfeo_catkin/include/blasfeo_memory.h
-- Up-to-date: /wb_humanoid_mpc_ws/install/blasfeo_catkin/include/blasfeo_naming.h
-- Up-to-date: /wb_humanoid_mpc_ws/install/blasfeo_catkin/include/blasfeo_processor_features.h
-- Up-to-date: /wb_humanoid_mpc_ws/install/blasfeo_catkin/include/blasfeo_s_aux.h
-- Up-to-date: /wb_humanoid_mpc_ws/install/blasfeo_catkin/include/blasfeo_s_aux_ext_dep.h
-- Up-to-date: /wb_humanoid_mpc_ws/install/blasfeo_catkin/include/blasfeo_s_aux_ext_dep_ref.h
-- Up-to-date: /wb_humanoid_mpc_ws/install/blasfeo_catkin/include/blasfeo_s_aux_old.h
-- Up-to-date: /wb_humanoid_mpc_ws/install/blasfeo_catkin/include/blasfeo_s_aux_ref.h
-- Up-to-date: /wb_humanoid_mpc_ws/install/blasfeo_catkin/include/blasfeo_s_aux_test.h
-- Up-to-date: /wb_humanoid_mpc_ws/install/blasfeo_catkin/include/blasfeo_s_blas.h
-- Up-to-date: /wb_humanoid_mpc_ws/install/blasfeo_catkin/include/blasfeo_s_blas_api.h
-- Up-to-date: /wb_humanoid_mpc_ws/install/blasfeo_catkin/include/blasfeo_s_blasfeo_api.h
-- Up-to-date: /wb_humanoid_mpc_ws/install/blasfeo_catkin/include/blasfeo_s_blasfeo_api_ref.h
-- Up-to-date: /wb_humanoid_mpc_ws/install/blasfeo_catkin/include/blasfeo_s_blasfeo_ref_api.h
-- Up-to-date: /wb_humanoid_mpc_ws/install/blasfeo_catkin/include/blasfeo_s_kernel.h
-- Up-to-date: /wb_humanoid_mpc_ws/install/blasfeo_catkin/include/blasfeo_stdlib.h
-- Up-to-date: /wb_humanoid_mpc_ws/install/blasfeo_catkin/include/blasfeo_target.h
-- Up-to-date: /wb_humanoid_mpc_ws/install/blasfeo_catkin/include/blasfeo_timing.h
-- Up-to-date: /wb_humanoid_mpc_ws/install/blasfeo_catkin/include/blasfeo_v_aux_ext_dep.h
-- Up-to-date: /wb_humanoid_mpc_ws/install/blasfeo_catkin/include/d_blas.h
-- Up-to-date: /wb_humanoid_mpc_ws/install/blasfeo_catkin/include/d_blas_64.h
-- Up-to-date: /wb_humanoid_mpc_ws/install/blasfeo_catkin/include/s_blas.h
-- Up-to-date: /wb_humanoid_mpc_ws/install/blasfeo_catkin/include/s_blas_64.h
-- Up-to-date: /wb_humanoid_mpc_ws/install/blasfeo_catkin/share/blasfeo_catkin/environment/library_path.sh
-- Up-to-date: /wb_humanoid_mpc_ws/install/blasfeo_catkin/share/blasfeo_catkin/environment/library_path.dsv
-- Up-to-date: /wb_humanoid_mpc_ws/install/blasfeo_catkin/share/ament_index/resource_index/package_run_dependencies/blasfeo_catkin
-- Up-to-date: /wb_humanoid_mpc_ws/install/blasfeo_catkin/share/ament_index/resource_index/parent_prefix_path/blasfeo_catkin
-- Up-to-date: /wb_humanoid_mpc_ws/install/blasfeo_catkin/share/blasfeo_catkin/environment/ament_prefix_path.sh
-- Up-to-date: /wb_humanoid_mpc_ws/install/blasfeo_catkin/share/blasfeo_catkin/environment/ament_prefix_path.dsv
-- Up-to-date: /wb_humanoid_mpc_ws/install/blasfeo_catkin/share/blasfeo_catkin/environment/path.sh
-- Up-to-date: /wb_humanoid_mpc_ws/install/blasfeo_catkin/share/blasfeo_catkin/environment/path.dsv
-- Up-to-date: /wb_humanoid_mpc_ws/install/blasfeo_catkin/share/blasfeo_catkin/local_setup.bash
-- Up-to-date: /wb_humanoid_mpc_ws/install/blasfeo_catkin/share/blasfeo_catkin/local_setup.sh
-- Up-to-date: /wb_humanoid_mpc_ws/install/blasfeo_catkin/share/blasfeo_catkin/local_setup.zsh
-- Up-to-date: /wb_humanoid_mpc_ws/install/blasfeo_catkin/share/blasfeo_catkin/local_setup.dsv
-- Installing: /wb_humanoid_mpc_ws/install/blasfeo_catkin/share/blasfeo_catkin/package.dsv
-- Up-to-date: /wb_humanoid_mpc_ws/install/blasfeo_catkin/share/ament_index/resource_index/packages/blasfeo_catkin
-- Up-to-date: /wb_humanoid_mpc_ws/install/blasfeo_catkin/share/blasfeo_catkin/cmake/ament_cmake_export_libraries-extras.cmake
-- Up-to-date: /wb_humanoid_mpc_ws/install/blasfeo_catkin/share/blasfeo_catkin/cmake/blasfeo_catkinConfig.cmake
-- Up-to-date: /wb_humanoid_mpc_ws/install/blasfeo_catkin/share/blasfeo_catkin/cmake/blasfeo_catkinConfig-version.cmake
-- Up-to-date: /wb_humanoid_mpc_ws/install/blasfeo_catkin/share/blasfeo_catkin/package.xml
---
Finished <<< blasfeo_catkin [0.06s]
--- output: g1_description
ninja: no work to do.
-- Install configuration: "Release"
-- Execute custom install script
-- Up-to-date symlink: /wb_humanoid_mpc_ws/install/g1_description/share/g1_description/urdf/g1_29dof.urdf
-- Up-to-date symlink: /wb_humanoid_mpc_ws/install/g1_description/share/g1_description/urdf/g1_29dof.xml
-- Up-to-date symlink: /wb_humanoid_mpc_ws/install/g1_description/share/g1_description/meshes/head_link.STL
-- Up-to-date symlink: /wb_humanoid_mpc_ws/install/g1_description/share/g1_description/meshes/left_ankle_pitch_link.STL
-- Up-to-date symlink: /wb_humanoid_mpc_ws/install/g1_description/share/g1_description/meshes/left_ankle_roll_link.STL
-- Up-to-date symlink: /wb_humanoid_mpc_ws/install/g1_description/share/g1_description/meshes/left_elbow_link.STL
-- Up-to-date symlink: /wb_humanoid_mpc_ws/install/g1_description/share/g1_description/meshes/left_hand_index_0_link.STL
-- Up-to-date symlink: /wb_humanoid_mpc_ws/install/g1_description/share/g1_description/meshes/left_hand_index_1_link.STL
-- Up-to-date symlink: /wb_humanoid_mpc_ws/install/g1_description/share/g1_description/meshes/left_hand_middle_0_link.STL
-- Up-to-date symlink: /wb_humanoid_mpc_ws/install/g1_description/share/g1_description/meshes/left_hand_middle_1_link.STL
-- Up-to-date symlink: /wb_humanoid_mpc_ws/install/g1_description/share/g1_description/meshes/left_hand_palm_link.STL
-- Up-to-date symlink: /wb_humanoid_mpc_ws/install/g1_description/share/g1_description/meshes/left_hand_thumb_0_link.STL
-- Up-to-date symlink: /wb_humanoid_mpc_ws/install/g1_description/share/g1_description/meshes/left_hand_thumb_1_link.STL
-- Up-to-date symlink: /wb_humanoid_mpc_ws/install/g1_description/share/g1_description/meshes/left_hand_thumb_2_link.STL
-- Up-to-date symlink: /wb_humanoid_mpc_ws/install/g1_description/share/g1_description/meshes/left_hip_pitch_link.STL
-- Up-to-date symlink: /wb_humanoid_mpc_ws/install/g1_description/share/g1_description/meshes/left_hip_roll_link.STL
-- Up-to-date symlink: /wb_humanoid_mpc_ws/install/g1_description/share/g1_description/meshes/left_hip_yaw_link.STL
-- Up-to-date symlink: /wb_humanoid_mpc_ws/install/g1_description/share/g1_description/meshes/left_knee_link.STL
-- Up-to-date symlink: /wb_humanoid_mpc_ws/install/g1_description/share/g1_description/meshes/left_rubber_hand.STL
-- Up-to-date symlink: /wb_humanoid_mpc_ws/install/g1_description/share/g1_description/meshes/left_shoulder_pitch_link.STL
-- Up-to-date symlink: /wb_humanoid_mpc_ws/install/g1_description/share/g1_description/meshes/left_shoulder_roll_link.STL
-- Up-to-date symlink: /wb_humanoid_mpc_ws/install/g1_description/share/g1_description/meshes/left_shoulder_yaw_link.STL
-- Up-to-date symlink: /wb_humanoid_mpc_ws/install/g1_description/share/g1_description/meshes/left_wrist_pitch_link.STL
-- Up-to-date symlink: /wb_humanoid_mpc_ws/install/g1_description/share/g1_description/meshes/left_wrist_roll_link.STL
-- Up-to-date symlink: /wb_humanoid_mpc_ws/install/g1_description/share/g1_description/meshes/left_wrist_roll_rubber_hand.STL
-- Up-to-date symlink: /wb_humanoid_mpc_ws/install/g1_description/share/g1_description/meshes/left_wrist_yaw_link.STL
-- Up-to-date symlink: /wb_humanoid_mpc_ws/install/g1_description/share/g1_description/meshes/logo_link.STL
-- Up-to-date symlink: /wb_humanoid_mpc_ws/install/g1_description/share/g1_description/meshes/pelvis.STL
-- Up-to-date symlink: /wb_humanoid_mpc_ws/install/g1_description/share/g1_description/meshes/pelvis_contour_link.STL
-- Up-to-date symlink: /wb_humanoid_mpc_ws/install/g1_description/share/g1_description/meshes/right_ankle_pitch_link.STL
-- Up-to-date symlink: /wb_humanoid_mpc_ws/install/g1_description/share/g1_description/meshes/right_ankle_roll_link.STL
-- Up-to-date symlink: /wb_humanoid_mpc_ws/install/g1_description/share/g1_description/meshes/right_elbow_link.STL
-- Up-to-date symlink: /wb_humanoid_mpc_ws/install/g1_description/share/g1_description/meshes/right_hand_index_0_link.STL
-- Up-to-date symlink: /wb_humanoid_mpc_ws/install/g1_description/share/g1_description/meshes/right_hand_index_1_link.STL
-- Up-to-date symlink: /wb_humanoid_mpc_ws/install/g1_description/share/g1_description/meshes/right_hand_middle_0_link.STL
-- Up-to-date symlink: /wb_humanoid_mpc_ws/install/g1_description/share/g1_description/meshes/right_hand_middle_1_link.STL
-- Up-to-date symlink: /wb_humanoid_mpc_ws/install/g1_description/share/g1_description/meshes/right_hand_palm_link.STL
-- Up-to-date symlink: /wb_humanoid_mpc_ws/install/g1_description/share/g1_description/meshes/right_hand_thumb_0_link.STL
-- Up-to-date symlink: /wb_humanoid_mpc_ws/install/g1_description/share/g1_description/meshes/right_hand_thumb_1_link.STL
-- Up-to-date symlink: /wb_humanoid_mpc_ws/install/g1_description/share/g1_description/meshes/right_hand_thumb_2_link.STL
-- Up-to-date symlink: /wb_humanoid_mpc_ws/install/g1_description/share/g1_description/meshes/right_hip_pitch_link.STL
-- Up-to-date symlink: /wb_humanoid_mpc_ws/install/g1_description/share/g1_description/meshes/right_hip_roll_link.STL
-- Up-to-date symlink: /wb_humanoid_mpc_ws/install/g1_description/share/g1_description/meshes/right_hip_yaw_link.STL
-- Up-to-date symlink: /wb_humanoid_mpc_ws/install/g1_description/share/g1_description/meshes/right_knee_link.STL
-- Up-to-date symlink: /wb_humanoid_mpc_ws/install/g1_description/share/g1_description/meshes/right_rubber_hand.STL
-- Up-to-date symlink: /wb_humanoid_mpc_ws/install/g1_description/share/g1_description/meshes/right_shoulder_pitch_link.STL
-- Up-to-date symlink: /wb_humanoid_mpc_ws/install/g1_description/share/g1_description/meshes/right_shoulder_roll_link.STL
-- Up-to-date symlink: /wb_humanoid_mpc_ws/install/g1_description/share/g1_description/meshes/right_shoulder_yaw_link.STL
-- Up-to-date symlink: /wb_humanoid_mpc_ws/install/g1_description/share/g1_description/meshes/right_wrist_pitch_link.STL
-- Up-to-date symlink: /wb_humanoid_mpc_ws/install/g1_description/share/g1_description/meshes/right_wrist_roll_link.STL
-- Up-to-date symlink: /wb_humanoid_mpc_ws/install/g1_description/share/g1_description/meshes/right_wrist_roll_rubber_hand.STL
-- Up-to-date symlink: /wb_humanoid_mpc_ws/install/g1_description/share/g1_description/meshes/right_wrist_yaw_link.STL
-- Up-to-date symlink: /wb_humanoid_mpc_ws/install/g1_description/share/g1_description/meshes/torso_constraint_L_link.STL
-- Up-to-date symlink: /wb_humanoid_mpc_ws/install/g1_description/share/g1_description/meshes/torso_constraint_L_rod_link.STL
-- Up-to-date symlink: /wb_humanoid_mpc_ws/install/g1_description/share/g1_description/meshes/torso_constraint_R_link.STL
-- Up-to-date symlink: /wb_humanoid_mpc_ws/install/g1_description/share/g1_description/meshes/torso_constraint_R_rod_link.STL
-- Up-to-date symlink: /wb_humanoid_mpc_ws/install/g1_description/share/g1_description/meshes/torso_link.STL
-- Up-to-date symlink: /wb_humanoid_mpc_ws/install/g1_description/share/g1_description/meshes/torso_link_23dof_rev_1_0.STL
-- Up-to-date symlink: /wb_humanoid_mpc_ws/install/g1_description/share/g1_description/meshes/torso_link_rev_1_0.STL
-- Up-to-date symlink: /wb_humanoid_mpc_ws/install/g1_description/share/g1_description/meshes/waist_constraint_L.STL
-- Up-to-date symlink: /wb_humanoid_mpc_ws/install/g1_description/share/g1_description/meshes/waist_constraint_R.STL
-- Up-to-date symlink: /wb_humanoid_mpc_ws/install/g1_description/share/g1_description/meshes/waist_roll_link.STL
-- Up-to-date symlink: /wb_humanoid_mpc_ws/install/g1_description/share/g1_description/meshes/waist_roll_link_rev_1_0.STL
-- Up-to-date symlink: /wb_humanoid_mpc_ws/install/g1_description/share/g1_description/meshes/waist_support_link.STL
-- Up-to-date symlink: /wb_humanoid_mpc_ws/install/g1_description/share/g1_description/meshes/waist_yaw_link.STL
-- Up-to-date symlink: /wb_humanoid_mpc_ws/install/g1_description/share/g1_description/meshes/waist_yaw_link_rev_1_0.STL
-- Up-to-date symlink: /wb_humanoid_mpc_ws/install/g1_description/share/g1_description/launch/display.launch.py
-- Up-to-date symlink: /wb_humanoid_mpc_ws/install/g1_description/share/g1_description/rviz/urdf_config.rviz
-- Up-to-date symlink: /wb_humanoid_mpc_ws/install/g1_description/share/ament_index/resource_index/package_run_dependencies/g1_description
-- Up-to-date symlink: /wb_humanoid_mpc_ws/install/g1_description/share/ament_index/resource_index/parent_prefix_path/g1_description
-- Up-to-date symlink: /wb_humanoid_mpc_ws/install/g1_description/share/g1_description/environment/ament_prefix_path.sh
-- Up-to-date symlink: /wb_humanoid_mpc_ws/install/g1_description/share/g1_description/environment/ament_prefix_path.dsv
-- Up-to-date symlink: /wb_humanoid_mpc_ws/install/g1_description/share/g1_description/environment/path.sh
-- Up-to-date symlink: /wb_humanoid_mpc_ws/install/g1_description/share/g1_description/environment/path.dsv
-- Up-to-date symlink: /wb_humanoid_mpc_ws/install/g1_description/share/g1_description/local_setup.bash
-- Up-to-date symlink: /wb_humanoid_mpc_ws/install/g1_description/share/g1_description/local_setup.sh
-- Up-to-date symlink: /wb_humanoid_mpc_ws/install/g1_description/share/g1_description/local_setup.zsh
-- Up-to-date symlink: /wb_humanoid_mpc_ws/install/g1_description/share/g1_description/local_setup.dsv
-- Symlinking: /wb_humanoid_mpc_ws/install/g1_description/share/g1_description/package.dsv
-- Up-to-date symlink: /wb_humanoid_mpc_ws/install/g1_description/share/ament_index/resource_index/packages/g1_description
-- Up-to-date symlink: /wb_humanoid_mpc_ws/install/g1_description/share/g1_description/cmake/g1_descriptionConfig.cmake
-- Up-to-date symlink: /wb_humanoid_mpc_ws/install/g1_description/share/g1_description/cmake/g1_descriptionConfig-version.cmake
-- Up-to-date symlink: /wb_humanoid_mpc_ws/install/g1_description/share/g1_description/package.xml
---
Finished <<< g1_description [0.06s]
--- output: robot_core
ninja: no work to do.
-- Install configuration: "Release"
-- Execute custom install script
-- Up-to-date symlink: /wb_humanoid_mpc_ws/install/robot_core/include//robot_core/FPSTracker.h
-- Up-to-date symlink: /wb_humanoid_mpc_ws/install/robot_core/include//robot_core/ThreadSafe.h
-- Up-to-date symlink: /wb_humanoid_mpc_ws/install/robot_core/include//robot_core/Types.h
-- Up-to-date symlink: /wb_humanoid_mpc_ws/install/robot_core/share/ament_index/resource_index/package_run_dependencies/robot_core
-- Up-to-date symlink: /wb_humanoid_mpc_ws/install/robot_core/share/ament_index/resource_index/parent_prefix_path/robot_core
-- Up-to-date symlink: /wb_humanoid_mpc_ws/install/robot_core/share/robot_core/environment/ament_prefix_path.sh
-- Up-to-date symlink: /wb_humanoid_mpc_ws/install/robot_core/share/robot_core/environment/ament_prefix_path.dsv
-- Up-to-date symlink: /wb_humanoid_mpc_ws/install/robot_core/share/robot_core/environment/path.sh
-- Up-to-date symlink: /wb_humanoid_mpc_ws/install/robot_core/share/robot_core/environment/path.dsv
-- Up-to-date symlink: /wb_humanoid_mpc_ws/install/robot_core/share/robot_core/local_setup.bash
-- Up-to-date symlink: /wb_humanoid_mpc_ws/install/robot_core/share/robot_core/local_setup.sh
-- Up-to-date symlink: /wb_humanoid_mpc_ws/install/robot_core/share/robot_core/local_setup.zsh
-- Up-to-date symlink: /wb_humanoid_mpc_ws/install/robot_core/share/robot_core/local_setup.dsv
-- Symlinking: /wb_humanoid_mpc_ws/install/robot_core/share/robot_core/package.dsv
-- Up-to-date symlink: /wb_humanoid_mpc_ws/install/robot_core/share/ament_index/resource_index/packages/robot_core
-- Up-to-date symlink: /wb_humanoid_mpc_ws/install/robot_core/share/robot_core/cmake/ament_cmake_export_include_directories-extras.cmake
-- Up-to-date symlink: /wb_humanoid_mpc_ws/install/robot_core/share/robot_core/cmake/ament_cmake_export_dependencies-extras.cmake
-- Up-to-date symlink: /wb_humanoid_mpc_ws/install/robot_core/share/robot_core/cmake/robot_coreConfig.cmake
-- Up-to-date symlink: /wb_humanoid_mpc_ws/install/robot_core/share/robot_core/cmake/robot_coreConfig-version.cmake
-- Up-to-date symlink: /wb_humanoid_mpc_ws/install/robot_core/share/robot_core/package.xml
---
Finished <<< robot_core [0.08s]
Starting >>> robot_model
--- output: mujoco_vendor
ninja: no work to do.
-- Install configuration: "Release"
-- Execute custom install script
-- Up-to-date symlink: /wb_humanoid_mpc_ws/install/mujoco_vendor/include/mujoco/experimental/usd/layer_sink.h
-- Up-to-date symlink: /wb_humanoid_mpc_ws/install/mujoco_vendor/include/mujoco/experimental/usd/mjcPhysics/actuatorAPI.h
-- Up-to-date symlink: /wb_humanoid_mpc_ws/install/mujoco_vendor/include/mujoco/experimental/usd/mjcPhysics/api.h
-- Up-to-date symlink: /wb_humanoid_mpc_ws/install/mujoco_vendor/include/mujoco/experimental/usd/mjcPhysics/collisionAPI.h
-- Up-to-date symlink: /wb_humanoid_mpc_ws/install/mujoco_vendor/include/mujoco/experimental/usd/mjcPhysics/jointAPI.h
-- Up-to-date symlink: /wb_humanoid_mpc_ws/install/mujoco_vendor/include/mujoco/experimental/usd/mjcPhysics/keyframe.h
-- Up-to-date symlink: /wb_humanoid_mpc_ws/install/mujoco_vendor/include/mujoco/experimental/usd/mjcPhysics/meshCollisionAPI.h
-- Up-to-date symlink: /wb_humanoid_mpc_ws/install/mujoco_vendor/include/mujoco/experimental/usd/mjcPhysics/sceneAPI.h
-- Up-to-date symlink: /wb_humanoid_mpc_ws/install/mujoco_vendor/include/mujoco/experimental/usd/mjcPhysics/siteAPI.h
-- Up-to-date symlink: /wb_humanoid_mpc_ws/install/mujoco_vendor/include/mujoco/experimental/usd/mjcPhysics/tokens.h
-- Up-to-date symlink: /wb_humanoid_mpc_ws/install/mujoco_vendor/include/mujoco/experimental/usd/usd.h
-- Up-to-date symlink: /wb_humanoid_mpc_ws/install/mujoco_vendor/include/mujoco/experimental/usd/utils.h
-- Up-to-date symlink: /wb_humanoid_mpc_ws/install/mujoco_vendor/include/mujoco/experimental/usd/writer.h
-- Up-to-date symlink: /wb_humanoid_mpc_ws/install/mujoco_vendor/include/mujoco/mjdata.h
-- Up-to-date symlink: /wb_humanoid_mpc_ws/install/mujoco_vendor/include/mujoco/mjexport.h
-- Up-to-date symlink: /wb_humanoid_mpc_ws/install/mujoco_vendor/include/mujoco/mjmacro.h
-- Up-to-date symlink: /wb_humanoid_mpc_ws/install/mujoco_vendor/include/mujoco/mjmodel.h
-- Up-to-date symlink: /wb_humanoid_mpc_ws/install/mujoco_vendor/include/mujoco/mjplugin.h
-- Up-to-date symlink: /wb_humanoid_mpc_ws/install/mujoco_vendor/include/mujoco/mjrender.h
-- Up-to-date symlink: /wb_humanoid_mpc_ws/install/mujoco_vendor/include/mujoco/mjsan.h
-- Up-to-date symlink: /wb_humanoid_mpc_ws/install/mujoco_vendor/include/mujoco/mjspec.h
-- Up-to-date symlink: /wb_humanoid_mpc_ws/install/mujoco_vendor/include/mujoco/mjthread.h
-- Up-to-date symlink: /wb_humanoid_mpc_ws/install/mujoco_vendor/include/mujoco/mjtnum.h
-- Up-to-date symlink: /wb_humanoid_mpc_ws/install/mujoco_vendor/include/mujoco/mjui.h
-- Up-to-date symlink: /wb_humanoid_mpc_ws/install/mujoco_vendor/include/mujoco/mjvisualize.h
-- Up-to-date symlink: /wb_humanoid_mpc_ws/install/mujoco_vendor/include/mujoco/mjxmacro.h
-- Up-to-date symlink: /wb_humanoid_mpc_ws/install/mujoco_vendor/include/mujoco/mujoco.h
-- Up-to-date symlink: /wb_humanoid_mpc_ws/install/mujoco_vendor/lib/libmujoco.so.3.3.4
-- Up-to-date symlink: /wb_humanoid_mpc_ws/install/mujoco_vendor/share/mujoco_vendor/environment/library_path.sh
-- Up-to-date symlink: /wb_humanoid_mpc_ws/install/mujoco_vendor/share/mujoco_vendor/environment/library_path.dsv
-- Up-to-date symlink: /wb_humanoid_mpc_ws/install/mujoco_vendor/share/ament_index/resource_index/package_run_dependencies/mujoco_vendor
-- Up-to-date symlink: /wb_humanoid_mpc_ws/install/mujoco_vendor/share/ament_index/resource_index/parent_prefix_path/mujoco_vendor
-- Up-to-date symlink: /wb_humanoid_mpc_ws/install/mujoco_vendor/share/mujoco_vendor/environment/ament_prefix_path.sh
-- Up-to-date symlink: /wb_humanoid_mpc_ws/install/mujoco_vendor/share/mujoco_vendor/environment/ament_prefix_path.dsv
-- Up-to-date symlink: /wb_humanoid_mpc_ws/install/mujoco_vendor/share/mujoco_vendor/environment/path.sh
-- Up-to-date symlink: /wb_humanoid_mpc_ws/install/mujoco_vendor/share/mujoco_vendor/environment/path.dsv
-- Up-to-date symlink: /wb_humanoid_mpc_ws/install/mujoco_vendor/share/mujoco_vendor/local_setup.bash
-- Up-to-date symlink: /wb_humanoid_mpc_ws/install/mujoco_vendor/share/mujoco_vendor/local_setup.sh
-- Up-to-date symlink: /wb_humanoid_mpc_ws/install/mujoco_vendor/share/mujoco_vendor/local_setup.zsh
-- Up-to-date symlink: /wb_humanoid_mpc_ws/install/mujoco_vendor/share/mujoco_vendor/local_setup.dsv
-- Symlinking: /wb_humanoid_mpc_ws/install/mujoco_vendor/share/mujoco_vendor/package.dsv
-- Up-to-date symlink: /wb_humanoid_mpc_ws/install/mujoco_vendor/share/ament_index/resource_index/packages/mujoco_vendor
-- Up-to-date symlink: /wb_humanoid_mpc_ws/install/mujoco_vendor/share/mujoco_vendor/cmake/ament_cmake_export_include_directories-extras.cmake
-- Up-to-date symlink: /wb_humanoid_mpc_ws/install/mujoco_vendor/share/mujoco_vendor/cmake/ament_cmake_export_libraries-extras.cmake
-- Up-to-date symlink: /wb_humanoid_mpc_ws/install/mujoco_vendor/share/mujoco_vendor/cmake/mujoco_vendorConfig.cmake
-- Up-to-date symlink: /wb_humanoid_mpc_ws/install/mujoco_vendor/share/mujoco_vendor/cmake/mujoco_vendorConfig-version.cmake
-- Up-to-date symlink: /wb_humanoid_mpc_ws/install/mujoco_vendor/share/mujoco_vendor/package.xml
---
Finished <<< mujoco_vendor [0.09s]
--- output: ocs2_thirdparty
ninja: no work to do.
-- Install configuration: "Release"
-- Execute custom install script
-- Up-to-date symlink: /wb_humanoid_mpc_ws/install/ocs2_thirdparty/include/cppad/COPYING
-- Up-to-date symlink: /wb_humanoid_mpc_ws/install/ocs2_thirdparty/include/cppad/Version.txt
-- Up-to-date symlink: /wb_humanoid_mpc_ws/install/ocs2_thirdparty/include/cppad/authors
-- Up-to-date symlink: /wb_humanoid_mpc_ws/install/ocs2_thirdparty/include/cppad/base_require.hpp
-- Up-to-date symlink: /wb_humanoid_mpc_ws/install/ocs2_thirdparty/include/cppad/cg.hpp
-- Up-to-date symlink: /wb_humanoid_mpc_ws/install/ocs2_thirdparty/include/cppad/cg/AUTHORS
-- Up-to-date symlink: /wb_humanoid_mpc_ws/install/ocs2_thirdparty/include/cppad/cg/COPYING
-- Up-to-date symlink: /wb_humanoid_mpc_ws/install/ocs2_thirdparty/include/cppad/cg/Version.txt
-- Up-to-date symlink: /wb_humanoid_mpc_ws/install/ocs2_thirdparty/include/cppad/cg/abstract_atomic_fun.hpp
-- Up-to-date symlink: /wb_humanoid_mpc_ws/install/ocs2_thirdparty/include/cppad/cg/argument.hpp
-- Up-to-date symlink: /wb_humanoid_mpc_ws/install/ocs2_thirdparty/include/cppad/cg/arithmetic.hpp
-- Up-to-date symlink: /wb_humanoid_mpc_ws/install/ocs2_thirdparty/include/cppad/cg/arithmetic_ad.hpp
-- Up-to-date symlink: /wb_humanoid_mpc_ws/install/ocs2_thirdparty/include/cppad/cg/arithmetic_assign.hpp
-- Up-to-date symlink: /wb_humanoid_mpc_ws/install/ocs2_thirdparty/include/cppad/cg/array_id_compresser.hpp
-- Up-to-date symlink: /wb_humanoid_mpc_ws/install/ocs2_thirdparty/include/cppad/cg/array_view.hpp
-- Up-to-date symlink: /wb_humanoid_mpc_ws/install/ocs2_thirdparty/include/cppad/cg/atomic_dependency_locator.hpp
-- Up-to-date symlink: /wb_humanoid_mpc_ws/install/ocs2_thirdparty/include/cppad/cg/atomic_fun.hpp
-- Up-to-date symlink: /wb_humanoid_mpc_ws/install/ocs2_thirdparty/include/cppad/cg/atomic_fun_bridge.hpp
-- Up-to-date symlink: /wb_humanoid_mpc_ws/install/ocs2_thirdparty/include/cppad/cg/base_abstract_atomic_fun.hpp
-- Up-to-date symlink: /wb_humanoid_mpc_ws/install/ocs2_thirdparty/include/cppad/cg/base_double.hpp
-- Up-to-date symlink: /wb_humanoid_mpc_ws/install/ocs2_thirdparty/include/cppad/cg/base_float.hpp
-- Up-to-date symlink: /wb_humanoid_mpc_ws/install/ocs2_thirdparty/include/cppad/cg/bidir_graph.hpp
-- Up-to-date symlink: /wb_humanoid_mpc_ws/install/ocs2_thirdparty/include/cppad/cg/cg.hpp
-- Up-to-date symlink: /wb_humanoid_mpc_ws/install/ocs2_thirdparty/include/cppad/cg/code_handler.hpp
-- Up-to-date symlink: /wb_humanoid_mpc_ws/install/ocs2_thirdparty/include/cppad/cg/code_handler_impl.hpp
-- Up-to-date symlink: /wb_humanoid_mpc_ws/install/ocs2_thirdparty/include/cppad/cg/code_handler_loops.hpp
-- Up-to-date symlink: /wb_humanoid_mpc_ws/install/ocs2_thirdparty/include/cppad/cg/code_handler_vector.hpp
-- Up-to-date symlink: /wb_humanoid_mpc_ws/install/ocs2_thirdparty/include/cppad/cg/collect_variable.hpp
-- Up-to-date symlink: /wb_humanoid_mpc_ws/install/ocs2_thirdparty/include/cppad/cg/compare.hpp
-- Up-to-date symlink: /wb_humanoid_mpc_ws/install/ocs2_thirdparty/include/cppad/cg/cond_exp_op.hpp
-- Up-to-date symlink: /wb_humanoid_mpc_ws/install/ocs2_thirdparty/include/cppad/cg/cppadcg.hpp
-- Up-to-date symlink: /wb_humanoid_mpc_ws/install/ocs2_thirdparty/include/cppad/cg/cppadcg_assert.hpp
-- Up-to-date symlink: /wb_humanoid_mpc_ws/install/ocs2_thirdparty/include/cppad/cg/custom_position.hpp
-- Up-to-date symlink: /wb_humanoid_mpc_ws/install/ocs2_thirdparty/include/cppad/cg/dae_index_reduction/augment_path.hpp
-- Up-to-date symlink: /wb_humanoid_mpc_ws/install/ocs2_thirdparty/include/cppad/cg/dae_index_reduction/augment_path_depth_lookahead.hpp
-- Up-to-date symlink: /wb_humanoid_mpc_ws/install/ocs2_thirdparty/include/cppad/cg/dae_index_reduction/augment_path_depth_lookahead_a.hpp
-- Up-to-date symlink: /wb_humanoid_mpc_ws/install/ocs2_thirdparty/include/cppad/cg/dae_index_reduction/bipartite_graph.hpp
-- Up-to-date symlink: /wb_humanoid_mpc_ws/install/ocs2_thirdparty/include/cppad/cg/dae_index_reduction/bipartite_nodes.hpp
-- Up-to-date symlink: /wb_humanoid_mpc_ws/install/ocs2_thirdparty/include/cppad/cg/dae_index_reduction/dae_equation_info.hpp
-- Up-to-date symlink: /wb_humanoid_mpc_ws/install/ocs2_thirdparty/include/cppad/cg/dae_index_reduction/dae_index_reduction.hpp
-- Up-to-date symlink: /wb_humanoid_mpc_ws/install/ocs2_thirdparty/include/cppad/cg/dae_index_reduction/dae_structural_index_reduction.hpp
-- Up-to-date symlink: /wb_humanoid_mpc_ws/install/ocs2_thirdparty/include/cppad/cg/dae_index_reduction/dae_var_info.hpp
-- Up-to-date symlink: /wb_humanoid_mpc_ws/install/ocs2_thirdparty/include/cppad/cg/dae_index_reduction/dummy_deriv.hpp
-- Up-to-date symlink: /wb_humanoid_mpc_ws/install/ocs2_thirdparty/include/cppad/cg/dae_index_reduction/dummy_deriv_util.hpp
-- Up-to-date symlink: /wb_humanoid_mpc_ws/install/ocs2_thirdparty/include/cppad/cg/dae_index_reduction/pantelides.hpp
-- Up-to-date symlink: /wb_humanoid_mpc_ws/install/ocs2_thirdparty/include/cppad/cg/dae_index_reduction/simple_logger.hpp
-- Up-to-date symlink: /wb_humanoid_mpc_ws/install/ocs2_thirdparty/include/cppad/cg/dae_index_reduction/soares_secchi.hpp
-- Up-to-date symlink: /wb_humanoid_mpc_ws/install/ocs2_thirdparty/include/cppad/cg/dae_index_reduction/time_diff.hpp
-- Up-to-date symlink: /wb_humanoid_mpc_ws/install/ocs2_thirdparty/include/cppad/cg/debug.hpp
-- Up-to-date symlink: /wb_humanoid_mpc_ws/install/ocs2_thirdparty/include/cppad/cg/declare_cg.hpp
-- Up-to-date symlink: /wb_humanoid_mpc_ws/install/ocs2_thirdparty/include/cppad/cg/declare_cg_loops.hpp
-- Up-to-date symlink: /wb_humanoid_mpc_ws/install/ocs2_thirdparty/include/cppad/cg/default.hpp
-- Up-to-date symlink: /wb_humanoid_mpc_ws/install/ocs2_thirdparty/include/cppad/cg/epl-v10.txt
-- Up-to-date symlink: /wb_humanoid_mpc_ws/install/ocs2_thirdparty/include/cppad/cg/evaluator/evaluator.hpp
-- Up-to-date symlink: /wb_humanoid_mpc_ws/install/ocs2_thirdparty/include/cppad/cg/evaluator/evaluator_ad.hpp
-- Up-to-date symlink: /wb_humanoid_mpc_ws/install/ocs2_thirdparty/include/cppad/cg/evaluator/evaluator_adcg.hpp
-- Up-to-date symlink: /wb_humanoid_mpc_ws/install/ocs2_thirdparty/include/cppad/cg/evaluator/evaluator_adolc.hpp
-- Up-to-date symlink: /wb_humanoid_mpc_ws/install/ocs2_thirdparty/include/cppad/cg/evaluator/evaluator_cg.hpp
-- Up-to-date symlink: /wb_humanoid_mpc_ws/install/ocs2_thirdparty/include/cppad/cg/evaluator/evaluator_solve.hpp
-- Up-to-date symlink: /wb_humanoid_mpc_ws/install/ocs2_thirdparty/include/cppad/cg/exception.hpp
-- Up-to-date symlink: /wb_humanoid_mpc_ws/install/ocs2_thirdparty/include/cppad/cg/extra/declare_extra.hpp
-- Up-to-date symlink: /wb_humanoid_mpc_ws/install/ocs2_thirdparty/include/cppad/cg/extra/extra.hpp
-- Up-to-date symlink: /wb_humanoid_mpc_ws/install/ocs2_thirdparty/include/cppad/cg/extra/sparse_forjac_hessian.hpp
-- Up-to-date symlink: /wb_humanoid_mpc_ws/install/ocs2_thirdparty/include/cppad/cg/extra/sparsity.hpp
-- Up-to-date symlink: /wb_humanoid_mpc_ws/install/ocs2_thirdparty/include/cppad/cg/gpl3.txt
-- Up-to-date symlink: /wb_humanoid_mpc_ws/install/ocs2_thirdparty/include/cppad/cg/graph_mod.hpp
-- Up-to-date symlink: /wb_humanoid_mpc_ws/install/ocs2_thirdparty/include/cppad/cg/identical.hpp
-- Up-to-date symlink: /wb_humanoid_mpc_ws/install/ocs2_thirdparty/include/cppad/cg/job_timer.hpp
-- Up-to-date symlink: /wb_humanoid_mpc_ws/install/ocs2_thirdparty/include/cppad/cg/lang/c/lang_c_atomic_fun.hpp
-- Up-to-date symlink: /wb_humanoid_mpc_ws/install/ocs2_thirdparty/include/cppad/cg/lang/c/lang_c_custom_var_name_gen.hpp
-- Up-to-date symlink: /wb_humanoid_mpc_ws/install/ocs2_thirdparty/include/cppad/cg/lang/c/lang_c_default_hessian_var_name_gen.hpp
-- Up-to-date symlink: /wb_humanoid_mpc_ws/install/ocs2_thirdparty/include/cppad/cg/lang/c/lang_c_default_reverse2_var_name_gen.hpp
-- Up-to-date symlink: /wb_humanoid_mpc_ws/install/ocs2_thirdparty/include/cppad/cg/lang/c/lang_c_default_var_name_gen.hpp
-- Up-to-date symlink: /wb_humanoid_mpc_ws/install/ocs2_thirdparty/include/cppad/cg/lang/c/lang_c_util.hpp
-- Up-to-date symlink: /wb_humanoid_mpc_ws/install/ocs2_thirdparty/include/cppad/cg/lang/c/language_c.hpp
-- Up-to-date symlink: /wb_humanoid_mpc_ws/install/ocs2_thirdparty/include/cppad/cg/lang/c/language_c_arrays.hpp
-- Up-to-date symlink: /wb_humanoid_mpc_ws/install/ocs2_thirdparty/include/cppad/cg/lang/c/language_c_double.hpp
-- Up-to-date symlink: /wb_humanoid_mpc_ws/install/ocs2_thirdparty/include/cppad/cg/lang/c/language_c_float.hpp
-- Up-to-date symlink: /wb_humanoid_mpc_ws/install/ocs2_thirdparty/include/cppad/cg/lang/c/language_c_index_patterns.hpp
-- Up-to-date symlink: /wb_humanoid_mpc_ws/install/ocs2_thirdparty/include/cppad/cg/lang/c/language_c_loops.hpp
-- Up-to-date symlink: /wb_humanoid_mpc_ws/install/ocs2_thirdparty/include/cppad/cg/lang/dot/dot.hpp
-- Up-to-date symlink: /wb_humanoid_mpc_ws/install/ocs2_thirdparty/include/cppad/cg/lang/dot/dot_util.hpp
-- Up-to-date symlink: /wb_humanoid_mpc_ws/install/ocs2_thirdparty/include/cppad/cg/lang/dot/language_dot.hpp
-- Up-to-date symlink: /wb_humanoid_mpc_ws/install/ocs2_thirdparty/include/cppad/cg/lang/dot/language_dot_arrays.hpp
-- Up-to-date symlink: /wb_humanoid_mpc_ws/install/ocs2_thirdparty/include/cppad/cg/lang/dot/language_dot_index_patterns.hpp
-- Up-to-date symlink: /wb_humanoid_mpc_ws/install/ocs2_thirdparty/include/cppad/cg/lang/lang_stream_stack.hpp
-- Up-to-date symlink: /wb_humanoid_mpc_ws/install/ocs2_thirdparty/include/cppad/cg/lang/language.hpp
-- Up-to-date symlink: /wb_humanoid_mpc_ws/install/ocs2_thirdparty/include/cppad/cg/lang/latex/lang_latex_custom_var_name_gen.hpp
-- Up-to-date symlink: /wb_humanoid_mpc_ws/install/ocs2_thirdparty/include/cppad/cg/lang/latex/lang_latex_default_var_name_gen.hpp
-- Up-to-date symlink: /wb_humanoid_mpc_ws/install/ocs2_thirdparty/include/cppad/cg/lang/latex/language_latex.hpp
-- Up-to-date symlink: /wb_humanoid_mpc_ws/install/ocs2_thirdparty/include/cppad/cg/lang/latex/language_latex_arrays.hpp
-- Up-to-date symlink: /wb_humanoid_mpc_ws/install/ocs2_thirdparty/include/cppad/cg/lang/latex/language_latex_index_patterns.hpp
-- Up-to-date symlink: /wb_humanoid_mpc_ws/install/ocs2_thirdparty/include/cppad/cg/lang/latex/latex.hpp
-- Up-to-date symlink: /wb_humanoid_mpc_ws/install/ocs2_thirdparty/include/cppad/cg/lang/mathml/lang_mathml_custom_var_name_gen.hpp
-- Up-to-date symlink: /wb_humanoid_mpc_ws/install/ocs2_thirdparty/include/cppad/cg/lang/mathml/lang_mathml_default_var_name_gen.hpp
-- Up-to-date symlink: /wb_humanoid_mpc_ws/install/ocs2_thirdparty/include/cppad/cg/lang/mathml/language_mathml.hpp
-- Up-to-date symlink: /wb_humanoid_mpc_ws/install/ocs2_thirdparty/include/cppad/cg/lang/mathml/language_mathml_arrays.hpp
-- Up-to-date symlink: /wb_humanoid_mpc_ws/install/ocs2_thirdparty/include/cppad/cg/lang/mathml/language_mathml_index_patterns.hpp
-- Up-to-date symlink: /wb_humanoid_mpc_ws/install/ocs2_thirdparty/include/cppad/cg/lang/mathml/mathml.hpp
-- Up-to-date symlink: /wb_humanoid_mpc_ws/install/ocs2_thirdparty/include/cppad/cg/math.hpp
-- Up-to-date symlink: /wb_humanoid_mpc_ws/install/ocs2_thirdparty/include/cppad/cg/math_other.hpp
-- Up-to-date symlink: /wb_humanoid_mpc_ws/install/ocs2_thirdparty/include/cppad/cg/model/atomic_external_function_wrapper.hpp
-- Up-to-date symlink: /wb_humanoid_mpc_ws/install/ocs2_thirdparty/include/cppad/cg/model/atomic_generic_model.hpp
-- Up-to-date symlink: /wb_humanoid_mpc_ws/install/ocs2_thirdparty/include/cppad/cg/model/compiler/abstract_c_compiler.hpp
-- Up-to-date symlink: /wb_humanoid_mpc_ws/install/ocs2_thirdparty/include/cppad/cg/model/compiler/c_compiler.hpp
-- Up-to-date symlink: /wb_humanoid_mpc_ws/install/ocs2_thirdparty/include/cppad/cg/model/compiler/clang_compiler.hpp
-- Up-to-date symlink: /wb_humanoid_mpc_ws/install/ocs2_thirdparty/include/cppad/cg/model/compiler/gcc_compiler.hpp
-- Up-to-date symlink: /wb_humanoid_mpc_ws/install/ocs2_thirdparty/include/cppad/cg/model/dynamic_lib/ar_archiver.hpp
-- Up-to-date symlink: /wb_humanoid_mpc_ws/install/ocs2_thirdparty/include/cppad/cg/model/dynamic_lib/archiver.hpp
-- Up-to-date symlink: /wb_humanoid_mpc_ws/install/ocs2_thirdparty/include/cppad/cg/model/dynamic_lib/dynamic_library_processor.hpp
-- Up-to-date symlink: /wb_humanoid_mpc_ws/install/ocs2_thirdparty/include/cppad/cg/model/dynamic_lib/dynamiclib.hpp
-- Up-to-date symlink: /wb_humanoid_mpc_ws/install/ocs2_thirdparty/include/cppad/cg/model/dynamic_lib/linux/linux_dynamic_model_library_processor.hpp
-- Up-to-date symlink: /wb_humanoid_mpc_ws/install/ocs2_thirdparty/include/cppad/cg/model/dynamic_lib/linux/linux_dynamiclib.hpp
-- Up-to-date symlink: /wb_humanoid_mpc_ws/install/ocs2_thirdparty/include/cppad/cg/model/dynamic_lib/linux/linux_dynamiclib_model.hpp
-- Up-to-date symlink: /wb_humanoid_mpc_ws/install/ocs2_thirdparty/include/cppad/cg/model/external_function_wrapper.hpp
-- Up-to-date symlink: /wb_humanoid_mpc_ws/install/ocs2_thirdparty/include/cppad/cg/model/functor_generic_model.hpp
-- Up-to-date symlink: /wb_humanoid_mpc_ws/install/ocs2_thirdparty/include/cppad/cg/model/functor_model_library.hpp
-- Up-to-date symlink: /wb_humanoid_mpc_ws/install/ocs2_thirdparty/include/cppad/cg/model/generic_model.hpp
-- Up-to-date symlink: /wb_humanoid_mpc_ws/install/ocs2_thirdparty/include/cppad/cg/model/generic_model_external_function_wrapper.hpp
-- Up-to-date symlink: /wb_humanoid_mpc_ws/install/ocs2_thirdparty/include/cppad/cg/model/llvm/llvm.hpp
-- Up-to-date symlink: /wb_humanoid_mpc_ws/install/ocs2_thirdparty/include/cppad/cg/model/llvm/llvm_base_model_library_processor.hpp
-- Up-to-date symlink: /wb_humanoid_mpc_ws/install/ocs2_thirdparty/include/cppad/cg/model/llvm/llvm_model.hpp
-- Up-to-date symlink: /wb_humanoid_mpc_ws/install/ocs2_thirdparty/include/cppad/cg/model/llvm/llvm_model_library.hpp
-- Up-to-date symlink: /wb_humanoid_mpc_ws/install/ocs2_thirdparty/include/cppad/cg/model/llvm/v3_2/llvm3_2.hpp
-- Up-to-date symlink: /wb_humanoid_mpc_ws/install/ocs2_thirdparty/include/cppad/cg/model/llvm/v3_2/llvm_model_library_3_2.hpp
-- Up-to-date symlink: /wb_humanoid_mpc_ws/install/ocs2_thirdparty/include/cppad/cg/model/llvm/v3_2/llvm_model_library_processor.hpp
-- Up-to-date symlink: /wb_humanoid_mpc_ws/install/ocs2_thirdparty/include/cppad/cg/model/llvm/v3_4/llvm3_4.hpp
-- Up-to-date symlink: /wb_humanoid_mpc_ws/install/ocs2_thirdparty/include/cppad/cg/model/llvm/v3_4/llvm_model_library_3_4.hpp
-- Up-to-date symlink: /wb_humanoid_mpc_ws/install/ocs2_thirdparty/include/cppad/cg/model/llvm/v3_4/llvm_model_library_processor.hpp
-- Up-to-date symlink: /wb_humanoid_mpc_ws/install/ocs2_thirdparty/include/cppad/cg/model/llvm/v3_6/llvm3_6.hpp
-- Up-to-date symlink: /wb_humanoid_mpc_ws/install/ocs2_thirdparty/include/cppad/cg/model/llvm/v3_6/llvm_model_library_3_6.hpp
-- Up-to-date symlink: /wb_humanoid_mpc_ws/install/ocs2_thirdparty/include/cppad/cg/model/llvm/v3_6/llvm_model_library_processor.hpp
-- Up-to-date symlink: /wb_humanoid_mpc_ws/install/ocs2_thirdparty/include/cppad/cg/model/llvm/v3_8/llvm3_8.hpp
-- Up-to-date symlink: /wb_humanoid_mpc_ws/install/ocs2_thirdparty/include/cppad/cg/model/llvm/v3_8/llvm_model_library_3_8.hpp
-- Up-to-date symlink: /wb_humanoid_mpc_ws/install/ocs2_thirdparty/include/cppad/cg/model/llvm/v3_8/llvm_model_library_processor.hpp
-- Up-to-date symlink: /wb_humanoid_mpc_ws/install/ocs2_thirdparty/include/cppad/cg/model/llvm/v4_0/llvm4_0.hpp
-- Up-to-date symlink: /wb_humanoid_mpc_ws/install/ocs2_thirdparty/include/cppad/cg/model/llvm/v4_0/llvm_model_library_4_0.hpp
-- Up-to-date symlink: /wb_humanoid_mpc_ws/install/ocs2_thirdparty/include/cppad/cg/model/llvm/v4_0/llvm_model_library_processor.hpp
-- Up-to-date symlink: /wb_humanoid_mpc_ws/install/ocs2_thirdparty/include/cppad/cg/model/llvm/v5_0/llvm5_0.hpp
-- Up-to-date symlink: /wb_humanoid_mpc_ws/install/ocs2_thirdparty/include/cppad/cg/model/llvm/v5_0/llvm_base_model_library_processor_impl.hpp
-- Up-to-date symlink: /wb_humanoid_mpc_ws/install/ocs2_thirdparty/include/cppad/cg/model/llvm/v5_0/llvm_model_library_impl.hpp
-- Up-to-date symlink: /wb_humanoid_mpc_ws/install/ocs2_thirdparty/include/cppad/cg/model/llvm/v5_0/llvm_model_library_processor.hpp
-- Up-to-date symlink: /wb_humanoid_mpc_ws/install/ocs2_thirdparty/include/cppad/cg/model/llvm/v6_0/llvm6_0.hpp
-- Up-to-date symlink: /wb_humanoid_mpc_ws/install/ocs2_thirdparty/include/cppad/cg/model/llvm/v6_0/llvm_model_library_processor.hpp
-- Up-to-date symlink: /wb_humanoid_mpc_ws/install/ocs2_thirdparty/include/cppad/cg/model/llvm/v7_0/llvm7_0.hpp
-- Up-to-date symlink: /wb_humanoid_mpc_ws/install/ocs2_thirdparty/include/cppad/cg/model/llvm/v7_0/llvm_model_library_processor.hpp
-- Up-to-date symlink: /wb_humanoid_mpc_ws/install/ocs2_thirdparty/include/cppad/cg/model/llvm/v8_0/llvm8_0.hpp
-- Up-to-date symlink: /wb_humanoid_mpc_ws/install/ocs2_thirdparty/include/cppad/cg/model/llvm/v8_0/llvm_model_library_processor.hpp
-- Up-to-date symlink: /wb_humanoid_mpc_ws/install/ocs2_thirdparty/include/cppad/cg/model/model_c_source_gen.hpp
-- Up-to-date symlink: /wb_humanoid_mpc_ws/install/ocs2_thirdparty/include/cppad/cg/model/model_c_source_gen_for0.hpp
-- Up-to-date symlink: /wb_humanoid_mpc_ws/install/ocs2_thirdparty/include/cppad/cg/model/model_c_source_gen_for1.hpp
-- Up-to-date symlink: /wb_humanoid_mpc_ws/install/ocs2_thirdparty/include/cppad/cg/model/model_c_source_gen_hes.hpp
-- Up-to-date symlink: /wb_humanoid_mpc_ws/install/ocs2_thirdparty/include/cppad/cg/model/model_c_source_gen_impl.hpp
-- Up-to-date symlink: /wb_humanoid_mpc_ws/install/ocs2_thirdparty/include/cppad/cg/model/model_c_source_gen_jac.hpp
-- Up-to-date symlink: /wb_humanoid_mpc_ws/install/ocs2_thirdparty/include/cppad/cg/model/model_c_source_gen_rev1.hpp
-- Up-to-date symlink: /wb_humanoid_mpc_ws/install/ocs2_thirdparty/include/cppad/cg/model/model_c_source_gen_rev2.hpp
-- Up-to-date symlink: /wb_humanoid_mpc_ws/install/ocs2_thirdparty/include/cppad/cg/model/model_library.hpp
-- Up-to-date symlink: /wb_humanoid_mpc_ws/install/ocs2_thirdparty/include/cppad/cg/model/model_library_c_source_gen.hpp
-- Up-to-date symlink: /wb_humanoid_mpc_ws/install/ocs2_thirdparty/include/cppad/cg/model/model_library_c_source_gen_impl.hpp
-- Up-to-date symlink: /wb_humanoid_mpc_ws/install/ocs2_thirdparty/include/cppad/cg/model/model_library_processor.hpp
-- Up-to-date symlink: /wb_humanoid_mpc_ws/install/ocs2_thirdparty/include/cppad/cg/model/patterns/hessian_with_loops_info.hpp
-- Up-to-date symlink: /wb_humanoid_mpc_ws/install/ocs2_thirdparty/include/cppad/cg/model/patterns/model_c_source_gen_loops.hpp
-- Up-to-date symlink: /wb_humanoid_mpc_ws/install/ocs2_thirdparty/include/cppad/cg/model/patterns/model_c_source_gen_loops_for0.hpp
-- Up-to-date symlink: /wb_humanoid_mpc_ws/install/ocs2_thirdparty/include/cppad/cg/model/patterns/model_c_source_gen_loops_for1.hpp
-- Up-to-date symlink: /wb_humanoid_mpc_ws/install/ocs2_thirdparty/include/cppad/cg/model/patterns/model_c_source_gen_loops_hess.hpp
-- Up-to-date symlink: /wb_humanoid_mpc_ws/install/ocs2_thirdparty/include/cppad/cg/model/patterns/model_c_source_gen_loops_hess_r2.hpp
-- Up-to-date symlink: /wb_humanoid_mpc_ws/install/ocs2_thirdparty/include/cppad/cg/model/patterns/model_c_source_gen_loops_jac.hpp
-- Up-to-date symlink: /wb_humanoid_mpc_ws/install/ocs2_thirdparty/include/cppad/cg/model/patterns/model_c_source_gen_loops_jac_fr1.hpp
-- Up-to-date symlink: /wb_humanoid_mpc_ws/install/ocs2_thirdparty/include/cppad/cg/model/patterns/model_c_source_gen_loops_rev1.hpp
-- Up-to-date symlink: /wb_humanoid_mpc_ws/install/ocs2_thirdparty/include/cppad/cg/model/patterns/model_c_source_gen_loops_rev2.hpp
-- Up-to-date symlink: /wb_humanoid_mpc_ws/install/ocs2_thirdparty/include/cppad/cg/model/save_files_model_library_processor.hpp
-- Up-to-date symlink: /wb_humanoid_mpc_ws/install/ocs2_thirdparty/include/cppad/cg/model/system/linux_system.hpp
-- Up-to-date symlink: /wb_humanoid_mpc_ws/install/ocs2_thirdparty/include/cppad/cg/model/system/system.hpp
-- Up-to-date symlink: /wb_humanoid_mpc_ws/install/ocs2_thirdparty/include/cppad/cg/model/threadpool/multi_threading_type.hpp
-- Up-to-date symlink: /wb_humanoid_mpc_ws/install/ocs2_thirdparty/include/cppad/cg/model/threadpool/openmp_c.hpp
-- Up-to-date symlink: /wb_humanoid_mpc_ws/install/ocs2_thirdparty/include/cppad/cg/model/threadpool/openmp_h.hpp
-- Up-to-date symlink: /wb_humanoid_mpc_ws/install/ocs2_thirdparty/include/cppad/cg/model/threadpool/pthread_pool_c.hpp
-- Up-to-date symlink: /wb_humanoid_mpc_ws/install/ocs2_thirdparty/include/cppad/cg/model/threadpool/pthread_pool_h.hpp
-- Up-to-date symlink: /wb_humanoid_mpc_ws/install/ocs2_thirdparty/include/cppad/cg/model/threadpool/thread_pool_schedule_strategy.hpp
-- Up-to-date symlink: /wb_humanoid_mpc_ws/install/ocs2_thirdparty/include/cppad/cg/nan.hpp
-- Up-to-date symlink: /wb_humanoid_mpc_ws/install/ocs2_thirdparty/include/cppad/cg/nodes/index_assign_operation_node.hpp
-- Up-to-date symlink: /wb_humanoid_mpc_ws/install/ocs2_thirdparty/include/cppad/cg/nodes/index_operation_node.hpp
-- Up-to-date symlink: /wb_humanoid_mpc_ws/install/ocs2_thirdparty/include/cppad/cg/nodes/loop_end_operation_node.hpp
-- Up-to-date symlink: /wb_humanoid_mpc_ws/install/ocs2_thirdparty/include/cppad/cg/nodes/loop_start_operation_node.hpp
-- Up-to-date symlink: /wb_humanoid_mpc_ws/install/ocs2_thirdparty/include/cppad/cg/nodes/print_operation_node.hpp
-- Up-to-date symlink: /wb_humanoid_mpc_ws/install/ocs2_thirdparty/include/cppad/cg/operation.hpp
-- Up-to-date symlink: /wb_humanoid_mpc_ws/install/ocs2_thirdparty/include/cppad/cg/operation_node.hpp
-- Up-to-date symlink: /wb_humanoid_mpc_ws/install/ocs2_thirdparty/include/cppad/cg/operation_node_name_streambuf.hpp
-- Up-to-date symlink: /wb_humanoid_mpc_ws/install/ocs2_thirdparty/include/cppad/cg/operation_path.hpp
-- Up-to-date symlink: /wb_humanoid_mpc_ws/install/ocs2_thirdparty/include/cppad/cg/operation_path_node.hpp
-- Up-to-date symlink: /wb_humanoid_mpc_ws/install/ocs2_thirdparty/include/cppad/cg/operation_stack.hpp
-- Up-to-date symlink: /wb_humanoid_mpc_ws/install/ocs2_thirdparty/include/cppad/cg/ordered.hpp
-- Up-to-date symlink: /wb_humanoid_mpc_ws/install/ocs2_thirdparty/include/cppad/cg/ostream_config_restore.hpp
-- Up-to-date symlink: /wb_humanoid_mpc_ws/install/ocs2_thirdparty/include/cppad/cg/patterns/dependent_pattern_matcher.hpp
-- Up-to-date symlink: /wb_humanoid_mpc_ws/install/ocs2_thirdparty/include/cppad/cg/patterns/equation_group.hpp
-- Up-to-date symlink: /wb_humanoid_mpc_ws/install/ocs2_thirdparty/include/cppad/cg/patterns/equation_pattern.hpp
-- Up-to-date symlink: /wb_humanoid_mpc_ws/install/ocs2_thirdparty/include/cppad/cg/patterns/independent_node_sorter.hpp
-- Up-to-date symlink: /wb_humanoid_mpc_ws/install/ocs2_thirdparty/include/cppad/cg/patterns/index/index_pattern.hpp
-- Up-to-date symlink: /wb_humanoid_mpc_ws/install/ocs2_thirdparty/include/cppad/cg/patterns/index/index_pattern_impl.hpp
-- Up-to-date symlink: /wb_humanoid_mpc_ws/install/ocs2_thirdparty/include/cppad/cg/patterns/index/linear_index_pattern.hpp
-- Up-to-date symlink: /wb_humanoid_mpc_ws/install/ocs2_thirdparty/include/cppad/cg/patterns/index/plane_2d_index_pattern.hpp
-- Up-to-date symlink: /wb_humanoid_mpc_ws/install/ocs2_thirdparty/include/cppad/cg/patterns/index/random_1d_index_pattern.hpp
-- Up-to-date symlink: /wb_humanoid_mpc_ws/install/ocs2_thirdparty/include/cppad/cg/patterns/index/random_2d_index_pattern.hpp
-- Up-to-date symlink: /wb_humanoid_mpc_ws/install/ocs2_thirdparty/include/cppad/cg/patterns/index/random_index_pattern.hpp
-- Up-to-date symlink: /wb_humanoid_mpc_ws/install/ocs2_thirdparty/include/cppad/cg/patterns/index/sectioned_index_pattern.hpp
-- Up-to-date symlink: /wb_humanoid_mpc_ws/install/ocs2_thirdparty/include/cppad/cg/patterns/iter_equation_group.hpp
-- Up-to-date symlink: /wb_humanoid_mpc_ws/install/ocs2_thirdparty/include/cppad/cg/patterns/loop.hpp
-- Up-to-date symlink: /wb_humanoid_mpc_ws/install/ocs2_thirdparty/include/cppad/cg/patterns/loop_free_model.hpp
-- Up-to-date symlink: /wb_humanoid_mpc_ws/install/ocs2_thirdparty/include/cppad/cg/patterns/loop_model.hpp
-- Up-to-date symlink: /wb_humanoid_mpc_ws/install/ocs2_thirdparty/include/cppad/cg/patterns/loop_position.hpp
-- Up-to-date symlink: /wb_humanoid_mpc_ws/install/ocs2_thirdparty/include/cppad/cg/range.hpp
-- Up-to-date symlink: /wb_humanoid_mpc_ws/install/ocs2_thirdparty/include/cppad/cg/scope_path_element.hpp
-- Up-to-date symlink: /wb_humanoid_mpc_ws/install/ocs2_thirdparty/include/cppad/cg/smart_containers.hpp
-- Up-to-date symlink: /wb_humanoid_mpc_ws/install/ocs2_thirdparty/include/cppad/cg/solver.hpp
-- Up-to-date symlink: /wb_humanoid_mpc_ws/install/ocs2_thirdparty/include/cppad/cg/support/cppadcg_eigen.hpp
-- Up-to-date symlink: /wb_humanoid_mpc_ws/install/ocs2_thirdparty/include/cppad/cg/unary.hpp
-- Up-to-date symlink: /wb_humanoid_mpc_ws/install/ocs2_thirdparty/include/cppad/cg/util.hpp
-- Up-to-date symlink: /wb_humanoid_mpc_ws/install/ocs2_thirdparty/include/cppad/cg/variable.hpp
-- Up-to-date symlink: /wb_humanoid_mpc_ws/install/ocs2_thirdparty/include/cppad/cg/variable_name_generator.hpp
-- Up-to-date symlink: /wb_humanoid_mpc_ws/install/ocs2_thirdparty/include/cppad/configure.hpp
-- Up-to-date symlink: /wb_humanoid_mpc_ws/install/ocs2_thirdparty/include/cppad/core/abort_recording.hpp
-- Up-to-date symlink: /wb_humanoid_mpc_ws/install/ocs2_thirdparty/include/cppad/core/abs.hpp
-- Up-to-date symlink: /wb_humanoid_mpc_ws/install/ocs2_thirdparty/include/cppad/core/abs_normal_fun.hpp
-- Up-to-date symlink: /wb_humanoid_mpc_ws/install/ocs2_thirdparty/include/cppad/core/acosh.hpp
-- Up-to-date symlink: /wb_humanoid_mpc_ws/install/ocs2_thirdparty/include/cppad/core/ad.hpp
-- Up-to-date symlink: /wb_humanoid_mpc_ws/install/ocs2_thirdparty/include/cppad/core/ad_assign.hpp
-- Up-to-date symlink: /wb_humanoid_mpc_ws/install/ocs2_thirdparty/include/cppad/core/ad_binary.hpp
-- Up-to-date symlink: /wb_humanoid_mpc_ws/install/ocs2_thirdparty/include/cppad/core/ad_ctor.hpp
-- Up-to-date symlink: /wb_humanoid_mpc_ws/install/ocs2_thirdparty/include/cppad/core/ad_fun.hpp
-- Up-to-date symlink: /wb_humanoid_mpc_ws/install/ocs2_thirdparty/include/cppad/core/ad_io.hpp
-- Up-to-date symlink: /wb_humanoid_mpc_ws/install/ocs2_thirdparty/include/cppad/core/ad_to_string.hpp
-- Up-to-date symlink: /wb_humanoid_mpc_ws/install/ocs2_thirdparty/include/cppad/core/ad_type.hpp
-- Up-to-date symlink: /wb_humanoid_mpc_ws/install/ocs2_thirdparty/include/cppad/core/ad_valued.hpp
-- Up-to-date symlink: /wb_humanoid_mpc_ws/install/ocs2_thirdparty/include/cppad/core/add.hpp
-- Up-to-date symlink: /wb_humanoid_mpc_ws/install/ocs2_thirdparty/include/cppad/core/add_eq.hpp
-- Up-to-date symlink: /wb_humanoid_mpc_ws/install/ocs2_thirdparty/include/cppad/core/arithmetic.hpp
-- Up-to-date symlink: /wb_humanoid_mpc_ws/install/ocs2_thirdparty/include/cppad/core/asinh.hpp
-- Up-to-date symlink: /wb_humanoid_mpc_ws/install/ocs2_thirdparty/include/cppad/core/atan2.hpp
-- Up-to-date symlink: /wb_humanoid_mpc_ws/install/ocs2_thirdparty/include/cppad/core/atanh.hpp
-- Up-to-date symlink: /wb_humanoid_mpc_ws/install/ocs2_thirdparty/include/cppad/core/atomic/atomic_one.hpp
-- Up-to-date symlink: /wb_humanoid_mpc_ws/install/ocs2_thirdparty/include/cppad/core/atomic/atomic_three.hpp
-- Up-to-date symlink: /wb_humanoid_mpc_ws/install/ocs2_thirdparty/include/cppad/core/atomic/atomic_two.hpp
-- Up-to-date symlink: /wb_humanoid_mpc_ws/install/ocs2_thirdparty/include/cppad/core/atomic/three_afun.hpp
-- Up-to-date symlink: /wb_humanoid_mpc_ws/install/ocs2_thirdparty/include/cppad/core/atomic/three_ctor.hpp
-- Up-to-date symlink: /wb_humanoid_mpc_ws/install/ocs2_thirdparty/include/cppad/core/atomic/three_for_type.hpp
-- Up-to-date symlink: /wb_humanoid_mpc_ws/install/ocs2_thirdparty/include/cppad/core/atomic/three_forward.hpp
-- Up-to-date symlink: /wb_humanoid_mpc_ws/install/ocs2_thirdparty/include/cppad/core/atomic/three_hes_sparsity.hpp
-- Up-to-date symlink: /wb_humanoid_mpc_ws/install/ocs2_thirdparty/include/cppad/core/atomic/three_jac_sparsity.hpp
-- Up-to-date symlink: /wb_humanoid_mpc_ws/install/ocs2_thirdparty/include/cppad/core/atomic/three_rev_depend.hpp
-- Up-to-date symlink: /wb_humanoid_mpc_ws/install/ocs2_thirdparty/include/cppad/core/atomic/three_reverse.hpp
-- Up-to-date symlink: /wb_humanoid_mpc_ws/install/ocs2_thirdparty/include/cppad/core/atomic/two_afun.hpp
-- Up-to-date symlink: /wb_humanoid_mpc_ws/install/ocs2_thirdparty/include/cppad/core/atomic/two_clear.hpp
-- Up-to-date symlink: /wb_humanoid_mpc_ws/install/ocs2_thirdparty/include/cppad/core/atomic/two_ctor.hpp
-- Up-to-date symlink: /wb_humanoid_mpc_ws/install/ocs2_thirdparty/include/cppad/core/atomic/two_for_sparse_hes.hpp
-- Up-to-date symlink: /wb_humanoid_mpc_ws/install/ocs2_thirdparty/include/cppad/core/atomic/two_for_sparse_jac.hpp
-- Up-to-date symlink: /wb_humanoid_mpc_ws/install/ocs2_thirdparty/include/cppad/core/atomic/two_forward.hpp
-- Up-to-date symlink: /wb_humanoid_mpc_ws/install/ocs2_thirdparty/include/cppad/core/atomic/two_option.hpp
-- Up-to-date symlink: /wb_humanoid_mpc_ws/install/ocs2_thirdparty/include/cppad/core/atomic/two_rev_depend.hpp
-- Up-to-date symlink: /wb_humanoid_mpc_ws/install/ocs2_thirdparty/include/cppad/core/atomic/two_rev_sparse_hes.hpp
-- Up-to-date symlink: /wb_humanoid_mpc_ws/install/ocs2_thirdparty/include/cppad/core/atomic/two_rev_sparse_jac.hpp
-- Up-to-date symlink: /wb_humanoid_mpc_ws/install/ocs2_thirdparty/include/cppad/core/atomic/two_reverse.hpp
-- Up-to-date symlink: /wb_humanoid_mpc_ws/install/ocs2_thirdparty/include/cppad/core/azmul.hpp
-- Up-to-date symlink: /wb_humanoid_mpc_ws/install/ocs2_thirdparty/include/cppad/core/base2ad.hpp
-- Up-to-date symlink: /wb_humanoid_mpc_ws/install/ocs2_thirdparty/include/cppad/core/base_complex.hpp
-- Up-to-date symlink: /wb_humanoid_mpc_ws/install/ocs2_thirdparty/include/cppad/core/base_cond_exp.hpp
-- Up-to-date symlink: /wb_humanoid_mpc_ws/install/ocs2_thirdparty/include/cppad/core/base_double.hpp
-- Up-to-date symlink: /wb_humanoid_mpc_ws/install/ocs2_thirdparty/include/cppad/core/base_float.hpp
-- Up-to-date symlink: /wb_humanoid_mpc_ws/install/ocs2_thirdparty/include/cppad/core/base_hash.hpp
-- Up-to-date symlink: /wb_humanoid_mpc_ws/install/ocs2_thirdparty/include/cppad/core/base_limits.hpp
-- Up-to-date symlink: /wb_humanoid_mpc_ws/install/ocs2_thirdparty/include/cppad/core/base_std_math.hpp
-- Up-to-date symlink: /wb_humanoid_mpc_ws/install/ocs2_thirdparty/include/cppad/core/base_to_string.hpp
-- Up-to-date symlink: /wb_humanoid_mpc_ws/install/ocs2_thirdparty/include/cppad/core/bender_quad.hpp
-- Up-to-date symlink: /wb_humanoid_mpc_ws/install/ocs2_thirdparty/include/cppad/core/bool_fun.hpp
-- Up-to-date symlink: /wb_humanoid_mpc_ws/install/ocs2_thirdparty/include/cppad/core/bool_valued.hpp
-- Up-to-date symlink: /wb_humanoid_mpc_ws/install/ocs2_thirdparty/include/cppad/core/capacity_order.hpp
-- Up-to-date symlink: /wb_humanoid_mpc_ws/install/ocs2_thirdparty/include/cppad/core/check_for_nan.hpp
-- Up-to-date symlink: /wb_humanoid_mpc_ws/install/ocs2_thirdparty/include/cppad/core/chkpoint_one/chkpoint_one.hpp
-- Up-to-date symlink: /wb_humanoid_mpc_ws/install/ocs2_thirdparty/include/cppad/core/chkpoint_one/ctor.hpp
-- Up-to-date symlink: /wb_humanoid_mpc_ws/install/ocs2_thirdparty/include/cppad/core/chkpoint_one/for_sparse_jac.hpp
-- Up-to-date symlink: /wb_humanoid_mpc_ws/install/ocs2_thirdparty/include/cppad/core/chkpoint_one/forward.hpp
-- Up-to-date symlink: /wb_humanoid_mpc_ws/install/ocs2_thirdparty/include/cppad/core/chkpoint_one/rev_sparse_hes.hpp
-- Up-to-date symlink: /wb_humanoid_mpc_ws/install/ocs2_thirdparty/include/cppad/core/chkpoint_one/rev_sparse_jac.hpp
-- Up-to-date symlink: /wb_humanoid_mpc_ws/install/ocs2_thirdparty/include/cppad/core/chkpoint_one/reverse.hpp
-- Up-to-date symlink: /wb_humanoid_mpc_ws/install/ocs2_thirdparty/include/cppad/core/chkpoint_one/set_hes_sparse_bool.hpp
-- Up-to-date symlink: /wb_humanoid_mpc_ws/install/ocs2_thirdparty/include/cppad/core/chkpoint_one/set_hes_sparse_set.hpp
-- Up-to-date symlink: /wb_humanoid_mpc_ws/install/ocs2_thirdparty/include/cppad/core/chkpoint_one/set_jac_sparse_bool.hpp
-- Up-to-date symlink: /wb_humanoid_mpc_ws/install/ocs2_thirdparty/include/cppad/core/chkpoint_one/set_jac_sparse_set.hpp
-- Up-to-date symlink: /wb_humanoid_mpc_ws/install/ocs2_thirdparty/include/cppad/core/chkpoint_two/chkpoint_two.hpp
-- Up-to-date symlink: /wb_humanoid_mpc_ws/install/ocs2_thirdparty/include/cppad/core/chkpoint_two/ctor.hpp
-- Up-to-date symlink: /wb_humanoid_mpc_ws/install/ocs2_thirdparty/include/cppad/core/chkpoint_two/dynamic.hpp
-- Up-to-date symlink: /wb_humanoid_mpc_ws/install/ocs2_thirdparty/include/cppad/core/chkpoint_two/for_type.hpp
-- Up-to-date symlink: /wb_humanoid_mpc_ws/install/ocs2_thirdparty/include/cppad/core/chkpoint_two/forward.hpp
-- Up-to-date symlink: /wb_humanoid_mpc_ws/install/ocs2_thirdparty/include/cppad/core/chkpoint_two/hes_sparsity.hpp
-- Up-to-date symlink: /wb_humanoid_mpc_ws/install/ocs2_thirdparty/include/cppad/core/chkpoint_two/jac_sparsity.hpp
-- Up-to-date symlink: /wb_humanoid_mpc_ws/install/ocs2_thirdparty/include/cppad/core/chkpoint_two/rev_depend.hpp
-- Up-to-date symlink: /wb_humanoid_mpc_ws/install/ocs2_thirdparty/include/cppad/core/chkpoint_two/reverse.hpp
-- Up-to-date symlink: /wb_humanoid_mpc_ws/install/ocs2_thirdparty/include/cppad/core/compare.hpp
-- Up-to-date symlink: /wb_humanoid_mpc_ws/install/ocs2_thirdparty/include/cppad/core/compound_assign.hpp
-- Up-to-date symlink: /wb_humanoid_mpc_ws/install/ocs2_thirdparty/include/cppad/core/con_dyn_var.hpp
-- Up-to-date symlink: /wb_humanoid_mpc_ws/install/ocs2_thirdparty/include/cppad/core/cond_exp.hpp
-- Up-to-date symlink: /wb_humanoid_mpc_ws/install/ocs2_thirdparty/include/cppad/core/convert.hpp
-- Up-to-date symlink: /wb_humanoid_mpc_ws/install/ocs2_thirdparty/include/cppad/core/cppad_assert.hpp
-- Up-to-date symlink: /wb_humanoid_mpc_ws/install/ocs2_thirdparty/include/cppad/core/dependent.hpp
-- Up-to-date symlink: /wb_humanoid_mpc_ws/install/ocs2_thirdparty/include/cppad/core/discrete.hpp
-- Up-to-date symlink: /wb_humanoid_mpc_ws/install/ocs2_thirdparty/include/cppad/core/div.hpp
-- Up-to-date symlink: /wb_humanoid_mpc_ws/install/ocs2_thirdparty/include/cppad/core/div_eq.hpp
-- Up-to-date symlink: /wb_humanoid_mpc_ws/install/ocs2_thirdparty/include/cppad/core/drivers.hpp
-- Up-to-date symlink: /wb_humanoid_mpc_ws/install/ocs2_thirdparty/include/cppad/core/epsilon.hpp
-- Up-to-date symlink: /wb_humanoid_mpc_ws/install/ocs2_thirdparty/include/cppad/core/equal_op_seq.hpp
-- Up-to-date symlink: /wb_humanoid_mpc_ws/install/ocs2_thirdparty/include/cppad/core/erf.hpp
-- Up-to-date symlink: /wb_humanoid_mpc_ws/install/ocs2_thirdparty/include/cppad/core/erfc.hpp
-- Up-to-date symlink: /wb_humanoid_mpc_ws/install/ocs2_thirdparty/include/cppad/core/expm1.hpp
-- Up-to-date symlink: /wb_humanoid_mpc_ws/install/ocs2_thirdparty/include/cppad/core/for_hes_sparsity.hpp
-- Up-to-date symlink: /wb_humanoid_mpc_ws/install/ocs2_thirdparty/include/cppad/core/for_jac_sparsity.hpp
-- Up-to-date symlink: /wb_humanoid_mpc_ws/install/ocs2_thirdparty/include/cppad/core/for_one.hpp
-- Up-to-date symlink: /wb_humanoid_mpc_ws/install/ocs2_thirdparty/include/cppad/core/for_sparse_hes.hpp
-- Up-to-date symlink: /wb_humanoid_mpc_ws/install/ocs2_thirdparty/include/cppad/core/for_sparse_jac.hpp
-- Up-to-date symlink: /wb_humanoid_mpc_ws/install/ocs2_thirdparty/include/cppad/core/for_two.hpp
-- Up-to-date symlink: /wb_humanoid_mpc_ws/install/ocs2_thirdparty/include/cppad/core/forward.hpp
-- Up-to-date symlink: /wb_humanoid_mpc_ws/install/ocs2_thirdparty/include/cppad/core/fun_check.hpp
-- Up-to-date symlink: /wb_humanoid_mpc_ws/install/ocs2_thirdparty/include/cppad/core/fun_construct.hpp
-- Up-to-date symlink: /wb_humanoid_mpc_ws/install/ocs2_thirdparty/include/cppad/core/fun_eval.hpp
-- Up-to-date symlink: /wb_humanoid_mpc_ws/install/ocs2_thirdparty/include/cppad/core/graph/cpp_graph.hpp
-- Up-to-date symlink: /wb_humanoid_mpc_ws/install/ocs2_thirdparty/include/cppad/core/graph/from_graph.hpp
-- Up-to-date symlink: /wb_humanoid_mpc_ws/install/ocs2_thirdparty/include/cppad/core/graph/from_json.hpp
-- Up-to-date symlink: /wb_humanoid_mpc_ws/install/ocs2_thirdparty/include/cppad/core/graph/graph_op_enum.hpp
-- Up-to-date symlink: /wb_humanoid_mpc_ws/install/ocs2_thirdparty/include/cppad/core/graph/to_graph.hpp
-- Up-to-date symlink: /wb_humanoid_mpc_ws/install/ocs2_thirdparty/include/cppad/core/graph/to_json.hpp
-- Up-to-date symlink: /wb_humanoid_mpc_ws/install/ocs2_thirdparty/include/cppad/core/hash_code.hpp
-- Up-to-date symlink: /wb_humanoid_mpc_ws/install/ocs2_thirdparty/include/cppad/core/hessian.hpp
-- Up-to-date symlink: /wb_humanoid_mpc_ws/install/ocs2_thirdparty/include/cppad/core/identical.hpp
-- Up-to-date symlink: /wb_humanoid_mpc_ws/install/ocs2_thirdparty/include/cppad/core/independent.hpp
-- Up-to-date symlink: /wb_humanoid_mpc_ws/install/ocs2_thirdparty/include/cppad/core/integer.hpp
-- Up-to-date symlink: /wb_humanoid_mpc_ws/install/ocs2_thirdparty/include/cppad/core/jacobian.hpp
-- Up-to-date symlink: /wb_humanoid_mpc_ws/install/ocs2_thirdparty/include/cppad/core/log1p.hpp
-- Up-to-date symlink: /wb_humanoid_mpc_ws/install/ocs2_thirdparty/include/cppad/core/lu_ratio.hpp
-- Up-to-date symlink: /wb_humanoid_mpc_ws/install/ocs2_thirdparty/include/cppad/core/mul.hpp
-- Up-to-date symlink: /wb_humanoid_mpc_ws/install/ocs2_thirdparty/include/cppad/core/mul_eq.hpp
-- Up-to-date symlink: /wb_humanoid_mpc_ws/install/ocs2_thirdparty/include/cppad/core/near_equal_ext.hpp
-- Up-to-date symlink: /wb_humanoid_mpc_ws/install/ocs2_thirdparty/include/cppad/core/new_dynamic.hpp
-- Up-to-date symlink: /wb_humanoid_mpc_ws/install/ocs2_thirdparty/include/cppad/core/num_skip.hpp
-- Up-to-date symlink: /wb_humanoid_mpc_ws/install/ocs2_thirdparty/include/cppad/core/numeric_limits.hpp
-- Up-to-date symlink: /wb_humanoid_mpc_ws/install/ocs2_thirdparty/include/cppad/core/omp_max_thread.hpp
-- Up-to-date symlink: /wb_humanoid_mpc_ws/install/ocs2_thirdparty/include/cppad/core/opt_val_hes.hpp
-- Up-to-date symlink: /wb_humanoid_mpc_ws/install/ocs2_thirdparty/include/cppad/core/optimize.hpp
-- Up-to-date symlink: /wb_humanoid_mpc_ws/install/ocs2_thirdparty/include/cppad/core/ordered.hpp
-- Up-to-date symlink: /wb_humanoid_mpc_ws/install/ocs2_thirdparty/include/cppad/core/parallel_ad.hpp
-- Up-to-date symlink: /wb_humanoid_mpc_ws/install/ocs2_thirdparty/include/cppad/core/pow.hpp
-- Up-to-date symlink: /wb_humanoid_mpc_ws/install/ocs2_thirdparty/include/cppad/core/print_for.hpp
-- Up-to-date symlink: /wb_humanoid_mpc_ws/install/ocs2_thirdparty/include/cppad/core/rev_hes_sparsity.hpp
-- Up-to-date symlink: /wb_humanoid_mpc_ws/install/ocs2_thirdparty/include/cppad/core/rev_jac_sparsity.hpp
-- Up-to-date symlink: /wb_humanoid_mpc_ws/install/ocs2_thirdparty/include/cppad/core/rev_one.hpp
-- Up-to-date symlink: /wb_humanoid_mpc_ws/install/ocs2_thirdparty/include/cppad/core/rev_sparse_hes.hpp
-- Up-to-date symlink: /wb_humanoid_mpc_ws/install/ocs2_thirdparty/include/cppad/core/rev_sparse_jac.hpp
-- Up-to-date symlink: /wb_humanoid_mpc_ws/install/ocs2_thirdparty/include/cppad/core/rev_two.hpp
-- Up-to-date symlink: /wb_humanoid_mpc_ws/install/ocs2_thirdparty/include/cppad/core/reverse.hpp
-- Up-to-date symlink: /wb_humanoid_mpc_ws/install/ocs2_thirdparty/include/cppad/core/sign.hpp
-- Up-to-date symlink: /wb_humanoid_mpc_ws/install/ocs2_thirdparty/include/cppad/core/sparse.hpp
-- Up-to-date symlink: /wb_humanoid_mpc_ws/install/ocs2_thirdparty/include/cppad/core/sparse_hes.hpp
-- Up-to-date symlink: /wb_humanoid_mpc_ws/install/ocs2_thirdparty/include/cppad/core/sparse_hessian.hpp
-- Up-to-date symlink: /wb_humanoid_mpc_ws/install/ocs2_thirdparty/include/cppad/core/sparse_jac.hpp
-- Up-to-date symlink: /wb_humanoid_mpc_ws/install/ocs2_thirdparty/include/cppad/core/sparse_jacobian.hpp
-- Up-to-date symlink: /wb_humanoid_mpc_ws/install/ocs2_thirdparty/include/cppad/core/standard_math.hpp
-- Up-to-date symlink: /wb_humanoid_mpc_ws/install/ocs2_thirdparty/include/cppad/core/std_math_98.hpp
-- Up-to-date symlink: /wb_humanoid_mpc_ws/install/ocs2_thirdparty/include/cppad/core/sub.hpp
-- Up-to-date symlink: /wb_humanoid_mpc_ws/install/ocs2_thirdparty/include/cppad/core/sub_eq.hpp
-- Up-to-date symlink: /wb_humanoid_mpc_ws/install/ocs2_thirdparty/include/cppad/core/subgraph_jac_rev.hpp
-- Up-to-date symlink: /wb_humanoid_mpc_ws/install/ocs2_thirdparty/include/cppad/core/subgraph_reverse.hpp
-- Up-to-date symlink: /wb_humanoid_mpc_ws/install/ocs2_thirdparty/include/cppad/core/subgraph_sparsity.hpp
-- Up-to-date symlink: /wb_humanoid_mpc_ws/install/ocs2_thirdparty/include/cppad/core/tape_link.hpp
-- Up-to-date symlink: /wb_humanoid_mpc_ws/install/ocs2_thirdparty/include/cppad/core/test_vector.hpp
-- Up-to-date symlink: /wb_humanoid_mpc_ws/install/ocs2_thirdparty/include/cppad/core/testvector.hpp
-- Up-to-date symlink: /wb_humanoid_mpc_ws/install/ocs2_thirdparty/include/cppad/core/unary_minus.hpp
-- Up-to-date symlink: /wb_humanoid_mpc_ws/install/ocs2_thirdparty/include/cppad/core/unary_plus.hpp
-- Up-to-date symlink: /wb_humanoid_mpc_ws/install/ocs2_thirdparty/include/cppad/core/undef.hpp
-- Up-to-date symlink: /wb_humanoid_mpc_ws/install/ocs2_thirdparty/include/cppad/core/user_ad.hpp
-- Up-to-date symlink: /wb_humanoid_mpc_ws/install/ocs2_thirdparty/include/cppad/core/value.hpp
-- Up-to-date symlink: /wb_humanoid_mpc_ws/install/ocs2_thirdparty/include/cppad/core/var2par.hpp
-- Up-to-date symlink: /wb_humanoid_mpc_ws/install/ocs2_thirdparty/include/cppad/core/vec_ad.hpp
-- Up-to-date symlink: /wb_humanoid_mpc_ws/install/ocs2_thirdparty/include/cppad/core/zdouble.hpp
-- Up-to-date symlink: /wb_humanoid_mpc_ws/install/ocs2_thirdparty/include/cppad/cppad.hpp
-- Up-to-date symlink: /wb_humanoid_mpc_ws/install/ocs2_thirdparty/include/cppad/epl-2.0.txt
-- Up-to-date symlink: /wb_humanoid_mpc_ws/install/ocs2_thirdparty/include/cppad/example/atomic_three/mat_mul.hpp
-- Up-to-date symlink: /wb_humanoid_mpc_ws/install/ocs2_thirdparty/include/cppad/example/atomic_two/eigen_cholesky.hpp
-- Up-to-date symlink: /wb_humanoid_mpc_ws/install/ocs2_thirdparty/include/cppad/example/atomic_two/eigen_mat_inv.hpp
-- Up-to-date symlink: /wb_humanoid_mpc_ws/install/ocs2_thirdparty/include/cppad/example/atomic_two/eigen_mat_mul.hpp
-- Up-to-date symlink: /wb_humanoid_mpc_ws/install/ocs2_thirdparty/include/cppad/example/base_adolc.hpp
-- Up-to-date symlink: /wb_humanoid_mpc_ws/install/ocs2_thirdparty/include/cppad/example/cppad_eigen.hpp
-- Up-to-date symlink: /wb_humanoid_mpc_ws/install/ocs2_thirdparty/include/cppad/example/eigen_cholesky.hpp
-- Up-to-date symlink: /wb_humanoid_mpc_ws/install/ocs2_thirdparty/include/cppad/example/eigen_mat_inv.hpp
-- Up-to-date symlink: /wb_humanoid_mpc_ws/install/ocs2_thirdparty/include/cppad/example/eigen_mat_mul.hpp
-- Up-to-date symlink: /wb_humanoid_mpc_ws/install/ocs2_thirdparty/include/cppad/example/eigen_plugin.hpp
-- Up-to-date symlink: /wb_humanoid_mpc_ws/install/ocs2_thirdparty/include/cppad/example/mat_mul.hpp
-- Up-to-date symlink: /wb_humanoid_mpc_ws/install/ocs2_thirdparty/include/cppad/ipopt/solve.hpp
-- Up-to-date symlink: /wb_humanoid_mpc_ws/install/ocs2_thirdparty/include/cppad/ipopt/solve_callback.hpp
-- Up-to-date symlink: /wb_humanoid_mpc_ws/install/ocs2_thirdparty/include/cppad/ipopt/solve_result.hpp
-- Up-to-date symlink: /wb_humanoid_mpc_ws/install/ocs2_thirdparty/include/cppad/local/abs_op.hpp
-- Up-to-date symlink: /wb_humanoid_mpc_ws/install/ocs2_thirdparty/include/cppad/local/acos_op.hpp
-- Up-to-date symlink: /wb_humanoid_mpc_ws/install/ocs2_thirdparty/include/cppad/local/acosh_op.hpp
-- Up-to-date symlink: /wb_humanoid_mpc_ws/install/ocs2_thirdparty/include/cppad/local/ad_tape.hpp
-- Up-to-date symlink: /wb_humanoid_mpc_ws/install/ocs2_thirdparty/include/cppad/local/add_op.hpp
-- Up-to-date symlink: /wb_humanoid_mpc_ws/install/ocs2_thirdparty/include/cppad/local/asin_op.hpp
-- Up-to-date symlink: /wb_humanoid_mpc_ws/install/ocs2_thirdparty/include/cppad/local/asinh_op.hpp
-- Up-to-date symlink: /wb_humanoid_mpc_ws/install/ocs2_thirdparty/include/cppad/local/atan_op.hpp
-- Up-to-date symlink: /wb_humanoid_mpc_ws/install/ocs2_thirdparty/include/cppad/local/atanh_op.hpp
-- Up-to-date symlink: /wb_humanoid_mpc_ws/install/ocs2_thirdparty/include/cppad/local/atom_state.hpp
-- Up-to-date symlink: /wb_humanoid_mpc_ws/install/ocs2_thirdparty/include/cppad/local/atomic_index.hpp
-- Up-to-date symlink: /wb_humanoid_mpc_ws/install/ocs2_thirdparty/include/cppad/local/color_general.hpp
-- Up-to-date symlink: /wb_humanoid_mpc_ws/install/ocs2_thirdparty/include/cppad/local/color_symmetric.hpp
-- Up-to-date symlink: /wb_humanoid_mpc_ws/install/ocs2_thirdparty/include/cppad/local/comp_op.hpp
-- Up-to-date symlink: /wb_humanoid_mpc_ws/install/ocs2_thirdparty/include/cppad/local/cond_op.hpp
-- Up-to-date symlink: /wb_humanoid_mpc_ws/install/ocs2_thirdparty/include/cppad/local/cos_op.hpp
-- Up-to-date symlink: /wb_humanoid_mpc_ws/install/ocs2_thirdparty/include/cppad/local/cosh_op.hpp
-- Up-to-date symlink: /wb_humanoid_mpc_ws/install/ocs2_thirdparty/include/cppad/local/cppad_colpack.hpp
-- Up-to-date symlink: /wb_humanoid_mpc_ws/install/ocs2_thirdparty/include/cppad/local/cskip_op.hpp
-- Up-to-date symlink: /wb_humanoid_mpc_ws/install/ocs2_thirdparty/include/cppad/local/csum_op.hpp
-- Up-to-date symlink: /wb_humanoid_mpc_ws/install/ocs2_thirdparty/include/cppad/local/declare_ad.hpp
-- Up-to-date symlink: /wb_humanoid_mpc_ws/install/ocs2_thirdparty/include/cppad/local/define.hpp
-- Up-to-date symlink: /wb_humanoid_mpc_ws/install/ocs2_thirdparty/include/cppad/local/discrete_op.hpp
-- Up-to-date symlink: /wb_humanoid_mpc_ws/install/ocs2_thirdparty/include/cppad/local/div_op.hpp
-- Up-to-date symlink: /wb_humanoid_mpc_ws/install/ocs2_thirdparty/include/cppad/local/erf_op.hpp
-- Up-to-date symlink: /wb_humanoid_mpc_ws/install/ocs2_thirdparty/include/cppad/local/exp_op.hpp
-- Up-to-date symlink: /wb_humanoid_mpc_ws/install/ocs2_thirdparty/include/cppad/local/expm1_op.hpp
-- Up-to-date symlink: /wb_humanoid_mpc_ws/install/ocs2_thirdparty/include/cppad/local/graph/cpp_graph_itr.hpp
-- Up-to-date symlink: /wb_humanoid_mpc_ws/install/ocs2_thirdparty/include/cppad/local/graph/cpp_graph_op.hpp
-- Up-to-date symlink: /wb_humanoid_mpc_ws/install/ocs2_thirdparty/include/cppad/local/graph/json_lexer.hpp
-- Up-to-date symlink: /wb_humanoid_mpc_ws/install/ocs2_thirdparty/include/cppad/local/graph/json_parser.hpp
-- Up-to-date symlink: /wb_humanoid_mpc_ws/install/ocs2_thirdparty/include/cppad/local/graph/json_writer.hpp
-- Up-to-date symlink: /wb_humanoid_mpc_ws/install/ocs2_thirdparty/include/cppad/local/hash_code.hpp
-- Up-to-date symlink: /wb_humanoid_mpc_ws/install/ocs2_thirdparty/include/cppad/local/independent.hpp
-- Up-to-date symlink: /wb_humanoid_mpc_ws/install/ocs2_thirdparty/include/cppad/local/is_pod.hpp
-- Up-to-date symlink: /wb_humanoid_mpc_ws/install/ocs2_thirdparty/include/cppad/local/load_op.hpp
-- Up-to-date symlink: /wb_humanoid_mpc_ws/install/ocs2_thirdparty/include/cppad/local/log1p_op.hpp
-- Up-to-date symlink: /wb_humanoid_mpc_ws/install/ocs2_thirdparty/include/cppad/local/log_op.hpp
-- Up-to-date symlink: /wb_humanoid_mpc_ws/install/ocs2_thirdparty/include/cppad/local/mul_op.hpp
-- Up-to-date symlink: /wb_humanoid_mpc_ws/install/ocs2_thirdparty/include/cppad/local/op.hpp
-- Up-to-date symlink: /wb_humanoid_mpc_ws/install/ocs2_thirdparty/include/cppad/local/op_code.hpp
-- Up-to-date symlink: /wb_humanoid_mpc_ws/install/ocs2_thirdparty/include/cppad/local/op_code_dyn.hpp
-- Up-to-date symlink: /wb_humanoid_mpc_ws/install/ocs2_thirdparty/include/cppad/local/op_code_var.hpp
-- Up-to-date symlink: /wb_humanoid_mpc_ws/install/ocs2_thirdparty/include/cppad/local/optimize/cexp_info.hpp
-- Up-to-date symlink: /wb_humanoid_mpc_ws/install/ocs2_thirdparty/include/cppad/local/optimize/csum_op_info.hpp
-- Up-to-date symlink: /wb_humanoid_mpc_ws/install/ocs2_thirdparty/include/cppad/local/optimize/csum_stacks.hpp
-- Up-to-date symlink: /wb_humanoid_mpc_ws/install/ocs2_thirdparty/include/cppad/local/optimize/get_cexp_info.hpp
-- Up-to-date symlink: /wb_humanoid_mpc_ws/install/ocs2_thirdparty/include/cppad/local/optimize/get_dyn_previous.hpp
-- Up-to-date symlink: /wb_humanoid_mpc_ws/install/ocs2_thirdparty/include/cppad/local/optimize/get_op_previous.hpp
-- Up-to-date symlink: /wb_humanoid_mpc_ws/install/ocs2_thirdparty/include/cppad/local/optimize/get_op_usage.hpp
-- Up-to-date symlink: /wb_humanoid_mpc_ws/install/ocs2_thirdparty/include/cppad/local/optimize/get_par_usage.hpp
-- Up-to-date symlink: /wb_humanoid_mpc_ws/install/ocs2_thirdparty/include/cppad/local/optimize/hash_code.hpp
-- Up-to-date symlink: /wb_humanoid_mpc_ws/install/ocs2_thirdparty/include/cppad/local/optimize/match_op.hpp
-- Up-to-date symlink: /wb_humanoid_mpc_ws/install/ocs2_thirdparty/include/cppad/local/optimize/optimize_run.hpp
-- Up-to-date symlink: /wb_humanoid_mpc_ws/install/ocs2_thirdparty/include/cppad/local/optimize/record_csum.hpp
-- Up-to-date symlink: /wb_humanoid_mpc_ws/install/ocs2_thirdparty/include/cppad/local/optimize/record_pv.hpp
-- Up-to-date symlink: /wb_humanoid_mpc_ws/install/ocs2_thirdparty/include/cppad/local/optimize/record_vp.hpp
-- Up-to-date symlink: /wb_humanoid_mpc_ws/install/ocs2_thirdparty/include/cppad/local/optimize/record_vv.hpp
-- Up-to-date symlink: /wb_humanoid_mpc_ws/install/ocs2_thirdparty/include/cppad/local/optimize/size_pair.hpp
-- Up-to-date symlink: /wb_humanoid_mpc_ws/install/ocs2_thirdparty/include/cppad/local/optimize/usage.hpp
-- Up-to-date symlink: /wb_humanoid_mpc_ws/install/ocs2_thirdparty/include/cppad/local/parameter_op.hpp
-- Up-to-date symlink: /wb_humanoid_mpc_ws/install/ocs2_thirdparty/include/cppad/local/play/addr_enum.hpp
-- Up-to-date symlink: /wb_humanoid_mpc_ws/install/ocs2_thirdparty/include/cppad/local/play/atom_op_info.hpp
-- Up-to-date symlink: /wb_humanoid_mpc_ws/install/ocs2_thirdparty/include/cppad/local/play/player.hpp
-- Up-to-date symlink: /wb_humanoid_mpc_ws/install/ocs2_thirdparty/include/cppad/local/play/random_iterator.hpp
-- Up-to-date symlink: /wb_humanoid_mpc_ws/install/ocs2_thirdparty/include/cppad/local/play/random_setup.hpp
-- Up-to-date symlink: /wb_humanoid_mpc_ws/install/ocs2_thirdparty/include/cppad/local/play/sequential_iterator.hpp
-- Up-to-date symlink: /wb_humanoid_mpc_ws/install/ocs2_thirdparty/include/cppad/local/play/subgraph_iterator.hpp
-- Up-to-date symlink: /wb_humanoid_mpc_ws/install/ocs2_thirdparty/include/cppad/local/pod_vector.hpp
-- Up-to-date symlink: /wb_humanoid_mpc_ws/install/ocs2_thirdparty/include/cppad/local/pow_op.hpp
-- Up-to-date symlink: /wb_humanoid_mpc_ws/install/ocs2_thirdparty/include/cppad/local/print_op.hpp
-- Up-to-date symlink: /wb_humanoid_mpc_ws/install/ocs2_thirdparty/include/cppad/local/prototype_op.hpp
-- Up-to-date symlink: /wb_humanoid_mpc_ws/install/ocs2_thirdparty/include/cppad/local/record/comp_op.hpp
-- Up-to-date symlink: /wb_humanoid_mpc_ws/install/ocs2_thirdparty/include/cppad/local/record/cond_exp.hpp
-- Up-to-date symlink: /wb_humanoid_mpc_ws/install/ocs2_thirdparty/include/cppad/local/record/put_dyn_atomic.hpp
-- Up-to-date symlink: /wb_humanoid_mpc_ws/install/ocs2_thirdparty/include/cppad/local/record/put_var_atomic.hpp
-- Up-to-date symlink: /wb_humanoid_mpc_ws/install/ocs2_thirdparty/include/cppad/local/record/recorder.hpp
-- Up-to-date symlink: /wb_humanoid_mpc_ws/install/ocs2_thirdparty/include/cppad/local/recorder.hpp
-- Up-to-date symlink: /wb_humanoid_mpc_ws/install/ocs2_thirdparty/include/cppad/local/set_get_in_parallel.hpp
-- Up-to-date symlink: /wb_humanoid_mpc_ws/install/ocs2_thirdparty/include/cppad/local/sign_op.hpp
-- Up-to-date symlink: /wb_humanoid_mpc_ws/install/ocs2_thirdparty/include/cppad/local/sin_op.hpp
-- Up-to-date symlink: /wb_humanoid_mpc_ws/install/ocs2_thirdparty/include/cppad/local/sinh_op.hpp
-- Up-to-date symlink: /wb_humanoid_mpc_ws/install/ocs2_thirdparty/include/cppad/local/sparse/binary_op.hpp
-- Up-to-date symlink: /wb_humanoid_mpc_ws/install/ocs2_thirdparty/include/cppad/local/sparse/internal.hpp
-- Up-to-date symlink: /wb_humanoid_mpc_ws/install/ocs2_thirdparty/include/cppad/local/sparse/list_setvec.hpp
-- Up-to-date symlink: /wb_humanoid_mpc_ws/install/ocs2_thirdparty/include/cppad/local/sparse/pack_setvec.hpp
-- Up-to-date symlink: /wb_humanoid_mpc_ws/install/ocs2_thirdparty/include/cppad/local/sparse/svec_setvec.hpp
-- Up-to-date symlink: /wb_humanoid_mpc_ws/install/ocs2_thirdparty/include/cppad/local/sparse/unary_op.hpp
-- Up-to-date symlink: /wb_humanoid_mpc_ws/install/ocs2_thirdparty/include/cppad/local/sparse_binary_op.hpp
-- Up-to-date symlink: /wb_humanoid_mpc_ws/install/ocs2_thirdparty/include/cppad/local/sparse_internal.hpp
-- Up-to-date symlink: /wb_humanoid_mpc_ws/install/ocs2_thirdparty/include/cppad/local/sparse_list.hpp
-- Up-to-date symlink: /wb_humanoid_mpc_ws/install/ocs2_thirdparty/include/cppad/local/sparse_pack.hpp
-- Up-to-date symlink: /wb_humanoid_mpc_ws/install/ocs2_thirdparty/include/cppad/local/sparse_sizevec.hpp
-- Up-to-date symlink: /wb_humanoid_mpc_ws/install/ocs2_thirdparty/include/cppad/local/sparse_unary_op.hpp
-- Up-to-date symlink: /wb_humanoid_mpc_ws/install/ocs2_thirdparty/include/cppad/local/sqrt_op.hpp
-- Up-to-date symlink: /wb_humanoid_mpc_ws/install/ocs2_thirdparty/include/cppad/local/std_set.hpp
-- Up-to-date symlink: /wb_humanoid_mpc_ws/install/ocs2_thirdparty/include/cppad/local/store_op.hpp
-- Up-to-date symlink: /wb_humanoid_mpc_ws/install/ocs2_thirdparty/include/cppad/local/sub_op.hpp
-- Up-to-date symlink: /wb_humanoid_mpc_ws/install/ocs2_thirdparty/include/cppad/local/subgraph/arg_variable.hpp
-- Up-to-date symlink: /wb_humanoid_mpc_ws/install/ocs2_thirdparty/include/cppad/local/subgraph/entire_call.hpp
-- Up-to-date symlink: /wb_humanoid_mpc_ws/install/ocs2_thirdparty/include/cppad/local/subgraph/get_rev.hpp
-- Up-to-date symlink: /wb_humanoid_mpc_ws/install/ocs2_thirdparty/include/cppad/local/subgraph/info.hpp
-- Up-to-date symlink: /wb_humanoid_mpc_ws/install/ocs2_thirdparty/include/cppad/local/subgraph/init_rev.hpp
-- Up-to-date symlink: /wb_humanoid_mpc_ws/install/ocs2_thirdparty/include/cppad/local/subgraph/sparsity.hpp
-- Up-to-date symlink: /wb_humanoid_mpc_ws/install/ocs2_thirdparty/include/cppad/local/sweep/call_atomic.hpp
-- Up-to-date symlink: /wb_humanoid_mpc_ws/install/ocs2_thirdparty/include/cppad/local/sweep/dynamic.hpp
-- Up-to-date symlink: /wb_humanoid_mpc_ws/install/ocs2_thirdparty/include/cppad/local/sweep/for_hes.hpp
-- Up-to-date symlink: /wb_humanoid_mpc_ws/install/ocs2_thirdparty/include/cppad/local/sweep/for_jac.hpp
-- Up-to-date symlink: /wb_humanoid_mpc_ws/install/ocs2_thirdparty/include/cppad/local/sweep/forward0.hpp
-- Up-to-date symlink: /wb_humanoid_mpc_ws/install/ocs2_thirdparty/include/cppad/local/sweep/forward1.hpp
-- Up-to-date symlink: /wb_humanoid_mpc_ws/install/ocs2_thirdparty/include/cppad/local/sweep/forward2.hpp
-- Up-to-date symlink: /wb_humanoid_mpc_ws/install/ocs2_thirdparty/include/cppad/local/sweep/rev_hes.hpp
-- Up-to-date symlink: /wb_humanoid_mpc_ws/install/ocs2_thirdparty/include/cppad/local/sweep/rev_jac.hpp
-- Up-to-date symlink: /wb_humanoid_mpc_ws/install/ocs2_thirdparty/include/cppad/local/sweep/reverse.hpp
-- Up-to-date symlink: /wb_humanoid_mpc_ws/install/ocs2_thirdparty/include/cppad/local/tan_op.hpp
-- Up-to-date symlink: /wb_humanoid_mpc_ws/install/ocs2_thirdparty/include/cppad/local/tanh_op.hpp
-- Up-to-date symlink: /wb_humanoid_mpc_ws/install/ocs2_thirdparty/include/cppad/local/utility/cppad_vector_itr.hpp
-- Up-to-date symlink: /wb_humanoid_mpc_ws/install/ocs2_thirdparty/include/cppad/local/utility/vector_bool.hpp
-- Up-to-date symlink: /wb_humanoid_mpc_ws/install/ocs2_thirdparty/include/cppad/local/zmul_op.hpp
-- Up-to-date symlink: /wb_humanoid_mpc_ws/install/ocs2_thirdparty/include/cppad/speed/det_33.hpp
-- Up-to-date symlink: /wb_humanoid_mpc_ws/install/ocs2_thirdparty/include/cppad/speed/det_by_lu.hpp
-- Up-to-date symlink: /wb_humanoid_mpc_ws/install/ocs2_thirdparty/include/cppad/speed/det_by_minor.hpp
-- Up-to-date symlink: /wb_humanoid_mpc_ws/install/ocs2_thirdparty/include/cppad/speed/det_grad_33.hpp
-- Up-to-date symlink: /wb_humanoid_mpc_ws/install/ocs2_thirdparty/include/cppad/speed/det_of_minor.hpp
-- Up-to-date symlink: /wb_humanoid_mpc_ws/install/ocs2_thirdparty/include/cppad/speed/mat_sum_sq.hpp
-- Up-to-date symlink: /wb_humanoid_mpc_ws/install/ocs2_thirdparty/include/cppad/speed/ode_evaluate.hpp
-- Up-to-date symlink: /wb_humanoid_mpc_ws/install/ocs2_thirdparty/include/cppad/speed/sparse_hes_fun.hpp
-- Up-to-date symlink: /wb_humanoid_mpc_ws/install/ocs2_thirdparty/include/cppad/speed/sparse_jac_fun.hpp
-- Up-to-date symlink: /wb_humanoid_mpc_ws/install/ocs2_thirdparty/include/cppad/speed/uniform_01.hpp
-- Up-to-date symlink: /wb_humanoid_mpc_ws/install/ocs2_thirdparty/include/cppad/utility.hpp
-- Up-to-date symlink: /wb_humanoid_mpc_ws/install/ocs2_thirdparty/include/cppad/utility/check_numeric_type.hpp
-- Up-to-date symlink: /wb_humanoid_mpc_ws/install/ocs2_thirdparty/include/cppad/utility/check_simple_vector.hpp
-- Up-to-date symlink: /wb_humanoid_mpc_ws/install/ocs2_thirdparty/include/cppad/utility/elapsed_seconds.hpp
-- Up-to-date symlink: /wb_humanoid_mpc_ws/install/ocs2_thirdparty/include/cppad/utility/error_handler.hpp
-- Up-to-date symlink: /wb_humanoid_mpc_ws/install/ocs2_thirdparty/include/cppad/utility/index_sort.hpp
-- Up-to-date symlink: /wb_humanoid_mpc_ws/install/ocs2_thirdparty/include/cppad/utility/lu_factor.hpp
-- Up-to-date symlink: /wb_humanoid_mpc_ws/install/ocs2_thirdparty/include/cppad/utility/lu_invert.hpp
-- Up-to-date symlink: /wb_humanoid_mpc_ws/install/ocs2_thirdparty/include/cppad/utility/lu_solve.hpp
-- Up-to-date symlink: /wb_humanoid_mpc_ws/install/ocs2_thirdparty/include/cppad/utility/memory_leak.hpp
-- Up-to-date symlink: /wb_humanoid_mpc_ws/install/ocs2_thirdparty/include/cppad/utility/nan.hpp
-- Up-to-date symlink: /wb_humanoid_mpc_ws/install/ocs2_thirdparty/include/cppad/utility/near_equal.hpp
-- Up-to-date symlink: /wb_humanoid_mpc_ws/install/ocs2_thirdparty/include/cppad/utility/ode_err_control.hpp
-- Up-to-date symlink: /wb_humanoid_mpc_ws/install/ocs2_thirdparty/include/cppad/utility/ode_gear.hpp
-- Up-to-date symlink: /wb_humanoid_mpc_ws/install/ocs2_thirdparty/include/cppad/utility/ode_gear_control.hpp
-- Up-to-date symlink: /wb_humanoid_mpc_ws/install/ocs2_thirdparty/include/cppad/utility/omp_alloc.hpp
-- Up-to-date symlink: /wb_humanoid_mpc_ws/install/ocs2_thirdparty/include/cppad/utility/poly.hpp
-- Up-to-date symlink: /wb_humanoid_mpc_ws/install/ocs2_thirdparty/include/cppad/utility/pow_int.hpp
-- Up-to-date symlink: /wb_humanoid_mpc_ws/install/ocs2_thirdparty/include/cppad/utility/romberg_mul.hpp
-- Up-to-date symlink: /wb_humanoid_mpc_ws/install/ocs2_thirdparty/include/cppad/utility/romberg_one.hpp
-- Up-to-date symlink: /wb_humanoid_mpc_ws/install/ocs2_thirdparty/include/cppad/utility/rosen_34.hpp
-- Up-to-date symlink: /wb_humanoid_mpc_ws/install/ocs2_thirdparty/include/cppad/utility/runge_45.hpp
-- Up-to-date symlink: /wb_humanoid_mpc_ws/install/ocs2_thirdparty/include/cppad/utility/set_union.hpp
-- Up-to-date symlink: /wb_humanoid_mpc_ws/install/ocs2_thirdparty/include/cppad/utility/sparse2eigen.hpp
-- Up-to-date symlink: /wb_humanoid_mpc_ws/install/ocs2_thirdparty/include/cppad/utility/sparse_rc.hpp
-- Up-to-date symlink: /wb_humanoid_mpc_ws/install/ocs2_thirdparty/include/cppad/utility/sparse_rcv.hpp
-- Up-to-date symlink: /wb_humanoid_mpc_ws/install/ocs2_thirdparty/include/cppad/utility/speed_test.hpp
-- Up-to-date symlink: /wb_humanoid_mpc_ws/install/ocs2_thirdparty/include/cppad/utility/test_boolofvoid.hpp
-- Up-to-date symlink: /wb_humanoid_mpc_ws/install/ocs2_thirdparty/include/cppad/utility/thread_alloc.hpp
-- Up-to-date symlink: /wb_humanoid_mpc_ws/install/ocs2_thirdparty/include/cppad/utility/time_test.hpp
-- Up-to-date symlink: /wb_humanoid_mpc_ws/install/ocs2_thirdparty/include/cppad/utility/to_string.hpp
-- Up-to-date symlink: /wb_humanoid_mpc_ws/install/ocs2_thirdparty/include/cppad/utility/track_new_del.hpp
-- Up-to-date symlink: /wb_humanoid_mpc_ws/install/ocs2_thirdparty/include/cppad/utility/vector.hpp
-- Up-to-date symlink: /wb_humanoid_mpc_ws/install/ocs2_thirdparty/include/cppad/utility/vector_bool.hpp
-- Up-to-date symlink: /wb_humanoid_mpc_ws/install/ocs2_thirdparty/include/cppad/wno_conversion.hpp
-- Up-to-date symlink: /wb_humanoid_mpc_ws/install/ocs2_thirdparty/include/iit/rbd/InertiaMatrix.h
-- Up-to-date symlink: /wb_humanoid_mpc_ws/install/ocs2_thirdparty/include/iit/rbd/StateDependentBase.h
-- Up-to-date symlink: /wb_humanoid_mpc_ws/install/ocs2_thirdparty/include/iit/rbd/StateDependentMatrix.h
-- Up-to-date symlink: /wb_humanoid_mpc_ws/install/ocs2_thirdparty/include/iit/rbd/TransformsBase.h
-- Up-to-date symlink: /wb_humanoid_mpc_ws/install/ocs2_thirdparty/include/iit/rbd/eigen_traits.h
-- Up-to-date symlink: /wb_humanoid_mpc_ws/install/ocs2_thirdparty/include/iit/rbd/internals.h
-- Up-to-date symlink: /wb_humanoid_mpc_ws/install/ocs2_thirdparty/include/iit/rbd/rbd.h
-- Up-to-date symlink: /wb_humanoid_mpc_ws/install/ocs2_thirdparty/include/iit/rbd/robcogen_commons.h
-- Up-to-date symlink: /wb_humanoid_mpc_ws/install/ocs2_thirdparty/include/iit/rbd/traits/CppADCodegenTrait.h
-- Up-to-date symlink: /wb_humanoid_mpc_ws/install/ocs2_thirdparty/include/iit/rbd/traits/DoubleTrait.h
-- Up-to-date symlink: /wb_humanoid_mpc_ws/install/ocs2_thirdparty/include/iit/rbd/traits/FloatTrait.h
-- Up-to-date symlink: /wb_humanoid_mpc_ws/install/ocs2_thirdparty/include/iit/rbd/traits/TraitSelector.h
-- Up-to-date symlink: /wb_humanoid_mpc_ws/install/ocs2_thirdparty/include/iit/rbd/types.h
-- Up-to-date symlink: /wb_humanoid_mpc_ws/install/ocs2_thirdparty/include/iit/rbd/utils.h
-- Up-to-date symlink: /wb_humanoid_mpc_ws/install/ocs2_thirdparty/share/ament_index/resource_index/package_run_dependencies/ocs2_thirdparty
-- Up-to-date symlink: /wb_humanoid_mpc_ws/install/ocs2_thirdparty/share/ament_index/resource_index/parent_prefix_path/ocs2_thirdparty
-- Up-to-date symlink: /wb_humanoid_mpc_ws/install/ocs2_thirdparty/share/ocs2_thirdparty/environment/ament_prefix_path.sh
-- Up-to-date symlink: /wb_humanoid_mpc_ws/install/ocs2_thirdparty/share/ocs2_thirdparty/environment/ament_prefix_path.dsv
-- Up-to-date symlink: /wb_humanoid_mpc_ws/install/ocs2_thirdparty/share/ocs2_thirdparty/environment/path.sh
-- Up-to-date symlink: /wb_humanoid_mpc_ws/install/ocs2_thirdparty/share/ocs2_thirdparty/environment/path.dsv
-- Up-to-date symlink: /wb_humanoid_mpc_ws/install/ocs2_thirdparty/share/ocs2_thirdparty/local_setup.bash
-- Up-to-date symlink: /wb_humanoid_mpc_ws/install/ocs2_thirdparty/share/ocs2_thirdparty/local_setup.sh
-- Up-to-date symlink: /wb_humanoid_mpc_ws/install/ocs2_thirdparty/share/ocs2_thirdparty/local_setup.zsh
-- Up-to-date symlink: /wb_humanoid_mpc_ws/install/ocs2_thirdparty/share/ocs2_thirdparty/local_setup.dsv
-- Symlinking: /wb_humanoid_mpc_ws/install/ocs2_thirdparty/share/ocs2_thirdparty/package.dsv
-- Up-to-date symlink: /wb_humanoid_mpc_ws/install/ocs2_thirdparty/share/ament_index/resource_index/packages/ocs2_thirdparty
-- Up-to-date symlink: /wb_humanoid_mpc_ws/install/ocs2_thirdparty/share/ocs2_thirdparty/cmake/ament_cmake_export_include_directories-extras.cmake
-- Up-to-date symlink: /wb_humanoid_mpc_ws/install/ocs2_thirdparty/share/ocs2_thirdparty/cmake/ocs2_thirdpartyConfig.cmake
-- Up-to-date symlink: /wb_humanoid_mpc_ws/install/ocs2_thirdparty/share/ocs2_thirdparty/cmake/ocs2_thirdpartyConfig-version.cmake
-- Up-to-date symlink: /wb_humanoid_mpc_ws/install/ocs2_thirdparty/share/ocs2_thirdparty/package.xml
---
Finished <<< ocs2_thirdparty [0.11s]
--- output: robot_model
ninja: no work to do.
-- Install configuration: "Release"
-- Execute custom install script
-- Up-to-date symlink: /wb_humanoid_mpc_ws/install/robot_model/lib/librobot_model.a
-- Up-to-date symlink: /wb_humanoid_mpc_ws/install/robot_model/include//robot_model/ControllerBase.h
-- Up-to-date symlink: /wb_humanoid_mpc_ws/install/robot_model/include//robot_model/IDMapBase.h
-- Up-to-date symlink: /wb_humanoid_mpc_ws/install/robot_model/include//robot_model/JointIDMap.h
-- Up-to-date symlink: /wb_humanoid_mpc_ws/install/robot_model/include//robot_model/RobotDescription.h
-- Up-to-date symlink: /wb_humanoid_mpc_ws/install/robot_model/include//robot_model/RobotHWInterfaceBase.h
-- Up-to-date symlink: /wb_humanoid_mpc_ws/install/robot_model/include//robot_model/RobotJointAction.h
-- Up-to-date symlink: /wb_humanoid_mpc_ws/install/robot_model/include//robot_model/RobotState.h
-- Up-to-date symlink: /wb_humanoid_mpc_ws/install/robot_model/share/robot_model/environment/library_path.sh
-- Up-to-date symlink: /wb_humanoid_mpc_ws/install/robot_model/share/robot_model/environment/library_path.dsv
-- Up-to-date symlink: /wb_humanoid_mpc_ws/install/robot_model/share/ament_index/resource_index/package_run_dependencies/robot_model
-- Up-to-date symlink: /wb_humanoid_mpc_ws/install/robot_model/share/ament_index/resource_index/parent_prefix_path/robot_model
-- Up-to-date symlink: /wb_humanoid_mpc_ws/install/robot_model/share/robot_model/environment/ament_prefix_path.sh
-- Up-to-date symlink: /wb_humanoid_mpc_ws/install/robot_model/share/robot_model/environment/ament_prefix_path.dsv
-- Up-to-date symlink: /wb_humanoid_mpc_ws/install/robot_model/share/robot_model/environment/path.sh
-- Up-to-date symlink: /wb_humanoid_mpc_ws/install/robot_model/share/robot_model/environment/path.dsv
-- Up-to-date symlink: /wb_humanoid_mpc_ws/install/robot_model/share/robot_model/local_setup.bash
-- Up-to-date symlink: /wb_humanoid_mpc_ws/install/robot_model/share/robot_model/local_setup.sh
-- Up-to-date symlink: /wb_humanoid_mpc_ws/install/robot_model/share/robot_model/local_setup.zsh
-- Up-to-date symlink: /wb_humanoid_mpc_ws/install/robot_model/share/robot_model/local_setup.dsv
-- Symlinking: /wb_humanoid_mpc_ws/install/robot_model/share/robot_model/package.dsv
-- Up-to-date symlink: /wb_humanoid_mpc_ws/install/robot_model/share/ament_index/resource_index/packages/robot_model
-- Up-to-date symlink: /wb_humanoid_mpc_ws/install/robot_model/share/robot_model/cmake/ament_cmake_export_include_directories-extras.cmake
-- Up-to-date symlink: /wb_humanoid_mpc_ws/install/robot_model/share/robot_model/cmake/ament_cmake_export_libraries-extras.cmake
-- Up-to-date symlink: /wb_humanoid_mpc_ws/install/robot_model/share/robot_model/cmake/ament_cmake_export_dependencies-extras.cmake
-- Up-to-date symlink: /wb_humanoid_mpc_ws/install/robot_model/share/robot_model/cmake/robot_modelConfig.cmake
-- Up-to-date symlink: /wb_humanoid_mpc_ws/install/robot_model/share/robot_model/cmake/robot_modelConfig-version.cmake
-- Up-to-date symlink: /wb_humanoid_mpc_ws/install/robot_model/share/robot_model/package.xml
---
Finished <<< robot_model [0.06s]
Starting >>> mujoco_sim_interface
--- output: mujoco_sim_interface
ninja: no work to do.
-- Install configuration: "Release"
-- Execute custom install script
-- Up-to-date symlink: /wb_humanoid_mpc_ws/install/mujoco_sim_interface/lib/libmujoco_sim_interface.a
-- Up-to-date symlink: /wb_humanoid_mpc_ws/install/mujoco_sim_interface/lib/mujoco_sim_interface/mujoco_sim_no_torques
-- Up-to-date symlink: /wb_humanoid_mpc_ws/install/mujoco_sim_interface/include//mujoco_sim_interface/MujocoRenderer.h
-- Up-to-date symlink: /wb_humanoid_mpc_ws/install/mujoco_sim_interface/include//mujoco_sim_interface/MujocoSimInterface.h
-- Up-to-date symlink: /wb_humanoid_mpc_ws/install/mujoco_sim_interface/include//mujoco_sim_interface/MujocoUtils.h
-- Up-to-date symlink: /wb_humanoid_mpc_ws/install/mujoco_sim_interface/share/mujoco_sim_interface/environment/library_path.sh
-- Up-to-date symlink: /wb_humanoid_mpc_ws/install/mujoco_sim_interface/share/mujoco_sim_interface/environment/library_path.dsv
-- Up-to-date symlink: /wb_humanoid_mpc_ws/install/mujoco_sim_interface/share/ament_index/resource_index/package_run_dependencies/mujoco_sim_interface
-- Up-to-date symlink: /wb_humanoid_mpc_ws/install/mujoco_sim_interface/share/ament_index/resource_index/parent_prefix_path/mujoco_sim_interface
-- Up-to-date symlink: /wb_humanoid_mpc_ws/install/mujoco_sim_interface/share/mujoco_sim_interface/environment/ament_prefix_path.sh
-- Up-to-date symlink: /wb_humanoid_mpc_ws/install/mujoco_sim_interface/share/mujoco_sim_interface/environment/ament_prefix_path.dsv
-- Up-to-date symlink: /wb_humanoid_mpc_ws/install/mujoco_sim_interface/share/mujoco_sim_interface/environment/path.sh
-- Up-to-date symlink: /wb_humanoid_mpc_ws/install/mujoco_sim_interface/share/mujoco_sim_interface/environment/path.dsv
-- Up-to-date symlink: /wb_humanoid_mpc_ws/install/mujoco_sim_interface/share/mujoco_sim_interface/local_setup.bash
-- Up-to-date symlink: /wb_humanoid_mpc_ws/install/mujoco_sim_interface/share/mujoco_sim_interface/local_setup.sh
-- Up-to-date symlink: /wb_humanoid_mpc_ws/install/mujoco_sim_interface/share/mujoco_sim_interface/local_setup.zsh
-- Up-to-date symlink: /wb_humanoid_mpc_ws/install/mujoco_sim_interface/share/mujoco_sim_interface/local_setup.dsv
-- Symlinking: /wb_humanoid_mpc_ws/install/mujoco_sim_interface/share/mujoco_sim_interface/package.dsv
-- Up-to-date symlink: /wb_humanoid_mpc_ws/install/mujoco_sim_interface/share/ament_index/resource_index/packages/mujoco_sim_interface
-- Up-to-date symlink: /wb_humanoid_mpc_ws/install/mujoco_sim_interface/share/mujoco_sim_interface/cmake/ament_cmake_export_include_directories-extras.cmake
-- Up-to-date symlink: /wb_humanoid_mpc_ws/install/mujoco_sim_interface/share/mujoco_sim_interface/cmake/ament_cmake_export_libraries-extras.cmake
-- Up-to-date symlink: /wb_humanoid_mpc_ws/install/mujoco_sim_interface/share/mujoco_sim_interface/cmake/ament_cmake_export_dependencies-extras.cmake
-- Up-to-date symlink: /wb_humanoid_mpc_ws/install/mujoco_sim_interface/share/mujoco_sim_interface/cmake/mujoco_sim_interfaceConfig.cmake
-- Up-to-date symlink: /wb_humanoid_mpc_ws/install/mujoco_sim_interface/share/mujoco_sim_interface/cmake/mujoco_sim_interfaceConfig-version.cmake
-- Up-to-date symlink: /wb_humanoid_mpc_ws/install/mujoco_sim_interface/share/mujoco_sim_interface/package.xml
---
Finished <<< mujoco_sim_interface [0.04s]
--- output: humanoid_mpc_msgs
[1/2] cd /wb_humanoid_mpc_ws/build/humanoid_mpc_msgs && /usr/bin/cmake -E create_symlink /wb_humanoid_mpc_ws/build/humanoid_mpc_msgs/rosidl_generator_py/humanoid_mpc_msgs /wb_humanoid_mpc_ws/build/humanoid_mpc_msgs/ament_cmake_python/humanoid_mpc_msgs/humanoid_mpc_msgs
[2/2] cd /wb_humanoid_mpc_ws/build/humanoid_mpc_msgs/ament_cmake_python/humanoid_mpc_msgs && /usr/bin/python3 setup.py egg_info
running egg_info
writing humanoid_mpc_msgs.egg-info/PKG-INFO
writing dependency_links to humanoid_mpc_msgs.egg-info/dependency_links.txt
writing top-level names to humanoid_mpc_msgs.egg-info/top_level.txt
reading manifest file 'humanoid_mpc_msgs.egg-info/SOURCES.txt'
writing manifest file 'humanoid_mpc_msgs.egg-info/SOURCES.txt'
-- Install configuration: "Release"
-- Execute custom install script
-- Up-to-date symlink: /wb_humanoid_mpc_ws/install/humanoid_mpc_msgs/share/ament_index/resource_index/rosidl_interfaces/humanoid_mpc_msgs
-- Up-to-date symlink: /wb_humanoid_mpc_ws/install/humanoid_mpc_msgs/share/humanoid_mpc_msgs/msg/WalkingVelocityCommand.json
-- Up-to-date symlink: /wb_humanoid_mpc_ws/install/humanoid_mpc_msgs/include/humanoid_mpc_msgs/humanoid_mpc_msgs/msg/detail/walking_velocity_command__functions.h
-- Up-to-date symlink: /wb_humanoid_mpc_ws/install/humanoid_mpc_msgs/include/humanoid_mpc_msgs/humanoid_mpc_msgs/msg/detail/walking_velocity_command__struct.h
-- Up-to-date symlink: /wb_humanoid_mpc_ws/install/humanoid_mpc_msgs/include/humanoid_mpc_msgs/humanoid_mpc_msgs/msg/detail/walking_velocity_command__type_support.h
-- Up-to-date symlink: /wb_humanoid_mpc_ws/install/humanoid_mpc_msgs/include/humanoid_mpc_msgs/humanoid_mpc_msgs/msg/rosidl_generator_c__visibility_control.h
-- Up-to-date symlink: /wb_humanoid_mpc_ws/install/humanoid_mpc_msgs/include/humanoid_mpc_msgs/humanoid_mpc_msgs/msg/walking_velocity_command.h
-- Up-to-date symlink: /wb_humanoid_mpc_ws/install/humanoid_mpc_msgs/share/humanoid_mpc_msgs/environment/library_path.sh
-- Up-to-date symlink: /wb_humanoid_mpc_ws/install/humanoid_mpc_msgs/share/humanoid_mpc_msgs/environment/library_path.dsv
-- Up-to-date symlink: /wb_humanoid_mpc_ws/install/humanoid_mpc_msgs/include/humanoid_mpc_msgs/humanoid_mpc_msgs/msg/detail/walking_velocity_command__rosidl_typesupport_fastrtps_c.h
-- Up-to-date symlink: /wb_humanoid_mpc_ws/install/humanoid_mpc_msgs/include/humanoid_mpc_msgs/humanoid_mpc_msgs/msg/rosidl_typesupport_fastrtps_c__visibility_control.h
-- Up-to-date symlink: /wb_humanoid_mpc_ws/install/humanoid_mpc_msgs/include/humanoid_mpc_msgs/humanoid_mpc_msgs/msg/detail/walking_velocity_command__rosidl_typesupport_introspection_c.h
-- Up-to-date symlink: /wb_humanoid_mpc_ws/install/humanoid_mpc_msgs/include/humanoid_mpc_msgs/humanoid_mpc_msgs/msg/rosidl_typesupport_introspection_c__visibility_control.h
-- Up-to-date symlink: /wb_humanoid_mpc_ws/install/humanoid_mpc_msgs/include/humanoid_mpc_msgs/humanoid_mpc_msgs/msg/detail/walking_velocity_command__builder.hpp
-- Up-to-date symlink: /wb_humanoid_mpc_ws/install/humanoid_mpc_msgs/include/humanoid_mpc_msgs/humanoid_mpc_msgs/msg/detail/walking_velocity_command__struct.hpp
-- Up-to-date symlink: /wb_humanoid_mpc_ws/install/humanoid_mpc_msgs/include/humanoid_mpc_msgs/humanoid_mpc_msgs/msg/detail/walking_velocity_command__traits.hpp
-- Up-to-date symlink: /wb_humanoid_mpc_ws/install/humanoid_mpc_msgs/include/humanoid_mpc_msgs/humanoid_mpc_msgs/msg/detail/walking_velocity_command__type_support.hpp
-- Up-to-date symlink: /wb_humanoid_mpc_ws/install/humanoid_mpc_msgs/include/humanoid_mpc_msgs/humanoid_mpc_msgs/msg/rosidl_generator_cpp__visibility_control.hpp
-- Up-to-date symlink: /wb_humanoid_mpc_ws/install/humanoid_mpc_msgs/include/humanoid_mpc_msgs/humanoid_mpc_msgs/msg/walking_velocity_command.hpp
-- Up-to-date symlink: /wb_humanoid_mpc_ws/install/humanoid_mpc_msgs/include/humanoid_mpc_msgs/humanoid_mpc_msgs/msg/detail/walking_velocity_command__rosidl_typesupport_fastrtps_cpp.hpp
-- Up-to-date symlink: /wb_humanoid_mpc_ws/install/humanoid_mpc_msgs/include/humanoid_mpc_msgs/humanoid_mpc_msgs/msg/rosidl_typesupport_fastrtps_cpp__visibility_control.h
-- Up-to-date symlink: /wb_humanoid_mpc_ws/install/humanoid_mpc_msgs/include/humanoid_mpc_msgs/humanoid_mpc_msgs/msg/detail/walking_velocity_command__rosidl_typesupport_introspection_cpp.hpp
-- Up-to-date symlink: /wb_humanoid_mpc_ws/install/humanoid_mpc_msgs/share/humanoid_mpc_msgs/environment/pythonpath.sh
-- Up-to-date symlink: /wb_humanoid_mpc_ws/install/humanoid_mpc_msgs/share/humanoid_mpc_msgs/environment/pythonpath.dsv
-- Up-to-date symlink: /wb_humanoid_mpc_ws/install/humanoid_mpc_msgs/lib/python3.12/site-packages/humanoid_mpc_msgs-0.0.1-py3.12.egg-info/PKG-INFO
-- Up-to-date symlink: /wb_humanoid_mpc_ws/install/humanoid_mpc_msgs/lib/python3.12/site-packages/humanoid_mpc_msgs-0.0.1-py3.12.egg-info/SOURCES.txt
-- Up-to-date symlink: /wb_humanoid_mpc_ws/install/humanoid_mpc_msgs/lib/python3.12/site-packages/humanoid_mpc_msgs-0.0.1-py3.12.egg-info/dependency_links.txt
-- Up-to-date symlink: /wb_humanoid_mpc_ws/install/humanoid_mpc_msgs/lib/python3.12/site-packages/humanoid_mpc_msgs-0.0.1-py3.12.egg-info/top_level.txt
-- Up-to-date symlink: /wb_humanoid_mpc_ws/install/humanoid_mpc_msgs/lib/python3.12/site-packages/humanoid_mpc_msgs/__init__.py
-- Up-to-date symlink: /wb_humanoid_mpc_ws/install/humanoid_mpc_msgs/lib/python3.12/site-packages/humanoid_mpc_msgs/_humanoid_mpc_msgs_s.ep.rosidl_typesupport_c.c
-- Up-to-date symlink: /wb_humanoid_mpc_ws/install/humanoid_mpc_msgs/lib/python3.12/site-packages/humanoid_mpc_msgs/_humanoid_mpc_msgs_s.ep.rosidl_typesupport_fastrtps_c.c
-- Up-to-date symlink: /wb_humanoid_mpc_ws/install/humanoid_mpc_msgs/lib/python3.12/site-packages/humanoid_mpc_msgs/_humanoid_mpc_msgs_s.ep.rosidl_typesupport_introspection_c.c
-- Up-to-date symlink: /wb_humanoid_mpc_ws/install/humanoid_mpc_msgs/lib/python3.12/site-packages/humanoid_mpc_msgs/humanoid_mpc_msgs_s__rosidl_typesupport_c.so
-- Up-to-date symlink: /wb_humanoid_mpc_ws/install/humanoid_mpc_msgs/lib/python3.12/site-packages/humanoid_mpc_msgs/humanoid_mpc_msgs_s__rosidl_typesupport_fastrtps_c.so
-- Up-to-date symlink: /wb_humanoid_mpc_ws/install/humanoid_mpc_msgs/lib/python3.12/site-packages/humanoid_mpc_msgs/humanoid_mpc_msgs_s__rosidl_typesupport_introspection_c.so
-- Up-to-date symlink: /wb_humanoid_mpc_ws/install/humanoid_mpc_msgs/lib/python3.12/site-packages/humanoid_mpc_msgs/msg/__init__.py
-- Up-to-date symlink: /wb_humanoid_mpc_ws/install/humanoid_mpc_msgs/lib/python3.12/site-packages/humanoid_mpc_msgs/msg/_walking_velocity_command.py
-- Up-to-date symlink: /wb_humanoid_mpc_ws/install/humanoid_mpc_msgs/lib/python3.12/site-packages/humanoid_mpc_msgs/msg/_walking_velocity_command_s.c
-- Up-to-date symlink: /wb_humanoid_mpc_ws/install/humanoid_mpc_msgs/lib/python3.12/site-packages/humanoid_mpc_msgs/humanoid_mpc_msgs_s__rosidl_typesupport_fastrtps_c.so
-- Up-to-date symlink: /wb_humanoid_mpc_ws/install/humanoid_mpc_msgs/lib/python3.12/site-packages/humanoid_mpc_msgs/humanoid_mpc_msgs_s__rosidl_typesupport_introspection_c.so
-- Up-to-date symlink: /wb_humanoid_mpc_ws/install/humanoid_mpc_msgs/lib/python3.12/site-packages/humanoid_mpc_msgs/humanoid_mpc_msgs_s__rosidl_typesupport_c.so
-- Up-to-date symlink: /wb_humanoid_mpc_ws/install/humanoid_mpc_msgs/share/ament_index/resource_index/rust_packages/humanoid_mpc_msgs
-- Up-to-date symlink: /wb_humanoid_mpc_ws/install/humanoid_mpc_msgs/share/humanoid_mpc_msgs/rust/Cargo.toml
-- Up-to-date symlink: /wb_humanoid_mpc_ws/install/humanoid_mpc_msgs/share/humanoid_mpc_msgs/rust/build.rs
-- Up-to-date symlink: /wb_humanoid_mpc_ws/install/humanoid_mpc_msgs/share/humanoid_mpc_msgs/rust/src/lib.rs
-- Up-to-date symlink: /wb_humanoid_mpc_ws/install/humanoid_mpc_msgs/share/humanoid_mpc_msgs/rust/src/msg.rs
-- Up-to-date symlink: /wb_humanoid_mpc_ws/install/humanoid_mpc_msgs/share/humanoid_mpc_msgs/rust/src/msg/rmw.rs
-- Up-to-date symlink: /wb_humanoid_mpc_ws/install/humanoid_mpc_msgs/share/humanoid_mpc_msgs/msg/WalkingVelocityCommand.idl
-- Up-to-date symlink: /wb_humanoid_mpc_ws/install/humanoid_mpc_msgs/share/ament_index/resource_index/package_run_dependencies/humanoid_mpc_msgs
-- Up-to-date symlink: /wb_humanoid_mpc_ws/install/humanoid_mpc_msgs/share/ament_index/resource_index/parent_prefix_path/humanoid_mpc_msgs
-- Up-to-date symlink: /wb_humanoid_mpc_ws/install/humanoid_mpc_msgs/share/humanoid_mpc_msgs/environment/ament_prefix_path.sh
-- Up-to-date symlink: /wb_humanoid_mpc_ws/install/humanoid_mpc_msgs/share/humanoid_mpc_msgs/environment/ament_prefix_path.dsv
-- Up-to-date symlink: /wb_humanoid_mpc_ws/install/humanoid_mpc_msgs/share/humanoid_mpc_msgs/environment/path.sh
-- Up-to-date symlink: /wb_humanoid_mpc_ws/install/humanoid_mpc_msgs/share/humanoid_mpc_msgs/environment/path.dsv
-- Up-to-date symlink: /wb_humanoid_mpc_ws/install/humanoid_mpc_msgs/share/humanoid_mpc_msgs/local_setup.bash
-- Up-to-date symlink: /wb_humanoid_mpc_ws/install/humanoid_mpc_msgs/share/humanoid_mpc_msgs/local_setup.sh
-- Up-to-date symlink: /wb_humanoid_mpc_ws/install/humanoid_mpc_msgs/share/humanoid_mpc_msgs/local_setup.zsh
-- Up-to-date symlink: /wb_humanoid_mpc_ws/install/humanoid_mpc_msgs/share/humanoid_mpc_msgs/local_setup.dsv
-- Symlinking: /wb_humanoid_mpc_ws/install/humanoid_mpc_msgs/share/humanoid_mpc_msgs/package.dsv
-- Up-to-date symlink: /wb_humanoid_mpc_ws/install/humanoid_mpc_msgs/share/ament_index/resource_index/packages/humanoid_mpc_msgs
-- Up-to-date symlink: /wb_humanoid_mpc_ws/install/humanoid_mpc_msgs/share/humanoid_mpc_msgs/cmake/rosidl_cmake-extras.cmake
-- Up-to-date symlink: /wb_humanoid_mpc_ws/install/humanoid_mpc_msgs/share/humanoid_mpc_msgs/cmake/ament_cmake_export_dependencies-extras.cmake
-- Up-to-date symlink: /wb_humanoid_mpc_ws/install/humanoid_mpc_msgs/share/humanoid_mpc_msgs/cmake/ament_cmake_export_include_directories-extras.cmake
-- Up-to-date symlink: /wb_humanoid_mpc_ws/install/humanoid_mpc_msgs/share/humanoid_mpc_msgs/cmake/ament_cmake_export_libraries-extras.cmake
-- Up-to-date symlink: /wb_humanoid_mpc_ws/install/humanoid_mpc_msgs/share/humanoid_mpc_msgs/cmake/ament_cmake_export_targets-extras.cmake
-- Up-to-date symlink: /wb_humanoid_mpc_ws/install/humanoid_mpc_msgs/share/humanoid_mpc_msgs/cmake/rosidl_cmake_export_typesupport_targets-extras.cmake
-- Up-to-date symlink: /wb_humanoid_mpc_ws/install/humanoid_mpc_msgs/share/humanoid_mpc_msgs/cmake/rosidl_cmake_export_typesupport_libraries-extras.cmake
-- Up-to-date symlink: /wb_humanoid_mpc_ws/install/humanoid_mpc_msgs/share/humanoid_mpc_msgs/cmake/rosidl_cmake_aggregate_target-extras.cmake
-- Up-to-date symlink: /wb_humanoid_mpc_ws/install/humanoid_mpc_msgs/share/humanoid_mpc_msgs/cmake/humanoid_mpc_msgsConfig.cmake
-- Up-to-date symlink: /wb_humanoid_mpc_ws/install/humanoid_mpc_msgs/share/humanoid_mpc_msgs/cmake/humanoid_mpc_msgsConfig-version.cmake
-- Up-to-date symlink: /wb_humanoid_mpc_ws/install/humanoid_mpc_msgs/share/humanoid_mpc_msgs/package.xml
-- Up-to-date: /wb_humanoid_mpc_ws/install/humanoid_mpc_msgs/lib/libhumanoid_mpc_msgs__rosidl_generator_c.so
-- Up-to-date: /wb_humanoid_mpc_ws/install/humanoid_mpc_msgs/lib/libhumanoid_mpc_msgs__rosidl_typesupport_fastrtps_c.so
-- Up-to-date: /wb_humanoid_mpc_ws/install/humanoid_mpc_msgs/lib/libhumanoid_mpc_msgs__rosidl_typesupport_introspection_c.so
-- Up-to-date: /wb_humanoid_mpc_ws/install/humanoid_mpc_msgs/lib/libhumanoid_mpc_msgs__rosidl_typesupport_c.so
-- Up-to-date: /wb_humanoid_mpc_ws/install/humanoid_mpc_msgs/lib/libhumanoid_mpc_msgs__rosidl_typesupport_fastrtps_cpp.so
-- Up-to-date: /wb_humanoid_mpc_ws/install/humanoid_mpc_msgs/lib/libhumanoid_mpc_msgs__rosidl_typesupport_introspection_cpp.so
-- Up-to-date: /wb_humanoid_mpc_ws/install/humanoid_mpc_msgs/lib/libhumanoid_mpc_msgs__rosidl_typesupport_cpp.so
Listing '/wb_humanoid_mpc_ws/install/humanoid_mpc_msgs/lib/python3.12/site-packages/humanoid_mpc_msgs'...
Listing '/wb_humanoid_mpc_ws/install/humanoid_mpc_msgs/lib/python3.12/site-packages/humanoid_mpc_msgs/msg'...
-- Up-to-date: /wb_humanoid_mpc_ws/install/humanoid_mpc_msgs/lib/libhumanoid_mpc_msgs__rosidl_generator_py.so
-- Up-to-date: /wb_humanoid_mpc_ws/install/humanoid_mpc_msgs/share/humanoid_mpc_msgs/cmake/export_humanoid_mpc_msgs__rosidl_generator_cExport.cmake
-- Up-to-date: /wb_humanoid_mpc_ws/install/humanoid_mpc_msgs/share/humanoid_mpc_msgs/cmake/export_humanoid_mpc_msgs__rosidl_generator_cExport-release.cmake
-- Up-to-date: /wb_humanoid_mpc_ws/install/humanoid_mpc_msgs/share/humanoid_mpc_msgs/cmake/export_humanoid_mpc_msgs__rosidl_typesupport_fastrtps_cExport.cmake
-- Up-to-date: /wb_humanoid_mpc_ws/install/humanoid_mpc_msgs/share/humanoid_mpc_msgs/cmake/export_humanoid_mpc_msgs__rosidl_typesupport_fastrtps_cExport-release.cmake
-- Up-to-date: /wb_humanoid_mpc_ws/install/humanoid_mpc_msgs/share/humanoid_mpc_msgs/cmake/humanoid_mpc_msgs__rosidl_typesupport_introspection_cExport.cmake
-- Up-to-date: /wb_humanoid_mpc_ws/install/humanoid_mpc_msgs/share/humanoid_mpc_msgs/cmake/humanoid_mpc_msgs__rosidl_typesupport_introspection_cExport-release.cmake
-- Up-to-date: /wb_humanoid_mpc_ws/install/humanoid_mpc_msgs/share/humanoid_mpc_msgs/cmake/humanoid_mpc_msgs__rosidl_typesupport_cExport.cmake
-- Up-to-date: /wb_humanoid_mpc_ws/install/humanoid_mpc_msgs/share/humanoid_mpc_msgs/cmake/humanoid_mpc_msgs__rosidl_typesupport_cExport-release.cmake
-- Up-to-date: /wb_humanoid_mpc_ws/install/humanoid_mpc_msgs/share/humanoid_mpc_msgs/cmake/export_humanoid_mpc_msgs__rosidl_generator_cppExport.cmake
-- Up-to-date: /wb_humanoid_mpc_ws/install/humanoid_mpc_msgs/share/humanoid_mpc_msgs/cmake/export_humanoid_mpc_msgs__rosidl_typesupport_fastrtps_cppExport.cmake
-- Up-to-date: /wb_humanoid_mpc_ws/install/humanoid_mpc_msgs/share/humanoid_mpc_msgs/cmake/export_humanoid_mpc_msgs__rosidl_typesupport_fastrtps_cppExport-release.cmake
-- Up-to-date: /wb_humanoid_mpc_ws/install/humanoid_mpc_msgs/share/humanoid_mpc_msgs/cmake/humanoid_mpc_msgs__rosidl_typesupport_introspection_cppExport.cmake
-- Up-to-date: /wb_humanoid_mpc_ws/install/humanoid_mpc_msgs/share/humanoid_mpc_msgs/cmake/humanoid_mpc_msgs__rosidl_typesupport_introspection_cppExport-release.cmake
-- Up-to-date: /wb_humanoid_mpc_ws/install/humanoid_mpc_msgs/share/humanoid_mpc_msgs/cmake/humanoid_mpc_msgs__rosidl_typesupport_cppExport.cmake
-- Up-to-date: /wb_humanoid_mpc_ws/install/humanoid_mpc_msgs/share/humanoid_mpc_msgs/cmake/humanoid_mpc_msgs__rosidl_typesupport_cppExport-release.cmake
-- Up-to-date: /wb_humanoid_mpc_ws/install/humanoid_mpc_msgs/share/humanoid_mpc_msgs/cmake/export_humanoid_mpc_msgs__rosidl_generator_pyExport.cmake
-- Up-to-date: /wb_humanoid_mpc_ws/install/humanoid_mpc_msgs/share/humanoid_mpc_msgs/cmake/export_humanoid_mpc_msgs__rosidl_generator_pyExport-release.cmake
---
Finished <<< humanoid_mpc_msgs [0.26s]
Starting >>> remote_control
/usr/lib/python3/dist-packages/setuptools/dist.py:744: SetuptoolsDeprecationWarning: Invalid dash-separated options
!!

        ********************************************************************************
        Usage of dash-separated 'script-dir' will not be supported in future
        versions. Please use the underscore name 'script_dir' instead.

        This deprecation is overdue, please update your project and remove deprecated
        calls to avoid build errors in the future.

        See https://setuptools.pypa.io/en/latest/userguide/declarative_config.html for details.
        ********************************************************************************

!!
  opt = self.warn_dash_deprecation(opt, section)
/usr/lib/python3/dist-packages/setuptools/dist.py:744: SetuptoolsDeprecationWarning: Invalid dash-separated options
!!

        ********************************************************************************
        Usage of dash-separated 'install-scripts' will not be supported in future
        versions. Please use the underscore name 'install_scripts' instead.

        This deprecation is overdue, please update your project and remove deprecated
        calls to avoid build errors in the future.

        See https://setuptools.pypa.io/en/latest/userguide/declarative_config.html for details.
        ********************************************************************************

!!
  opt = self.warn_dash_deprecation(opt, section)
--- stderr: catkin
/usr/lib/python3/dist-packages/setuptools/_distutils/cmd.py:66: SetuptoolsDeprecationWarning: setup.py install is deprecated.
!!

        ********************************************************************************
        Please avoid running ``setup.py`` directly.
        Instead, use pypa/build, pypa/installer or other
        standards-based tools.

        See https://blog.ganssle.io/articles/2021/10/setup-py-deprecated.html for details.
        ********************************************************************************

!!
  self.initialize_options()
---
--- output: catkin
ninja: no work to do.
ninja: no work to do.
-- Install configuration: "Release"
-- Execute custom install script
-- Up-to-date symlink: /wb_humanoid_mpc_ws/install/catkin/lib/pkgconfig/catkin.pc
-- Up-to-date symlink: /wb_humanoid_mpc_ws/install/catkin/share/catkin/cmake/catkinConfig.cmake
-- Up-to-date symlink: /wb_humanoid_mpc_ws/install/catkin/share/catkin/cmake/catkinConfig-version.cmake
-- Up-to-date symlink: /wb_humanoid_mpc_ws/install/catkin/share/catkin/package.xml
-- Up-to-date symlink: /wb_humanoid_mpc_ws/install/catkin/share/catkin/LICENSE
-- Up-to-date: /wb_humanoid_mpc_ws/install/catkin/share/catkin/cmake
-- Up-to-date: /wb_humanoid_mpc_ws/install/catkin/share/catkin/cmake/symlink_install
-- Up-to-date: /wb_humanoid_mpc_ws/install/catkin/share/catkin/cmake/symlink_install/catkin_symlink_install_directory.cmake
-- Up-to-date: /wb_humanoid_mpc_ws/install/catkin/share/catkin/cmake/symlink_install/catkin_symlink_install_append_install_code.cmake
-- Up-to-date: /wb_humanoid_mpc_ws/install/catkin/share/catkin/cmake/symlink_install/catkin_symlink_install.cmake.in
-- Up-to-date: /wb_humanoid_mpc_ws/install/catkin/share/catkin/cmake/symlink_install/install.cmake
-- Up-to-date: /wb_humanoid_mpc_ws/install/catkin/share/catkin/cmake/symlink_install/catkin_symlink_install_programs.cmake
-- Up-to-date: /wb_humanoid_mpc_ws/install/catkin/share/catkin/cmake/symlink_install/catkin_symlink_install_targets.cmake
-- Up-to-date: /wb_humanoid_mpc_ws/install/catkin/share/catkin/cmake/symlink_install/catkin_install_logic.cmake
-- Up-to-date: /wb_humanoid_mpc_ws/install/catkin/share/catkin/cmake/symlink_install/catkin_symlink_install_files.cmake
-- Up-to-date: /wb_humanoid_mpc_ws/install/catkin/share/catkin/cmake/debug_message.cmake
-- Up-to-date: /wb_humanoid_mpc_ws/install/catkin/share/catkin/cmake/string_starts_with.cmake
-- Up-to-date: /wb_humanoid_mpc_ws/install/catkin/share/catkin/cmake/templates
-- Up-to-date: /wb_humanoid_mpc_ws/install/catkin/share/catkin/cmake/templates/python_win32_wrapper.cpp.in
-- Up-to-date: /wb_humanoid_mpc_ws/install/catkin/share/catkin/cmake/templates/__init__.py.in
-- Up-to-date: /wb_humanoid_mpc_ws/install/catkin/share/catkin/cmake/templates/local_setup.bat.in
-- Up-to-date: /wb_humanoid_mpc_ws/install/catkin/share/catkin/cmake/templates/relay.py.in
-- Up-to-date: /wb_humanoid_mpc_ws/install/catkin/share/catkin/cmake/templates/rosinstall.in
-- Up-to-date: /wb_humanoid_mpc_ws/install/catkin/share/catkin/cmake/templates/pkgConfig.cmake.in
-- Up-to-date: /wb_humanoid_mpc_ws/install/catkin/share/catkin/cmake/templates/cfg-extras.context.py.in
-- Up-to-date: /wb_humanoid_mpc_ws/install/catkin/share/catkin/cmake/templates/local_setup.fish.in
-- Up-to-date: /wb_humanoid_mpc_ws/install/catkin/share/catkin/cmake/templates/_setup_util.py.in
-- Up-to-date: /wb_humanoid_mpc_ws/install/catkin/share/catkin/cmake/templates/local_setup.zsh.in
-- Up-to-date: /wb_humanoid_mpc_ws/install/catkin/share/catkin/cmake/templates/script.bash.in
-- Up-to-date: /wb_humanoid_mpc_ws/install/catkin/share/catkin/cmake/templates/env.sh.in
-- Up-to-date: /wb_humanoid_mpc_ws/install/catkin/share/catkin/cmake/templates/setup.bat.in
-- Up-to-date: /wb_humanoid_mpc_ws/install/catkin/share/catkin/cmake/templates/env.bat.in
-- Up-to-date: /wb_humanoid_mpc_ws/install/catkin/share/catkin/cmake/templates/safe_execute_install.cmake.in
-- Up-to-date: /wb_humanoid_mpc_ws/install/catkin/share/catkin/cmake/templates/pkgConfig-version.cmake.in
-- Up-to-date: /wb_humanoid_mpc_ws/install/catkin/share/catkin/cmake/templates/generate_cached_setup.py.in
-- Up-to-date: /wb_humanoid_mpc_ws/install/catkin/share/catkin/cmake/templates/setup.sh.in
-- Up-to-date: /wb_humanoid_mpc_ws/install/catkin/share/catkin/cmake/templates/Doxyfile.in
-- Up-to-date: /wb_humanoid_mpc_ws/install/catkin/share/catkin/cmake/templates/local_setup.bash.in
-- Up-to-date: /wb_humanoid_mpc_ws/install/catkin/share/catkin/cmake/templates/setup.zsh.in
-- Up-to-date: /wb_humanoid_mpc_ws/install/catkin/share/catkin/cmake/templates/script.in
-- Up-to-date: /wb_humanoid_mpc_ws/install/catkin/share/catkin/cmake/templates/order_packages.context.py.in
-- Up-to-date: /wb_humanoid_mpc_ws/install/catkin/share/catkin/cmake/templates/local_setup.sh.in
-- Up-to-date: /wb_humanoid_mpc_ws/install/catkin/share/catkin/cmake/templates/script.sh.in
-- Up-to-date: /wb_humanoid_mpc_ws/install/catkin/share/catkin/cmake/templates/script.bat.in
-- Up-to-date: /wb_humanoid_mpc_ws/install/catkin/share/catkin/cmake/templates/setup.bash.in
-- Up-to-date: /wb_humanoid_mpc_ws/install/catkin/share/catkin/cmake/templates/python_distutils_install.bat.in
-- Up-to-date: /wb_humanoid_mpc_ws/install/catkin/share/catkin/cmake/templates/setup.fish.in
-- Up-to-date: /wb_humanoid_mpc_ws/install/catkin/share/catkin/cmake/templates/script.py.in
-- Up-to-date: /wb_humanoid_mpc_ws/install/catkin/share/catkin/cmake/templates/python_distutils_install.sh.in
-- Up-to-date: /wb_humanoid_mpc_ws/install/catkin/share/catkin/cmake/templates/pkg.context.pc.in
-- Up-to-date: /wb_humanoid_mpc_ws/install/catkin/share/catkin/cmake/templates/env-hook.context.py.in
-- Up-to-date: /wb_humanoid_mpc_ws/install/catkin/share/catkin/cmake/env-hooks
-- Up-to-date: /wb_humanoid_mpc_ws/install/catkin/share/catkin/cmake/env-hooks/05.catkin_make.bash
-- Up-to-date: /wb_humanoid_mpc_ws/install/catkin/share/catkin/cmake/env-hooks/05.catkin_make_isolated.bash
-- Up-to-date: /wb_humanoid_mpc_ws/install/catkin/share/catkin/cmake/catkin_package.cmake
-- Up-to-date: /wb_humanoid_mpc_ws/install/catkin/share/catkin/cmake/catkin_generate_environment.cmake
-- Up-to-date: /wb_humanoid_mpc_ws/install/catkin/share/catkin/cmake/legacy.cmake
-- Up-to-date: /wb_humanoid_mpc_ws/install/catkin/share/catkin/cmake/catkin_package_xml.cmake
-- Up-to-date: /wb_humanoid_mpc_ws/install/catkin/share/catkin/cmake/shell.cmake
-- Up-to-date: /wb_humanoid_mpc_ws/install/catkin/share/catkin/cmake/order_paths.py
-- Up-to-date: /wb_humanoid_mpc_ws/install/catkin/share/catkin/cmake/catkin_destinations.cmake
-- Up-to-date: /wb_humanoid_mpc_ws/install/catkin/share/catkin/cmake/catkin_libraries.cmake
-- Up-to-date: /wb_humanoid_mpc_ws/install/catkin/share/catkin/cmake/python.cmake
-- Up-to-date: /wb_humanoid_mpc_ws/install/catkin/share/catkin/cmake/catkin_symlink_install.cmake
-- Up-to-date: /wb_humanoid_mpc_ws/install/catkin/share/catkin/cmake/custom_install.cmake
-- Up-to-date: /wb_humanoid_mpc_ws/install/catkin/share/catkin/cmake/toplevel.cmake
-- Up-to-date: /wb_humanoid_mpc_ws/install/catkin/share/catkin/cmake/platform
-- Up-to-date: /wb_humanoid_mpc_ws/install/catkin/share/catkin/cmake/platform/ubuntu.cmake
-- Up-to-date: /wb_humanoid_mpc_ws/install/catkin/share/catkin/cmake/platform/lsb.cmake
-- Up-to-date: /wb_humanoid_mpc_ws/install/catkin/share/catkin/cmake/platform/windows.cmake
-- Up-to-date: /wb_humanoid_mpc_ws/install/catkin/share/catkin/cmake/parse_package_xml.py
-- Up-to-date: /wb_humanoid_mpc_ws/install/catkin/share/catkin/cmake/safe_execute_process.cmake
-- Up-to-date: /wb_humanoid_mpc_ws/install/catkin/share/catkin/cmake/catkin_python_setup.cmake
-- Up-to-date: /wb_humanoid_mpc_ws/install/catkin/share/catkin/cmake/catkin_add_env_hooks.cmake
-- Up-to-date: /wb_humanoid_mpc_ws/install/catkin/share/catkin/cmake/tools
-- Up-to-date: /wb_humanoid_mpc_ws/install/catkin/share/catkin/cmake/tools/bz2.cmake
-- Up-to-date: /wb_humanoid_mpc_ws/install/catkin/share/catkin/cmake/tools/rt.cmake
-- Up-to-date: /wb_humanoid_mpc_ws/install/catkin/share/catkin/cmake/tools/doxygen.cmake
-- Up-to-date: /wb_humanoid_mpc_ws/install/catkin/share/catkin/cmake/tools/threads.cmake
-- Up-to-date: /wb_humanoid_mpc_ws/install/catkin/share/catkin/cmake/tools/libraries.cmake
-- Up-to-date: /wb_humanoid_mpc_ws/install/catkin/share/catkin/cmake/list_append_deduplicate.cmake
-- Up-to-date: /wb_humanoid_mpc_ws/install/catkin/share/catkin/cmake/catkin_workspace.cmake
-- Up-to-date: /wb_humanoid_mpc_ws/install/catkin/share/catkin/cmake/catkin_metapackage.cmake
-- Up-to-date: /wb_humanoid_mpc_ws/install/catkin/share/catkin/cmake/list_append_unique.cmake
-- Up-to-date: /wb_humanoid_mpc_ws/install/catkin/share/catkin/cmake/assert.cmake
-- Up-to-date: /wb_humanoid_mpc_ws/install/catkin/share/catkin/cmake/catkin_install_python.cmake
-- Up-to-date: /wb_humanoid_mpc_ws/install/catkin/share/catkin/cmake/atomic_configure_file.cmake
-- Up-to-date: /wb_humanoid_mpc_ws/install/catkin/share/catkin/cmake/test
-- Up-to-date: /wb_humanoid_mpc_ws/install/catkin/share/catkin/cmake/test/gtest.cmake
-- Up-to-date: /wb_humanoid_mpc_ws/install/catkin/share/catkin/cmake/test/tests.cmake
-- Up-to-date: /wb_humanoid_mpc_ws/install/catkin/share/catkin/cmake/test/run_tests.py
-- Up-to-date: /wb_humanoid_mpc_ws/install/catkin/share/catkin/cmake/test/catkin_download_test_data.cmake
-- Up-to-date: /wb_humanoid_mpc_ws/install/catkin/share/catkin/cmake/test/download_checkmd5.py
-- Up-to-date: /wb_humanoid_mpc_ws/install/catkin/share/catkin/cmake/test/nosetests.cmake
-- Up-to-date: /wb_humanoid_mpc_ws/install/catkin/share/catkin/cmake/test/remove_test_results.py
-- Up-to-date: /wb_humanoid_mpc_ws/install/catkin/share/catkin/cmake/em
-- Up-to-date: /wb_humanoid_mpc_ws/install/catkin/share/catkin/cmake/em/pkg.pc.em
-- Up-to-date: /wb_humanoid_mpc_ws/install/catkin/share/catkin/cmake/em/order_packages.cmake.em
-- Up-to-date: /wb_humanoid_mpc_ws/install/catkin/share/catkin/cmake/em_expand.cmake
-- Up-to-date: /wb_humanoid_mpc_ws/install/catkin/share/catkin/cmake/find_program_required.cmake
-- Up-to-date: /wb_humanoid_mpc_ws/install/catkin/share/catkin/cmake/empy.cmake
-- Up-to-date: /wb_humanoid_mpc_ws/install/catkin/share/catkin/cmake/interrogate_setup_dot_py.py
-- Up-to-date: /wb_humanoid_mpc_ws/install/catkin/share/catkin/cmake/catkin_download.cmake
-- Up-to-date: /wb_humanoid_mpc_ws/install/catkin/share/catkin/cmake/list_insert_in_workspace_order.cmake
-- Up-to-date: /wb_humanoid_mpc_ws/install/catkin/share/catkin/cmake/all.cmake
-- Up-to-date: /wb_humanoid_mpc_ws/install/catkin/share/catkin/cmake/stamp.cmake
+ cd /wb_humanoid_mpc_ws/workspace/wb_humanoid_mpc/lib/catkin
+ mkdir -p /wb_humanoid_mpc_ws/install/catkin/lib/python3/dist-packages
+ /usr/bin/env PYTHONPATH=/wb_humanoid_mpc_ws/install/catkin/lib/python3/dist-packages:/wb_humanoid_mpc_ws/build/catkin/lib/python3/dist-packages:/opt/ros/jazzy/lib/python3.12/site-packages CATKIN_BINARY_DIR=/wb_humanoid_mpc_ws/build/catkin /usr/bin/python3 /wb_humanoid_mpc_ws/workspace/wb_humanoid_mpc/lib/catkin/setup.py egg_info --egg-base /wb_humanoid_mpc_ws/build/catkin build --build-base /wb_humanoid_mpc_ws/build/catkin install --root=/ --install-layout=deb --prefix=/wb_humanoid_mpc_ws/install/catkin --install-scripts=/wb_humanoid_mpc_ws/install/catkin/bin
running egg_info
writing /wb_humanoid_mpc_ws/build/catkin/catkin.egg-info/PKG-INFO
writing dependency_links to /wb_humanoid_mpc_ws/build/catkin/catkin.egg-info/dependency_links.txt
writing top-level names to /wb_humanoid_mpc_ws/build/catkin/catkin.egg-info/top_level.txt
reading manifest file '/wb_humanoid_mpc_ws/build/catkin/catkin.egg-info/SOURCES.txt'
adding license file 'LICENSE'
writing manifest file '/wb_humanoid_mpc_ws/build/catkin/catkin.egg-info/SOURCES.txt'
running build
running build_py
running build_scripts
running install
/usr/lib/python3/dist-packages/setuptools/_distutils/cmd.py:66: SetuptoolsDeprecationWarning: setup.py install is deprecated.
!!

        ********************************************************************************
        Please avoid running ``setup.py`` directly.
        Instead, use pypa/build, pypa/installer or other
        standards-based tools.

        See https://blog.ganssle.io/articles/2021/10/setup-py-deprecated.html for details.
        ********************************************************************************

!!
  self.initialize_options()
running install_lib
running install_egg_info
removing '/wb_humanoid_mpc_ws/install/catkin/lib/python3/dist-packages/catkin-0.8.10.egg-info' (and everything under it)
Copying /wb_humanoid_mpc_ws/build/catkin/catkin.egg-info to /wb_humanoid_mpc_ws/install/catkin/lib/python3/dist-packages/catkin-0.8.10.egg-info
Skipping SOURCES.txt
running install_scripts
changing mode of /wb_humanoid_mpc_ws/install/catkin/bin/catkin_make to 755
changing mode of /wb_humanoid_mpc_ws/install/catkin/bin/catkin_init_workspace to 755
changing mode of /wb_humanoid_mpc_ws/install/catkin/bin/catkin_test_results to 755
changing mode of /wb_humanoid_mpc_ws/install/catkin/bin/catkin_topological_order to 755
changing mode of /wb_humanoid_mpc_ws/install/catkin/bin/catkin_make_isolated to 755
changing mode of /wb_humanoid_mpc_ws/install/catkin/bin/catkin_find to 755
---
Finished <<< catkin [0.39s]
--- output: ocs2_ros2_msgs
[1/2] cd /wb_humanoid_mpc_ws/build/ocs2_ros2_msgs && /usr/bin/cmake -E create_symlink /wb_humanoid_mpc_ws/build/ocs2_ros2_msgs/rosidl_generator_py/ocs2_ros2_msgs /wb_humanoid_mpc_ws/build/ocs2_ros2_msgs/ament_cmake_python/ocs2_ros2_msgs/ocs2_ros2_msgs
[2/2] cd /wb_humanoid_mpc_ws/build/ocs2_ros2_msgs/ament_cmake_python/ocs2_ros2_msgs && /usr/bin/python3 setup.py egg_info
running egg_info
writing ocs2_ros2_msgs.egg-info/PKG-INFO
writing dependency_links to ocs2_ros2_msgs.egg-info/dependency_links.txt
writing top-level names to ocs2_ros2_msgs.egg-info/top_level.txt
reading manifest file 'ocs2_ros2_msgs.egg-info/SOURCES.txt'
writing manifest file 'ocs2_ros2_msgs.egg-info/SOURCES.txt'
-- Install configuration: "Release"
-- Execute custom install script
-- Up-to-date symlink: /wb_humanoid_mpc_ws/install/ocs2_ros2_msgs/share/ament_index/resource_index/rosidl_interfaces/ocs2_ros2_msgs
-- Up-to-date symlink: /wb_humanoid_mpc_ws/install/ocs2_ros2_msgs/share/ocs2_ros2_msgs/msg/MpcState.json
-- Up-to-date symlink: /wb_humanoid_mpc_ws/install/ocs2_ros2_msgs/share/ocs2_ros2_msgs/msg/MpcInput.json
-- Up-to-date symlink: /wb_humanoid_mpc_ws/install/ocs2_ros2_msgs/share/ocs2_ros2_msgs/msg/ModeSchedule.json
-- Up-to-date symlink: /wb_humanoid_mpc_ws/install/ocs2_ros2_msgs/share/ocs2_ros2_msgs/msg/MpcObservation.json
-- Up-to-date symlink: /wb_humanoid_mpc_ws/install/ocs2_ros2_msgs/share/ocs2_ros2_msgs/msg/MpcPerformanceIndices.json
-- Up-to-date symlink: /wb_humanoid_mpc_ws/install/ocs2_ros2_msgs/share/ocs2_ros2_msgs/msg/MpcTargetTrajectories.json
-- Up-to-date symlink: /wb_humanoid_mpc_ws/install/ocs2_ros2_msgs/share/ocs2_ros2_msgs/msg/ControllerData.json
-- Up-to-date symlink: /wb_humanoid_mpc_ws/install/ocs2_ros2_msgs/share/ocs2_ros2_msgs/msg/MpcFlattenedController.json
-- Up-to-date symlink: /wb_humanoid_mpc_ws/install/ocs2_ros2_msgs/share/ocs2_ros2_msgs/msg/BezierSegment.json
-- Up-to-date symlink: /wb_humanoid_mpc_ws/install/ocs2_ros2_msgs/share/ocs2_ros2_msgs/msg/BezierTrajectory.json
-- Up-to-date symlink: /wb_humanoid_mpc_ws/install/ocs2_ros2_msgs/share/ocs2_ros2_msgs/msg/ThreeDofPointTS.json
-- Up-to-date symlink: /wb_humanoid_mpc_ws/install/ocs2_ros2_msgs/share/ocs2_ros2_msgs/msg/ThreeDofPath.json
-- Up-to-date symlink: /wb_humanoid_mpc_ws/install/ocs2_ros2_msgs/share/ocs2_ros2_msgs/msg/Gains.json
-- Up-to-date symlink: /wb_humanoid_mpc_ws/install/ocs2_ros2_msgs/share/ocs2_ros2_msgs/msg/IndividualGains.json
-- Up-to-date symlink: /wb_humanoid_mpc_ws/install/ocs2_ros2_msgs/share/ocs2_ros2_msgs/msg/Benchmarks.json
-- Up-to-date symlink: /wb_humanoid_mpc_ws/install/ocs2_ros2_msgs/share/ocs2_ros2_msgs/msg/IndividualBenchmarks.json
-- Up-to-date symlink: /wb_humanoid_mpc_ws/install/ocs2_ros2_msgs/share/ocs2_ros2_msgs/msg/Constraint.json
-- Up-to-date symlink: /wb_humanoid_mpc_ws/install/ocs2_ros2_msgs/share/ocs2_ros2_msgs/msg/LagrangianMetrics.json
-- Up-to-date symlink: /wb_humanoid_mpc_ws/install/ocs2_ros2_msgs/share/ocs2_ros2_msgs/msg/Multiplier.json
-- Up-to-date symlink: /wb_humanoid_mpc_ws/install/ocs2_ros2_msgs/share/ocs2_ros2_msgs/srv/Reset.json
-- Up-to-date symlink: /wb_humanoid_mpc_ws/install/ocs2_ros2_msgs/include/ocs2_ros2_msgs/ocs2_ros2_msgs/msg/benchmarks.h
-- Up-to-date symlink: /wb_humanoid_mpc_ws/install/ocs2_ros2_msgs/include/ocs2_ros2_msgs/ocs2_ros2_msgs/msg/bezier_segment.h
-- Up-to-date symlink: /wb_humanoid_mpc_ws/install/ocs2_ros2_msgs/include/ocs2_ros2_msgs/ocs2_ros2_msgs/msg/bezier_trajectory.h
-- Up-to-date symlink: /wb_humanoid_mpc_ws/install/ocs2_ros2_msgs/include/ocs2_ros2_msgs/ocs2_ros2_msgs/msg/constraint.h
-- Up-to-date symlink: /wb_humanoid_mpc_ws/install/ocs2_ros2_msgs/include/ocs2_ros2_msgs/ocs2_ros2_msgs/msg/controller_data.h
-- Up-to-date symlink: /wb_humanoid_mpc_ws/install/ocs2_ros2_msgs/include/ocs2_ros2_msgs/ocs2_ros2_msgs/msg/detail/benchmarks__functions.h
-- Up-to-date symlink: /wb_humanoid_mpc_ws/install/ocs2_ros2_msgs/include/ocs2_ros2_msgs/ocs2_ros2_msgs/msg/detail/benchmarks__struct.h
-- Up-to-date symlink: /wb_humanoid_mpc_ws/install/ocs2_ros2_msgs/include/ocs2_ros2_msgs/ocs2_ros2_msgs/msg/detail/benchmarks__type_support.h
-- Up-to-date symlink: /wb_humanoid_mpc_ws/install/ocs2_ros2_msgs/include/ocs2_ros2_msgs/ocs2_ros2_msgs/msg/detail/bezier_segment__functions.h
-- Up-to-date symlink: /wb_humanoid_mpc_ws/install/ocs2_ros2_msgs/include/ocs2_ros2_msgs/ocs2_ros2_msgs/msg/detail/bezier_segment__struct.h
-- Up-to-date symlink: /wb_humanoid_mpc_ws/install/ocs2_ros2_msgs/include/ocs2_ros2_msgs/ocs2_ros2_msgs/msg/detail/bezier_segment__type_support.h
-- Up-to-date symlink: /wb_humanoid_mpc_ws/install/ocs2_ros2_msgs/include/ocs2_ros2_msgs/ocs2_ros2_msgs/msg/detail/bezier_trajectory__functions.h
-- Up-to-date symlink: /wb_humanoid_mpc_ws/install/ocs2_ros2_msgs/include/ocs2_ros2_msgs/ocs2_ros2_msgs/msg/detail/bezier_trajectory__struct.h
-- Up-to-date symlink: /wb_humanoid_mpc_ws/install/ocs2_ros2_msgs/include/ocs2_ros2_msgs/ocs2_ros2_msgs/msg/detail/bezier_trajectory__type_support.h
-- Up-to-date symlink: /wb_humanoid_mpc_ws/install/ocs2_ros2_msgs/include/ocs2_ros2_msgs/ocs2_ros2_msgs/msg/detail/constraint__functions.h
-- Up-to-date symlink: /wb_humanoid_mpc_ws/install/ocs2_ros2_msgs/include/ocs2_ros2_msgs/ocs2_ros2_msgs/msg/detail/constraint__struct.h
-- Up-to-date symlink: /wb_humanoid_mpc_ws/install/ocs2_ros2_msgs/include/ocs2_ros2_msgs/ocs2_ros2_msgs/msg/detail/constraint__type_support.h
-- Up-to-date symlink: /wb_humanoid_mpc_ws/install/ocs2_ros2_msgs/include/ocs2_ros2_msgs/ocs2_ros2_msgs/msg/detail/controller_data__functions.h
-- Up-to-date symlink: /wb_humanoid_mpc_ws/install/ocs2_ros2_msgs/include/ocs2_ros2_msgs/ocs2_ros2_msgs/msg/detail/controller_data__struct.h
-- Up-to-date symlink: /wb_humanoid_mpc_ws/install/ocs2_ros2_msgs/include/ocs2_ros2_msgs/ocs2_ros2_msgs/msg/detail/controller_data__type_support.h
-- Up-to-date symlink: /wb_humanoid_mpc_ws/install/ocs2_ros2_msgs/include/ocs2_ros2_msgs/ocs2_ros2_msgs/msg/detail/gains__functions.h
-- Up-to-date symlink: /wb_humanoid_mpc_ws/install/ocs2_ros2_msgs/include/ocs2_ros2_msgs/ocs2_ros2_msgs/msg/detail/gains__struct.h
-- Up-to-date symlink: /wb_humanoid_mpc_ws/install/ocs2_ros2_msgs/include/ocs2_ros2_msgs/ocs2_ros2_msgs/msg/detail/gains__type_support.h
-- Up-to-date symlink: /wb_humanoid_mpc_ws/install/ocs2_ros2_msgs/include/ocs2_ros2_msgs/ocs2_ros2_msgs/msg/detail/individual_benchmarks__functions.h
-- Up-to-date symlink: /wb_humanoid_mpc_ws/install/ocs2_ros2_msgs/include/ocs2_ros2_msgs/ocs2_ros2_msgs/msg/detail/individual_benchmarks__struct.h
-- Up-to-date symlink: /wb_humanoid_mpc_ws/install/ocs2_ros2_msgs/include/ocs2_ros2_msgs/ocs2_ros2_msgs/msg/detail/individual_benchmarks__type_support.h
-- Up-to-date symlink: /wb_humanoid_mpc_ws/install/ocs2_ros2_msgs/include/ocs2_ros2_msgs/ocs2_ros2_msgs/msg/detail/individual_gains__functions.h
-- Up-to-date symlink: /wb_humanoid_mpc_ws/install/ocs2_ros2_msgs/include/ocs2_ros2_msgs/ocs2_ros2_msgs/msg/detail/individual_gains__struct.h
-- Up-to-date symlink: /wb_humanoid_mpc_ws/install/ocs2_ros2_msgs/include/ocs2_ros2_msgs/ocs2_ros2_msgs/msg/detail/individual_gains__type_support.h
-- Up-to-date symlink: /wb_humanoid_mpc_ws/install/ocs2_ros2_msgs/include/ocs2_ros2_msgs/ocs2_ros2_msgs/msg/detail/lagrangian_metrics__functions.h
-- Up-to-date symlink: /wb_humanoid_mpc_ws/install/ocs2_ros2_msgs/include/ocs2_ros2_msgs/ocs2_ros2_msgs/msg/detail/lagrangian_metrics__struct.h
-- Up-to-date symlink: /wb_humanoid_mpc_ws/install/ocs2_ros2_msgs/include/ocs2_ros2_msgs/ocs2_ros2_msgs/msg/detail/lagrangian_metrics__type_support.h
-- Up-to-date symlink: /wb_humanoid_mpc_ws/install/ocs2_ros2_msgs/include/ocs2_ros2_msgs/ocs2_ros2_msgs/msg/detail/mode_schedule__functions.h
-- Up-to-date symlink: /wb_humanoid_mpc_ws/install/ocs2_ros2_msgs/include/ocs2_ros2_msgs/ocs2_ros2_msgs/msg/detail/mode_schedule__struct.h
-- Up-to-date symlink: /wb_humanoid_mpc_ws/install/ocs2_ros2_msgs/include/ocs2_ros2_msgs/ocs2_ros2_msgs/msg/detail/mode_schedule__type_support.h
-- Up-to-date symlink: /wb_humanoid_mpc_ws/install/ocs2_ros2_msgs/include/ocs2_ros2_msgs/ocs2_ros2_msgs/msg/detail/mpc_flattened_controller__functions.h
-- Up-to-date symlink: /wb_humanoid_mpc_ws/install/ocs2_ros2_msgs/include/ocs2_ros2_msgs/ocs2_ros2_msgs/msg/detail/mpc_flattened_controller__struct.h
-- Up-to-date symlink: /wb_humanoid_mpc_ws/install/ocs2_ros2_msgs/include/ocs2_ros2_msgs/ocs2_ros2_msgs/msg/detail/mpc_flattened_controller__type_support.h
-- Up-to-date symlink: /wb_humanoid_mpc_ws/install/ocs2_ros2_msgs/include/ocs2_ros2_msgs/ocs2_ros2_msgs/msg/detail/mpc_input__functions.h
-- Up-to-date symlink: /wb_humanoid_mpc_ws/install/ocs2_ros2_msgs/include/ocs2_ros2_msgs/ocs2_ros2_msgs/msg/detail/mpc_input__struct.h
-- Up-to-date symlink: /wb_humanoid_mpc_ws/install/ocs2_ros2_msgs/include/ocs2_ros2_msgs/ocs2_ros2_msgs/msg/detail/mpc_input__type_support.h
-- Up-to-date symlink: /wb_humanoid_mpc_ws/install/ocs2_ros2_msgs/include/ocs2_ros2_msgs/ocs2_ros2_msgs/msg/detail/mpc_observation__functions.h
-- Up-to-date symlink: /wb_humanoid_mpc_ws/install/ocs2_ros2_msgs/include/ocs2_ros2_msgs/ocs2_ros2_msgs/msg/detail/mpc_observation__struct.h
-- Up-to-date symlink: /wb_humanoid_mpc_ws/install/ocs2_ros2_msgs/include/ocs2_ros2_msgs/ocs2_ros2_msgs/msg/detail/mpc_observation__type_support.h
-- Up-to-date symlink: /wb_humanoid_mpc_ws/install/ocs2_ros2_msgs/include/ocs2_ros2_msgs/ocs2_ros2_msgs/msg/detail/mpc_performance_indices__functions.h
-- Up-to-date symlink: /wb_humanoid_mpc_ws/install/ocs2_ros2_msgs/include/ocs2_ros2_msgs/ocs2_ros2_msgs/msg/detail/mpc_performance_indices__struct.h
-- Up-to-date symlink: /wb_humanoid_mpc_ws/install/ocs2_ros2_msgs/include/ocs2_ros2_msgs/ocs2_ros2_msgs/msg/detail/mpc_performance_indices__type_support.h
-- Up-to-date symlink: /wb_humanoid_mpc_ws/install/ocs2_ros2_msgs/include/ocs2_ros2_msgs/ocs2_ros2_msgs/msg/detail/mpc_state__functions.h
-- Up-to-date symlink: /wb_humanoid_mpc_ws/install/ocs2_ros2_msgs/include/ocs2_ros2_msgs/ocs2_ros2_msgs/msg/detail/mpc_state__struct.h
-- Up-to-date symlink: /wb_humanoid_mpc_ws/install/ocs2_ros2_msgs/include/ocs2_ros2_msgs/ocs2_ros2_msgs/msg/detail/mpc_state__type_support.h
-- Up-to-date symlink: /wb_humanoid_mpc_ws/install/ocs2_ros2_msgs/include/ocs2_ros2_msgs/ocs2_ros2_msgs/msg/detail/mpc_target_trajectories__functions.h
-- Up-to-date symlink: /wb_humanoid_mpc_ws/install/ocs2_ros2_msgs/include/ocs2_ros2_msgs/ocs2_ros2_msgs/msg/detail/mpc_target_trajectories__struct.h
-- Up-to-date symlink: /wb_humanoid_mpc_ws/install/ocs2_ros2_msgs/include/ocs2_ros2_msgs/ocs2_ros2_msgs/msg/detail/mpc_target_trajectories__type_support.h
-- Up-to-date symlink: /wb_humanoid_mpc_ws/install/ocs2_ros2_msgs/include/ocs2_ros2_msgs/ocs2_ros2_msgs/msg/detail/multiplier__functions.h
-- Up-to-date symlink: /wb_humanoid_mpc_ws/install/ocs2_ros2_msgs/include/ocs2_ros2_msgs/ocs2_ros2_msgs/msg/detail/multiplier__struct.h
-- Up-to-date symlink: /wb_humanoid_mpc_ws/install/ocs2_ros2_msgs/include/ocs2_ros2_msgs/ocs2_ros2_msgs/msg/detail/multiplier__type_support.h
-- Up-to-date symlink: /wb_humanoid_mpc_ws/install/ocs2_ros2_msgs/include/ocs2_ros2_msgs/ocs2_ros2_msgs/msg/detail/three_dof_path__functions.h
-- Up-to-date symlink: /wb_humanoid_mpc_ws/install/ocs2_ros2_msgs/include/ocs2_ros2_msgs/ocs2_ros2_msgs/msg/detail/three_dof_path__struct.h
-- Up-to-date symlink: /wb_humanoid_mpc_ws/install/ocs2_ros2_msgs/include/ocs2_ros2_msgs/ocs2_ros2_msgs/msg/detail/three_dof_path__type_support.h
-- Up-to-date symlink: /wb_humanoid_mpc_ws/install/ocs2_ros2_msgs/include/ocs2_ros2_msgs/ocs2_ros2_msgs/msg/detail/three_dof_point_ts__functions.h
-- Up-to-date symlink: /wb_humanoid_mpc_ws/install/ocs2_ros2_msgs/include/ocs2_ros2_msgs/ocs2_ros2_msgs/msg/detail/three_dof_point_ts__struct.h
-- Up-to-date symlink: /wb_humanoid_mpc_ws/install/ocs2_ros2_msgs/include/ocs2_ros2_msgs/ocs2_ros2_msgs/msg/detail/three_dof_point_ts__type_support.h
-- Up-to-date symlink: /wb_humanoid_mpc_ws/install/ocs2_ros2_msgs/include/ocs2_ros2_msgs/ocs2_ros2_msgs/msg/gains.h
-- Up-to-date symlink: /wb_humanoid_mpc_ws/install/ocs2_ros2_msgs/include/ocs2_ros2_msgs/ocs2_ros2_msgs/msg/individual_benchmarks.h
-- Up-to-date symlink: /wb_humanoid_mpc_ws/install/ocs2_ros2_msgs/include/ocs2_ros2_msgs/ocs2_ros2_msgs/msg/individual_gains.h
-- Up-to-date symlink: /wb_humanoid_mpc_ws/install/ocs2_ros2_msgs/include/ocs2_ros2_msgs/ocs2_ros2_msgs/msg/lagrangian_metrics.h
-- Up-to-date symlink: /wb_humanoid_mpc_ws/install/ocs2_ros2_msgs/include/ocs2_ros2_msgs/ocs2_ros2_msgs/msg/mode_schedule.h
-- Up-to-date symlink: /wb_humanoid_mpc_ws/install/ocs2_ros2_msgs/include/ocs2_ros2_msgs/ocs2_ros2_msgs/msg/mpc_flattened_controller.h
-- Up-to-date symlink: /wb_humanoid_mpc_ws/install/ocs2_ros2_msgs/include/ocs2_ros2_msgs/ocs2_ros2_msgs/msg/mpc_input.h
-- Up-to-date symlink: /wb_humanoid_mpc_ws/install/ocs2_ros2_msgs/include/ocs2_ros2_msgs/ocs2_ros2_msgs/msg/mpc_observation.h
-- Up-to-date symlink: /wb_humanoid_mpc_ws/install/ocs2_ros2_msgs/include/ocs2_ros2_msgs/ocs2_ros2_msgs/msg/mpc_performance_indices.h
-- Up-to-date symlink: /wb_humanoid_mpc_ws/install/ocs2_ros2_msgs/include/ocs2_ros2_msgs/ocs2_ros2_msgs/msg/mpc_state.h
-- Up-to-date symlink: /wb_humanoid_mpc_ws/install/ocs2_ros2_msgs/include/ocs2_ros2_msgs/ocs2_ros2_msgs/msg/mpc_target_trajectories.h
-- Up-to-date symlink: /wb_humanoid_mpc_ws/install/ocs2_ros2_msgs/include/ocs2_ros2_msgs/ocs2_ros2_msgs/msg/multiplier.h
-- Up-to-date symlink: /wb_humanoid_mpc_ws/install/ocs2_ros2_msgs/include/ocs2_ros2_msgs/ocs2_ros2_msgs/msg/rosidl_generator_c__visibility_control.h
-- Up-to-date symlink: /wb_humanoid_mpc_ws/install/ocs2_ros2_msgs/include/ocs2_ros2_msgs/ocs2_ros2_msgs/msg/three_dof_path.h
-- Up-to-date symlink: /wb_humanoid_mpc_ws/install/ocs2_ros2_msgs/include/ocs2_ros2_msgs/ocs2_ros2_msgs/msg/three_dof_point_ts.h
-- Up-to-date symlink: /wb_humanoid_mpc_ws/install/ocs2_ros2_msgs/include/ocs2_ros2_msgs/ocs2_ros2_msgs/srv/detail/reset__functions.h
-- Up-to-date symlink: /wb_humanoid_mpc_ws/install/ocs2_ros2_msgs/include/ocs2_ros2_msgs/ocs2_ros2_msgs/srv/detail/reset__struct.h
-- Up-to-date symlink: /wb_humanoid_mpc_ws/install/ocs2_ros2_msgs/include/ocs2_ros2_msgs/ocs2_ros2_msgs/srv/detail/reset__type_support.h
-- Up-to-date symlink: /wb_humanoid_mpc_ws/install/ocs2_ros2_msgs/include/ocs2_ros2_msgs/ocs2_ros2_msgs/srv/reset.h
-- Up-to-date symlink: /wb_humanoid_mpc_ws/install/ocs2_ros2_msgs/share/ocs2_ros2_msgs/environment/library_path.sh
-- Up-to-date symlink: /wb_humanoid_mpc_ws/install/ocs2_ros2_msgs/share/ocs2_ros2_msgs/environment/library_path.dsv
-- Up-to-date symlink: /wb_humanoid_mpc_ws/install/ocs2_ros2_msgs/include/ocs2_ros2_msgs/ocs2_ros2_msgs/msg/detail/benchmarks__rosidl_typesupport_fastrtps_c.h
-- Up-to-date symlink: /wb_humanoid_mpc_ws/install/ocs2_ros2_msgs/include/ocs2_ros2_msgs/ocs2_ros2_msgs/msg/detail/bezier_segment__rosidl_typesupport_fastrtps_c.h
-- Up-to-date symlink: /wb_humanoid_mpc_ws/install/ocs2_ros2_msgs/include/ocs2_ros2_msgs/ocs2_ros2_msgs/msg/detail/bezier_trajectory__rosidl_typesupport_fastrtps_c.h
-- Up-to-date symlink: /wb_humanoid_mpc_ws/install/ocs2_ros2_msgs/include/ocs2_ros2_msgs/ocs2_ros2_msgs/msg/detail/constraint__rosidl_typesupport_fastrtps_c.h
-- Up-to-date symlink: /wb_humanoid_mpc_ws/install/ocs2_ros2_msgs/include/ocs2_ros2_msgs/ocs2_ros2_msgs/msg/detail/controller_data__rosidl_typesupport_fastrtps_c.h
-- Up-to-date symlink: /wb_humanoid_mpc_ws/install/ocs2_ros2_msgs/include/ocs2_ros2_msgs/ocs2_ros2_msgs/msg/detail/gains__rosidl_typesupport_fastrtps_c.h
-- Up-to-date symlink: /wb_humanoid_mpc_ws/install/ocs2_ros2_msgs/include/ocs2_ros2_msgs/ocs2_ros2_msgs/msg/detail/individual_benchmarks__rosidl_typesupport_fastrtps_c.h
-- Up-to-date symlink: /wb_humanoid_mpc_ws/install/ocs2_ros2_msgs/include/ocs2_ros2_msgs/ocs2_ros2_msgs/msg/detail/individual_gains__rosidl_typesupport_fastrtps_c.h
-- Up-to-date symlink: /wb_humanoid_mpc_ws/install/ocs2_ros2_msgs/include/ocs2_ros2_msgs/ocs2_ros2_msgs/msg/detail/lagrangian_metrics__rosidl_typesupport_fastrtps_c.h
-- Up-to-date symlink: /wb_humanoid_mpc_ws/install/ocs2_ros2_msgs/include/ocs2_ros2_msgs/ocs2_ros2_msgs/msg/detail/mode_schedule__rosidl_typesupport_fastrtps_c.h
-- Up-to-date symlink: /wb_humanoid_mpc_ws/install/ocs2_ros2_msgs/include/ocs2_ros2_msgs/ocs2_ros2_msgs/msg/detail/mpc_flattened_controller__rosidl_typesupport_fastrtps_c.h
-- Up-to-date symlink: /wb_humanoid_mpc_ws/install/ocs2_ros2_msgs/include/ocs2_ros2_msgs/ocs2_ros2_msgs/msg/detail/mpc_input__rosidl_typesupport_fastrtps_c.h
-- Up-to-date symlink: /wb_humanoid_mpc_ws/install/ocs2_ros2_msgs/include/ocs2_ros2_msgs/ocs2_ros2_msgs/msg/detail/mpc_observation__rosidl_typesupport_fastrtps_c.h
-- Up-to-date symlink: /wb_humanoid_mpc_ws/install/ocs2_ros2_msgs/include/ocs2_ros2_msgs/ocs2_ros2_msgs/msg/detail/mpc_performance_indices__rosidl_typesupport_fastrtps_c.h
-- Up-to-date symlink: /wb_humanoid_mpc_ws/install/ocs2_ros2_msgs/include/ocs2_ros2_msgs/ocs2_ros2_msgs/msg/detail/mpc_state__rosidl_typesupport_fastrtps_c.h
-- Up-to-date symlink: /wb_humanoid_mpc_ws/install/ocs2_ros2_msgs/include/ocs2_ros2_msgs/ocs2_ros2_msgs/msg/detail/mpc_target_trajectories__rosidl_typesupport_fastrtps_c.h
-- Up-to-date symlink: /wb_humanoid_mpc_ws/install/ocs2_ros2_msgs/include/ocs2_ros2_msgs/ocs2_ros2_msgs/msg/detail/multiplier__rosidl_typesupport_fastrtps_c.h
-- Up-to-date symlink: /wb_humanoid_mpc_ws/install/ocs2_ros2_msgs/include/ocs2_ros2_msgs/ocs2_ros2_msgs/msg/detail/three_dof_path__rosidl_typesupport_fastrtps_c.h
-- Up-to-date symlink: /wb_humanoid_mpc_ws/install/ocs2_ros2_msgs/include/ocs2_ros2_msgs/ocs2_ros2_msgs/msg/detail/three_dof_point_ts__rosidl_typesupport_fastrtps_c.h
-- Up-to-date symlink: /wb_humanoid_mpc_ws/install/ocs2_ros2_msgs/include/ocs2_ros2_msgs/ocs2_ros2_msgs/msg/rosidl_typesupport_fastrtps_c__visibility_control.h
-- Up-to-date symlink: /wb_humanoid_mpc_ws/install/ocs2_ros2_msgs/include/ocs2_ros2_msgs/ocs2_ros2_msgs/srv/detail/reset__rosidl_typesupport_fastrtps_c.h
-- Up-to-date symlink: /wb_humanoid_mpc_ws/install/ocs2_ros2_msgs/include/ocs2_ros2_msgs/ocs2_ros2_msgs/msg/detail/benchmarks__rosidl_typesupport_introspection_c.h
-- Up-to-date symlink: /wb_humanoid_mpc_ws/install/ocs2_ros2_msgs/include/ocs2_ros2_msgs/ocs2_ros2_msgs/msg/detail/bezier_segment__rosidl_typesupport_introspection_c.h
-- Up-to-date symlink: /wb_humanoid_mpc_ws/install/ocs2_ros2_msgs/include/ocs2_ros2_msgs/ocs2_ros2_msgs/msg/detail/bezier_trajectory__rosidl_typesupport_introspection_c.h
-- Up-to-date symlink: /wb_humanoid_mpc_ws/install/ocs2_ros2_msgs/include/ocs2_ros2_msgs/ocs2_ros2_msgs/msg/detail/constraint__rosidl_typesupport_introspection_c.h
-- Up-to-date symlink: /wb_humanoid_mpc_ws/install/ocs2_ros2_msgs/include/ocs2_ros2_msgs/ocs2_ros2_msgs/msg/detail/controller_data__rosidl_typesupport_introspection_c.h
-- Up-to-date symlink: /wb_humanoid_mpc_ws/install/ocs2_ros2_msgs/include/ocs2_ros2_msgs/ocs2_ros2_msgs/msg/detail/gains__rosidl_typesupport_introspection_c.h
-- Up-to-date symlink: /wb_humanoid_mpc_ws/install/ocs2_ros2_msgs/include/ocs2_ros2_msgs/ocs2_ros2_msgs/msg/detail/individual_benchmarks__rosidl_typesupport_introspection_c.h
-- Up-to-date symlink: /wb_humanoid_mpc_ws/install/ocs2_ros2_msgs/include/ocs2_ros2_msgs/ocs2_ros2_msgs/msg/detail/individual_gains__rosidl_typesupport_introspection_c.h
-- Up-to-date symlink: /wb_humanoid_mpc_ws/install/ocs2_ros2_msgs/include/ocs2_ros2_msgs/ocs2_ros2_msgs/msg/detail/lagrangian_metrics__rosidl_typesupport_introspection_c.h
-- Up-to-date symlink: /wb_humanoid_mpc_ws/install/ocs2_ros2_msgs/include/ocs2_ros2_msgs/ocs2_ros2_msgs/msg/detail/mode_schedule__rosidl_typesupport_introspection_c.h
-- Up-to-date symlink: /wb_humanoid_mpc_ws/install/ocs2_ros2_msgs/include/ocs2_ros2_msgs/ocs2_ros2_msgs/msg/detail/mpc_flattened_controller__rosidl_typesupport_introspection_c.h
-- Up-to-date symlink: /wb_humanoid_mpc_ws/install/ocs2_ros2_msgs/include/ocs2_ros2_msgs/ocs2_ros2_msgs/msg/detail/mpc_input__rosidl_typesupport_introspection_c.h
-- Up-to-date symlink: /wb_humanoid_mpc_ws/install/ocs2_ros2_msgs/include/ocs2_ros2_msgs/ocs2_ros2_msgs/msg/detail/mpc_observation__rosidl_typesupport_introspection_c.h
-- Up-to-date symlink: /wb_humanoid_mpc_ws/install/ocs2_ros2_msgs/include/ocs2_ros2_msgs/ocs2_ros2_msgs/msg/detail/mpc_performance_indices__rosidl_typesupport_introspection_c.h
-- Up-to-date symlink: /wb_humanoid_mpc_ws/install/ocs2_ros2_msgs/include/ocs2_ros2_msgs/ocs2_ros2_msgs/msg/detail/mpc_state__rosidl_typesupport_introspection_c.h
-- Up-to-date symlink: /wb_humanoid_mpc_ws/install/ocs2_ros2_msgs/include/ocs2_ros2_msgs/ocs2_ros2_msgs/msg/detail/mpc_target_trajectories__rosidl_typesupport_introspection_c.h
-- Up-to-date symlink: /wb_humanoid_mpc_ws/install/ocs2_ros2_msgs/include/ocs2_ros2_msgs/ocs2_ros2_msgs/msg/detail/multiplier__rosidl_typesupport_introspection_c.h
-- Up-to-date symlink: /wb_humanoid_mpc_ws/install/ocs2_ros2_msgs/include/ocs2_ros2_msgs/ocs2_ros2_msgs/msg/detail/three_dof_path__rosidl_typesupport_introspection_c.h
-- Up-to-date symlink: /wb_humanoid_mpc_ws/install/ocs2_ros2_msgs/include/ocs2_ros2_msgs/ocs2_ros2_msgs/msg/detail/three_dof_point_ts__rosidl_typesupport_introspection_c.h
-- Up-to-date symlink: /wb_humanoid_mpc_ws/install/ocs2_ros2_msgs/include/ocs2_ros2_msgs/ocs2_ros2_msgs/msg/rosidl_typesupport_introspection_c__visibility_control.h
-- Up-to-date symlink: /wb_humanoid_mpc_ws/install/ocs2_ros2_msgs/include/ocs2_ros2_msgs/ocs2_ros2_msgs/srv/detail/reset__rosidl_typesupport_introspection_c.h
-- Up-to-date symlink: /wb_humanoid_mpc_ws/install/ocs2_ros2_msgs/include/ocs2_ros2_msgs/ocs2_ros2_msgs/msg/benchmarks.hpp
-- Up-to-date symlink: /wb_humanoid_mpc_ws/install/ocs2_ros2_msgs/include/ocs2_ros2_msgs/ocs2_ros2_msgs/msg/bezier_segment.hpp
-- Up-to-date symlink: /wb_humanoid_mpc_ws/install/ocs2_ros2_msgs/include/ocs2_ros2_msgs/ocs2_ros2_msgs/msg/bezier_trajectory.hpp
-- Up-to-date symlink: /wb_humanoid_mpc_ws/install/ocs2_ros2_msgs/include/ocs2_ros2_msgs/ocs2_ros2_msgs/msg/constraint.hpp
-- Up-to-date symlink: /wb_humanoid_mpc_ws/install/ocs2_ros2_msgs/include/ocs2_ros2_msgs/ocs2_ros2_msgs/msg/controller_data.hpp
-- Up-to-date symlink: /wb_humanoid_mpc_ws/install/ocs2_ros2_msgs/include/ocs2_ros2_msgs/ocs2_ros2_msgs/msg/detail/benchmarks__builder.hpp
-- Up-to-date symlink: /wb_humanoid_mpc_ws/install/ocs2_ros2_msgs/include/ocs2_ros2_msgs/ocs2_ros2_msgs/msg/detail/benchmarks__struct.hpp
-- Up-to-date symlink: /wb_humanoid_mpc_ws/install/ocs2_ros2_msgs/include/ocs2_ros2_msgs/ocs2_ros2_msgs/msg/detail/benchmarks__traits.hpp
-- Up-to-date symlink: /wb_humanoid_mpc_ws/install/ocs2_ros2_msgs/include/ocs2_ros2_msgs/ocs2_ros2_msgs/msg/detail/benchmarks__type_support.hpp
-- Up-to-date symlink: /wb_humanoid_mpc_ws/install/ocs2_ros2_msgs/include/ocs2_ros2_msgs/ocs2_ros2_msgs/msg/detail/bezier_segment__builder.hpp
-- Up-to-date symlink: /wb_humanoid_mpc_ws/install/ocs2_ros2_msgs/include/ocs2_ros2_msgs/ocs2_ros2_msgs/msg/detail/bezier_segment__struct.hpp
-- Up-to-date symlink: /wb_humanoid_mpc_ws/install/ocs2_ros2_msgs/include/ocs2_ros2_msgs/ocs2_ros2_msgs/msg/detail/bezier_segment__traits.hpp
-- Up-to-date symlink: /wb_humanoid_mpc_ws/install/ocs2_ros2_msgs/include/ocs2_ros2_msgs/ocs2_ros2_msgs/msg/detail/bezier_segment__type_support.hpp
-- Up-to-date symlink: /wb_humanoid_mpc_ws/install/ocs2_ros2_msgs/include/ocs2_ros2_msgs/ocs2_ros2_msgs/msg/detail/bezier_trajectory__builder.hpp
-- Up-to-date symlink: /wb_humanoid_mpc_ws/install/ocs2_ros2_msgs/include/ocs2_ros2_msgs/ocs2_ros2_msgs/msg/detail/bezier_trajectory__struct.hpp
-- Up-to-date symlink: /wb_humanoid_mpc_ws/install/ocs2_ros2_msgs/include/ocs2_ros2_msgs/ocs2_ros2_msgs/msg/detail/bezier_trajectory__traits.hpp
-- Up-to-date symlink: /wb_humanoid_mpc_ws/install/ocs2_ros2_msgs/include/ocs2_ros2_msgs/ocs2_ros2_msgs/msg/detail/bezier_trajectory__type_support.hpp
-- Up-to-date symlink: /wb_humanoid_mpc_ws/install/ocs2_ros2_msgs/include/ocs2_ros2_msgs/ocs2_ros2_msgs/msg/detail/constraint__builder.hpp
-- Up-to-date symlink: /wb_humanoid_mpc_ws/install/ocs2_ros2_msgs/include/ocs2_ros2_msgs/ocs2_ros2_msgs/msg/detail/constraint__struct.hpp
-- Up-to-date symlink: /wb_humanoid_mpc_ws/install/ocs2_ros2_msgs/include/ocs2_ros2_msgs/ocs2_ros2_msgs/msg/detail/constraint__traits.hpp
-- Up-to-date symlink: /wb_humanoid_mpc_ws/install/ocs2_ros2_msgs/include/ocs2_ros2_msgs/ocs2_ros2_msgs/msg/detail/constraint__type_support.hpp
-- Up-to-date symlink: /wb_humanoid_mpc_ws/install/ocs2_ros2_msgs/include/ocs2_ros2_msgs/ocs2_ros2_msgs/msg/detail/controller_data__builder.hpp
-- Up-to-date symlink: /wb_humanoid_mpc_ws/install/ocs2_ros2_msgs/include/ocs2_ros2_msgs/ocs2_ros2_msgs/msg/detail/controller_data__struct.hpp
-- Up-to-date symlink: /wb_humanoid_mpc_ws/install/ocs2_ros2_msgs/include/ocs2_ros2_msgs/ocs2_ros2_msgs/msg/detail/controller_data__traits.hpp
-- Up-to-date symlink: /wb_humanoid_mpc_ws/install/ocs2_ros2_msgs/include/ocs2_ros2_msgs/ocs2_ros2_msgs/msg/detail/controller_data__type_support.hpp
-- Up-to-date symlink: /wb_humanoid_mpc_ws/install/ocs2_ros2_msgs/include/ocs2_ros2_msgs/ocs2_ros2_msgs/msg/detail/gains__builder.hpp
-- Up-to-date symlink: /wb_humanoid_mpc_ws/install/ocs2_ros2_msgs/include/ocs2_ros2_msgs/ocs2_ros2_msgs/msg/detail/gains__struct.hpp
-- Up-to-date symlink: /wb_humanoid_mpc_ws/install/ocs2_ros2_msgs/include/ocs2_ros2_msgs/ocs2_ros2_msgs/msg/detail/gains__traits.hpp
-- Up-to-date symlink: /wb_humanoid_mpc_ws/install/ocs2_ros2_msgs/include/ocs2_ros2_msgs/ocs2_ros2_msgs/msg/detail/gains__type_support.hpp
-- Up-to-date symlink: /wb_humanoid_mpc_ws/install/ocs2_ros2_msgs/include/ocs2_ros2_msgs/ocs2_ros2_msgs/msg/detail/individual_benchmarks__builder.hpp
-- Up-to-date symlink: /wb_humanoid_mpc_ws/install/ocs2_ros2_msgs/include/ocs2_ros2_msgs/ocs2_ros2_msgs/msg/detail/individual_benchmarks__struct.hpp
-- Up-to-date symlink: /wb_humanoid_mpc_ws/install/ocs2_ros2_msgs/include/ocs2_ros2_msgs/ocs2_ros2_msgs/msg/detail/individual_benchmarks__traits.hpp
-- Up-to-date symlink: /wb_humanoid_mpc_ws/install/ocs2_ros2_msgs/include/ocs2_ros2_msgs/ocs2_ros2_msgs/msg/detail/individual_benchmarks__type_support.hpp
-- Up-to-date symlink: /wb_humanoid_mpc_ws/install/ocs2_ros2_msgs/include/ocs2_ros2_msgs/ocs2_ros2_msgs/msg/detail/individual_gains__builder.hpp
-- Up-to-date symlink: /wb_humanoid_mpc_ws/install/ocs2_ros2_msgs/include/ocs2_ros2_msgs/ocs2_ros2_msgs/msg/detail/individual_gains__struct.hpp
-- Up-to-date symlink: /wb_humanoid_mpc_ws/install/ocs2_ros2_msgs/include/ocs2_ros2_msgs/ocs2_ros2_msgs/msg/detail/individual_gains__traits.hpp
-- Up-to-date symlink: /wb_humanoid_mpc_ws/install/ocs2_ros2_msgs/include/ocs2_ros2_msgs/ocs2_ros2_msgs/msg/detail/individual_gains__type_support.hpp
-- Up-to-date symlink: /wb_humanoid_mpc_ws/install/ocs2_ros2_msgs/include/ocs2_ros2_msgs/ocs2_ros2_msgs/msg/detail/lagrangian_metrics__builder.hpp
-- Up-to-date symlink: /wb_humanoid_mpc_ws/install/ocs2_ros2_msgs/include/ocs2_ros2_msgs/ocs2_ros2_msgs/msg/detail/lagrangian_metrics__struct.hpp
-- Up-to-date symlink: /wb_humanoid_mpc_ws/install/ocs2_ros2_msgs/include/ocs2_ros2_msgs/ocs2_ros2_msgs/msg/detail/lagrangian_metrics__traits.hpp
-- Up-to-date symlink: /wb_humanoid_mpc_ws/install/ocs2_ros2_msgs/include/ocs2_ros2_msgs/ocs2_ros2_msgs/msg/detail/lagrangian_metrics__type_support.hpp
-- Up-to-date symlink: /wb_humanoid_mpc_ws/install/ocs2_ros2_msgs/include/ocs2_ros2_msgs/ocs2_ros2_msgs/msg/detail/mode_schedule__builder.hpp
-- Up-to-date symlink: /wb_humanoid_mpc_ws/install/ocs2_ros2_msgs/include/ocs2_ros2_msgs/ocs2_ros2_msgs/msg/detail/mode_schedule__struct.hpp
-- Up-to-date symlink: /wb_humanoid_mpc_ws/install/ocs2_ros2_msgs/include/ocs2_ros2_msgs/ocs2_ros2_msgs/msg/detail/mode_schedule__traits.hpp
-- Up-to-date symlink: /wb_humanoid_mpc_ws/install/ocs2_ros2_msgs/include/ocs2_ros2_msgs/ocs2_ros2_msgs/msg/detail/mode_schedule__type_support.hpp
-- Up-to-date symlink: /wb_humanoid_mpc_ws/install/ocs2_ros2_msgs/include/ocs2_ros2_msgs/ocs2_ros2_msgs/msg/detail/mpc_flattened_controller__builder.hpp
-- Up-to-date symlink: /wb_humanoid_mpc_ws/install/ocs2_ros2_msgs/include/ocs2_ros2_msgs/ocs2_ros2_msgs/msg/detail/mpc_flattened_controller__struct.hpp
-- Up-to-date symlink: /wb_humanoid_mpc_ws/install/ocs2_ros2_msgs/include/ocs2_ros2_msgs/ocs2_ros2_msgs/msg/detail/mpc_flattened_controller__traits.hpp
-- Up-to-date symlink: /wb_humanoid_mpc_ws/install/ocs2_ros2_msgs/include/ocs2_ros2_msgs/ocs2_ros2_msgs/msg/detail/mpc_flattened_controller__type_support.hpp
-- Up-to-date symlink: /wb_humanoid_mpc_ws/install/ocs2_ros2_msgs/include/ocs2_ros2_msgs/ocs2_ros2_msgs/msg/detail/mpc_input__builder.hpp
-- Up-to-date symlink: /wb_humanoid_mpc_ws/install/ocs2_ros2_msgs/include/ocs2_ros2_msgs/ocs2_ros2_msgs/msg/detail/mpc_input__struct.hpp
-- Up-to-date symlink: /wb_humanoid_mpc_ws/install/ocs2_ros2_msgs/include/ocs2_ros2_msgs/ocs2_ros2_msgs/msg/detail/mpc_input__traits.hpp
-- Up-to-date symlink: /wb_humanoid_mpc_ws/install/ocs2_ros2_msgs/include/ocs2_ros2_msgs/ocs2_ros2_msgs/msg/detail/mpc_input__type_support.hpp
-- Up-to-date symlink: /wb_humanoid_mpc_ws/install/ocs2_ros2_msgs/include/ocs2_ros2_msgs/ocs2_ros2_msgs/msg/detail/mpc_observation__builder.hpp
-- Up-to-date symlink: /wb_humanoid_mpc_ws/install/ocs2_ros2_msgs/include/ocs2_ros2_msgs/ocs2_ros2_msgs/msg/detail/mpc_observation__struct.hpp
-- Up-to-date symlink: /wb_humanoid_mpc_ws/install/ocs2_ros2_msgs/include/ocs2_ros2_msgs/ocs2_ros2_msgs/msg/detail/mpc_observation__traits.hpp
-- Up-to-date symlink: /wb_humanoid_mpc_ws/install/ocs2_ros2_msgs/include/ocs2_ros2_msgs/ocs2_ros2_msgs/msg/detail/mpc_observation__type_support.hpp
-- Up-to-date symlink: /wb_humanoid_mpc_ws/install/ocs2_ros2_msgs/include/ocs2_ros2_msgs/ocs2_ros2_msgs/msg/detail/mpc_performance_indices__builder.hpp
-- Up-to-date symlink: /wb_humanoid_mpc_ws/install/ocs2_ros2_msgs/include/ocs2_ros2_msgs/ocs2_ros2_msgs/msg/detail/mpc_performance_indices__struct.hpp
-- Up-to-date symlink: /wb_humanoid_mpc_ws/install/ocs2_ros2_msgs/include/ocs2_ros2_msgs/ocs2_ros2_msgs/msg/detail/mpc_performance_indices__traits.hpp
-- Up-to-date symlink: /wb_humanoid_mpc_ws/install/ocs2_ros2_msgs/include/ocs2_ros2_msgs/ocs2_ros2_msgs/msg/detail/mpc_performance_indices__type_support.hpp
-- Up-to-date symlink: /wb_humanoid_mpc_ws/install/ocs2_ros2_msgs/include/ocs2_ros2_msgs/ocs2_ros2_msgs/msg/detail/mpc_state__builder.hpp
-- Up-to-date symlink: /wb_humanoid_mpc_ws/install/ocs2_ros2_msgs/include/ocs2_ros2_msgs/ocs2_ros2_msgs/msg/detail/mpc_state__struct.hpp
-- Up-to-date symlink: /wb_humanoid_mpc_ws/install/ocs2_ros2_msgs/include/ocs2_ros2_msgs/ocs2_ros2_msgs/msg/detail/mpc_state__traits.hpp
-- Up-to-date symlink: /wb_humanoid_mpc_ws/install/ocs2_ros2_msgs/include/ocs2_ros2_msgs/ocs2_ros2_msgs/msg/detail/mpc_state__type_support.hpp
-- Up-to-date symlink: /wb_humanoid_mpc_ws/install/ocs2_ros2_msgs/include/ocs2_ros2_msgs/ocs2_ros2_msgs/msg/detail/mpc_target_trajectories__builder.hpp
-- Up-to-date symlink: /wb_humanoid_mpc_ws/install/ocs2_ros2_msgs/include/ocs2_ros2_msgs/ocs2_ros2_msgs/msg/detail/mpc_target_trajectories__struct.hpp
-- Up-to-date symlink: /wb_humanoid_mpc_ws/install/ocs2_ros2_msgs/include/ocs2_ros2_msgs/ocs2_ros2_msgs/msg/detail/mpc_target_trajectories__traits.hpp
-- Up-to-date symlink: /wb_humanoid_mpc_ws/install/ocs2_ros2_msgs/include/ocs2_ros2_msgs/ocs2_ros2_msgs/msg/detail/mpc_target_trajectories__type_support.hpp
-- Up-to-date symlink: /wb_humanoid_mpc_ws/install/ocs2_ros2_msgs/include/ocs2_ros2_msgs/ocs2_ros2_msgs/msg/detail/multiplier__builder.hpp
-- Up-to-date symlink: /wb_humanoid_mpc_ws/install/ocs2_ros2_msgs/include/ocs2_ros2_msgs/ocs2_ros2_msgs/msg/detail/multiplier__struct.hpp
-- Up-to-date symlink: /wb_humanoid_mpc_ws/install/ocs2_ros2_msgs/include/ocs2_ros2_msgs/ocs2_ros2_msgs/msg/detail/multiplier__traits.hpp
-- Up-to-date symlink: /wb_humanoid_mpc_ws/install/ocs2_ros2_msgs/include/ocs2_ros2_msgs/ocs2_ros2_msgs/msg/detail/multiplier__type_support.hpp
-- Up-to-date symlink: /wb_humanoid_mpc_ws/install/ocs2_ros2_msgs/include/ocs2_ros2_msgs/ocs2_ros2_msgs/msg/detail/three_dof_path__builder.hpp
-- Up-to-date symlink: /wb_humanoid_mpc_ws/install/ocs2_ros2_msgs/include/ocs2_ros2_msgs/ocs2_ros2_msgs/msg/detail/three_dof_path__struct.hpp
-- Up-to-date symlink: /wb_humanoid_mpc_ws/install/ocs2_ros2_msgs/include/ocs2_ros2_msgs/ocs2_ros2_msgs/msg/detail/three_dof_path__traits.hpp
-- Up-to-date symlink: /wb_humanoid_mpc_ws/install/ocs2_ros2_msgs/include/ocs2_ros2_msgs/ocs2_ros2_msgs/msg/detail/three_dof_path__type_support.hpp
-- Up-to-date symlink: /wb_humanoid_mpc_ws/install/ocs2_ros2_msgs/include/ocs2_ros2_msgs/ocs2_ros2_msgs/msg/detail/three_dof_point_ts__builder.hpp
-- Up-to-date symlink: /wb_humanoid_mpc_ws/install/ocs2_ros2_msgs/include/ocs2_ros2_msgs/ocs2_ros2_msgs/msg/detail/three_dof_point_ts__struct.hpp
-- Up-to-date symlink: /wb_humanoid_mpc_ws/install/ocs2_ros2_msgs/include/ocs2_ros2_msgs/ocs2_ros2_msgs/msg/detail/three_dof_point_ts__traits.hpp
-- Up-to-date symlink: /wb_humanoid_mpc_ws/install/ocs2_ros2_msgs/include/ocs2_ros2_msgs/ocs2_ros2_msgs/msg/detail/three_dof_point_ts__type_support.hpp
-- Up-to-date symlink: /wb_humanoid_mpc_ws/install/ocs2_ros2_msgs/include/ocs2_ros2_msgs/ocs2_ros2_msgs/msg/gains.hpp
-- Up-to-date symlink: /wb_humanoid_mpc_ws/install/ocs2_ros2_msgs/include/ocs2_ros2_msgs/ocs2_ros2_msgs/msg/individual_benchmarks.hpp
-- Up-to-date symlink: /wb_humanoid_mpc_ws/install/ocs2_ros2_msgs/include/ocs2_ros2_msgs/ocs2_ros2_msgs/msg/individual_gains.hpp
-- Up-to-date symlink: /wb_humanoid_mpc_ws/install/ocs2_ros2_msgs/include/ocs2_ros2_msgs/ocs2_ros2_msgs/msg/lagrangian_metrics.hpp
-- Up-to-date symlink: /wb_humanoid_mpc_ws/install/ocs2_ros2_msgs/include/ocs2_ros2_msgs/ocs2_ros2_msgs/msg/mode_schedule.hpp
-- Up-to-date symlink: /wb_humanoid_mpc_ws/install/ocs2_ros2_msgs/include/ocs2_ros2_msgs/ocs2_ros2_msgs/msg/mpc_flattened_controller.hpp
-- Up-to-date symlink: /wb_humanoid_mpc_ws/install/ocs2_ros2_msgs/include/ocs2_ros2_msgs/ocs2_ros2_msgs/msg/mpc_input.hpp
-- Up-to-date symlink: /wb_humanoid_mpc_ws/install/ocs2_ros2_msgs/include/ocs2_ros2_msgs/ocs2_ros2_msgs/msg/mpc_observation.hpp
-- Up-to-date symlink: /wb_humanoid_mpc_ws/install/ocs2_ros2_msgs/include/ocs2_ros2_msgs/ocs2_ros2_msgs/msg/mpc_performance_indices.hpp
-- Up-to-date symlink: /wb_humanoid_mpc_ws/install/ocs2_ros2_msgs/include/ocs2_ros2_msgs/ocs2_ros2_msgs/msg/mpc_state.hpp
-- Up-to-date symlink: /wb_humanoid_mpc_ws/install/ocs2_ros2_msgs/include/ocs2_ros2_msgs/ocs2_ros2_msgs/msg/mpc_target_trajectories.hpp
-- Up-to-date symlink: /wb_humanoid_mpc_ws/install/ocs2_ros2_msgs/include/ocs2_ros2_msgs/ocs2_ros2_msgs/msg/multiplier.hpp
-- Up-to-date symlink: /wb_humanoid_mpc_ws/install/ocs2_ros2_msgs/include/ocs2_ros2_msgs/ocs2_ros2_msgs/msg/rosidl_generator_cpp__visibility_control.hpp
-- Up-to-date symlink: /wb_humanoid_mpc_ws/install/ocs2_ros2_msgs/include/ocs2_ros2_msgs/ocs2_ros2_msgs/msg/three_dof_path.hpp
-- Up-to-date symlink: /wb_humanoid_mpc_ws/install/ocs2_ros2_msgs/include/ocs2_ros2_msgs/ocs2_ros2_msgs/msg/three_dof_point_ts.hpp
-- Up-to-date symlink: /wb_humanoid_mpc_ws/install/ocs2_ros2_msgs/include/ocs2_ros2_msgs/ocs2_ros2_msgs/srv/detail/reset__builder.hpp
-- Up-to-date symlink: /wb_humanoid_mpc_ws/install/ocs2_ros2_msgs/include/ocs2_ros2_msgs/ocs2_ros2_msgs/srv/detail/reset__struct.hpp
-- Up-to-date symlink: /wb_humanoid_mpc_ws/install/ocs2_ros2_msgs/include/ocs2_ros2_msgs/ocs2_ros2_msgs/srv/detail/reset__traits.hpp
-- Up-to-date symlink: /wb_humanoid_mpc_ws/install/ocs2_ros2_msgs/include/ocs2_ros2_msgs/ocs2_ros2_msgs/srv/detail/reset__type_support.hpp
-- Up-to-date symlink: /wb_humanoid_mpc_ws/install/ocs2_ros2_msgs/include/ocs2_ros2_msgs/ocs2_ros2_msgs/srv/reset.hpp
-- Up-to-date symlink: /wb_humanoid_mpc_ws/install/ocs2_ros2_msgs/include/ocs2_ros2_msgs/ocs2_ros2_msgs/msg/detail/benchmarks__rosidl_typesupport_fastrtps_cpp.hpp
-- Up-to-date symlink: /wb_humanoid_mpc_ws/install/ocs2_ros2_msgs/include/ocs2_ros2_msgs/ocs2_ros2_msgs/msg/detail/bezier_segment__rosidl_typesupport_fastrtps_cpp.hpp
-- Up-to-date symlink: /wb_humanoid_mpc_ws/install/ocs2_ros2_msgs/include/ocs2_ros2_msgs/ocs2_ros2_msgs/msg/detail/bezier_trajectory__rosidl_typesupport_fastrtps_cpp.hpp
-- Up-to-date symlink: /wb_humanoid_mpc_ws/install/ocs2_ros2_msgs/include/ocs2_ros2_msgs/ocs2_ros2_msgs/msg/detail/constraint__rosidl_typesupport_fastrtps_cpp.hpp
-- Up-to-date symlink: /wb_humanoid_mpc_ws/install/ocs2_ros2_msgs/include/ocs2_ros2_msgs/ocs2_ros2_msgs/msg/detail/controller_data__rosidl_typesupport_fastrtps_cpp.hpp
-- Up-to-date symlink: /wb_humanoid_mpc_ws/install/ocs2_ros2_msgs/include/ocs2_ros2_msgs/ocs2_ros2_msgs/msg/detail/gains__rosidl_typesupport_fastrtps_cpp.hpp
-- Up-to-date symlink: /wb_humanoid_mpc_ws/install/ocs2_ros2_msgs/include/ocs2_ros2_msgs/ocs2_ros2_msgs/msg/detail/individual_benchmarks__rosidl_typesupport_fastrtps_cpp.hpp
-- Up-to-date symlink: /wb_humanoid_mpc_ws/install/ocs2_ros2_msgs/include/ocs2_ros2_msgs/ocs2_ros2_msgs/msg/detail/individual_gains__rosidl_typesupport_fastrtps_cpp.hpp
-- Up-to-date symlink: /wb_humanoid_mpc_ws/install/ocs2_ros2_msgs/include/ocs2_ros2_msgs/ocs2_ros2_msgs/msg/detail/lagrangian_metrics__rosidl_typesupport_fastrtps_cpp.hpp
-- Up-to-date symlink: /wb_humanoid_mpc_ws/install/ocs2_ros2_msgs/include/ocs2_ros2_msgs/ocs2_ros2_msgs/msg/detail/mode_schedule__rosidl_typesupport_fastrtps_cpp.hpp
-- Up-to-date symlink: /wb_humanoid_mpc_ws/install/ocs2_ros2_msgs/include/ocs2_ros2_msgs/ocs2_ros2_msgs/msg/detail/mpc_flattened_controller__rosidl_typesupport_fastrtps_cpp.hpp
-- Up-to-date symlink: /wb_humanoid_mpc_ws/install/ocs2_ros2_msgs/include/ocs2_ros2_msgs/ocs2_ros2_msgs/msg/detail/mpc_input__rosidl_typesupport_fastrtps_cpp.hpp
-- Up-to-date symlink: /wb_humanoid_mpc_ws/install/ocs2_ros2_msgs/include/ocs2_ros2_msgs/ocs2_ros2_msgs/msg/detail/mpc_observation__rosidl_typesupport_fastrtps_cpp.hpp
-- Up-to-date symlink: /wb_humanoid_mpc_ws/install/ocs2_ros2_msgs/include/ocs2_ros2_msgs/ocs2_ros2_msgs/msg/detail/mpc_performance_indices__rosidl_typesupport_fastrtps_cpp.hpp
-- Up-to-date symlink: /wb_humanoid_mpc_ws/install/ocs2_ros2_msgs/include/ocs2_ros2_msgs/ocs2_ros2_msgs/msg/detail/mpc_state__rosidl_typesupport_fastrtps_cpp.hpp
-- Up-to-date symlink: /wb_humanoid_mpc_ws/install/ocs2_ros2_msgs/include/ocs2_ros2_msgs/ocs2_ros2_msgs/msg/detail/mpc_target_trajectories__rosidl_typesupport_fastrtps_cpp.hpp
-- Up-to-date symlink: /wb_humanoid_mpc_ws/install/ocs2_ros2_msgs/include/ocs2_ros2_msgs/ocs2_ros2_msgs/msg/detail/multiplier__rosidl_typesupport_fastrtps_cpp.hpp
-- Up-to-date symlink: /wb_humanoid_mpc_ws/install/ocs2_ros2_msgs/include/ocs2_ros2_msgs/ocs2_ros2_msgs/msg/detail/three_dof_path__rosidl_typesupport_fastrtps_cpp.hpp
-- Up-to-date symlink: /wb_humanoid_mpc_ws/install/ocs2_ros2_msgs/include/ocs2_ros2_msgs/ocs2_ros2_msgs/msg/detail/three_dof_point_ts__rosidl_typesupport_fastrtps_cpp.hpp
-- Up-to-date symlink: /wb_humanoid_mpc_ws/install/ocs2_ros2_msgs/include/ocs2_ros2_msgs/ocs2_ros2_msgs/msg/rosidl_typesupport_fastrtps_cpp__visibility_control.h
-- Up-to-date symlink: /wb_humanoid_mpc_ws/install/ocs2_ros2_msgs/include/ocs2_ros2_msgs/ocs2_ros2_msgs/srv/detail/reset__rosidl_typesupport_fastrtps_cpp.hpp
-- Up-to-date symlink: /wb_humanoid_mpc_ws/install/ocs2_ros2_msgs/include/ocs2_ros2_msgs/ocs2_ros2_msgs/msg/detail/benchmarks__rosidl_typesupport_introspection_cpp.hpp
-- Up-to-date symlink: /wb_humanoid_mpc_ws/install/ocs2_ros2_msgs/include/ocs2_ros2_msgs/ocs2_ros2_msgs/msg/detail/bezier_segment__rosidl_typesupport_introspection_cpp.hpp
-- Up-to-date symlink: /wb_humanoid_mpc_ws/install/ocs2_ros2_msgs/include/ocs2_ros2_msgs/ocs2_ros2_msgs/msg/detail/bezier_trajectory__rosidl_typesupport_introspection_cpp.hpp
-- Up-to-date symlink: /wb_humanoid_mpc_ws/install/ocs2_ros2_msgs/include/ocs2_ros2_msgs/ocs2_ros2_msgs/msg/detail/constraint__rosidl_typesupport_introspection_cpp.hpp
-- Up-to-date symlink: /wb_humanoid_mpc_ws/install/ocs2_ros2_msgs/include/ocs2_ros2_msgs/ocs2_ros2_msgs/msg/detail/controller_data__rosidl_typesupport_introspection_cpp.hpp
-- Up-to-date symlink: /wb_humanoid_mpc_ws/install/ocs2_ros2_msgs/include/ocs2_ros2_msgs/ocs2_ros2_msgs/msg/detail/gains__rosidl_typesupport_introspection_cpp.hpp
-- Up-to-date symlink: /wb_humanoid_mpc_ws/install/ocs2_ros2_msgs/include/ocs2_ros2_msgs/ocs2_ros2_msgs/msg/detail/individual_benchmarks__rosidl_typesupport_introspection_cpp.hpp
-- Up-to-date symlink: /wb_humanoid_mpc_ws/install/ocs2_ros2_msgs/include/ocs2_ros2_msgs/ocs2_ros2_msgs/msg/detail/individual_gains__rosidl_typesupport_introspection_cpp.hpp
-- Up-to-date symlink: /wb_humanoid_mpc_ws/install/ocs2_ros2_msgs/include/ocs2_ros2_msgs/ocs2_ros2_msgs/msg/detail/lagrangian_metrics__rosidl_typesupport_introspection_cpp.hpp
-- Up-to-date symlink: /wb_humanoid_mpc_ws/install/ocs2_ros2_msgs/include/ocs2_ros2_msgs/ocs2_ros2_msgs/msg/detail/mode_schedule__rosidl_typesupport_introspection_cpp.hpp
-- Up-to-date symlink: /wb_humanoid_mpc_ws/install/ocs2_ros2_msgs/include/ocs2_ros2_msgs/ocs2_ros2_msgs/msg/detail/mpc_flattened_controller__rosidl_typesupport_introspection_cpp.hpp
-- Up-to-date symlink: /wb_humanoid_mpc_ws/install/ocs2_ros2_msgs/include/ocs2_ros2_msgs/ocs2_ros2_msgs/msg/detail/mpc_input__rosidl_typesupport_introspection_cpp.hpp
-- Up-to-date symlink: /wb_humanoid_mpc_ws/install/ocs2_ros2_msgs/include/ocs2_ros2_msgs/ocs2_ros2_msgs/msg/detail/mpc_observation__rosidl_typesupport_introspection_cpp.hpp
-- Up-to-date symlink: /wb_humanoid_mpc_ws/install/ocs2_ros2_msgs/include/ocs2_ros2_msgs/ocs2_ros2_msgs/msg/detail/mpc_performance_indices__rosidl_typesupport_introspection_cpp.hpp
-- Up-to-date symlink: /wb_humanoid_mpc_ws/install/ocs2_ros2_msgs/include/ocs2_ros2_msgs/ocs2_ros2_msgs/msg/detail/mpc_state__rosidl_typesupport_introspection_cpp.hpp
-- Up-to-date symlink: /wb_humanoid_mpc_ws/install/ocs2_ros2_msgs/include/ocs2_ros2_msgs/ocs2_ros2_msgs/msg/detail/mpc_target_trajectories__rosidl_typesupport_introspection_cpp.hpp
-- Up-to-date symlink: /wb_humanoid_mpc_ws/install/ocs2_ros2_msgs/include/ocs2_ros2_msgs/ocs2_ros2_msgs/msg/detail/multiplier__rosidl_typesupport_introspection_cpp.hpp
-- Up-to-date symlink: /wb_humanoid_mpc_ws/install/ocs2_ros2_msgs/include/ocs2_ros2_msgs/ocs2_ros2_msgs/msg/detail/three_dof_path__rosidl_typesupport_introspection_cpp.hpp
-- Up-to-date symlink: /wb_humanoid_mpc_ws/install/ocs2_ros2_msgs/include/ocs2_ros2_msgs/ocs2_ros2_msgs/msg/detail/three_dof_point_ts__rosidl_typesupport_introspection_cpp.hpp
-- Up-to-date symlink: /wb_humanoid_mpc_ws/install/ocs2_ros2_msgs/include/ocs2_ros2_msgs/ocs2_ros2_msgs/srv/detail/reset__rosidl_typesupport_introspection_cpp.hpp
-- Up-to-date symlink: /wb_humanoid_mpc_ws/install/ocs2_ros2_msgs/share/ocs2_ros2_msgs/environment/pythonpath.sh
-- Up-to-date symlink: /wb_humanoid_mpc_ws/install/ocs2_ros2_msgs/share/ocs2_ros2_msgs/environment/pythonpath.dsv
-- Up-to-date symlink: /wb_humanoid_mpc_ws/install/ocs2_ros2_msgs/lib/python3.12/site-packages/ocs2_ros2_msgs-0.0.0-py3.12.egg-info/PKG-INFO
-- Up-to-date symlink: /wb_humanoid_mpc_ws/install/ocs2_ros2_msgs/lib/python3.12/site-packages/ocs2_ros2_msgs-0.0.0-py3.12.egg-info/SOURCES.txt
-- Up-to-date symlink: /wb_humanoid_mpc_ws/install/ocs2_ros2_msgs/lib/python3.12/site-packages/ocs2_ros2_msgs-0.0.0-py3.12.egg-info/dependency_links.txt
-- Up-to-date symlink: /wb_humanoid_mpc_ws/install/ocs2_ros2_msgs/lib/python3.12/site-packages/ocs2_ros2_msgs-0.0.0-py3.12.egg-info/top_level.txt
-- Up-to-date symlink: /wb_humanoid_mpc_ws/install/ocs2_ros2_msgs/lib/python3.12/site-packages/ocs2_ros2_msgs/__init__.py
-- Up-to-date symlink: /wb_humanoid_mpc_ws/install/ocs2_ros2_msgs/lib/python3.12/site-packages/ocs2_ros2_msgs/_ocs2_ros2_msgs_s.ep.rosidl_typesupport_c.c
-- Up-to-date symlink: /wb_humanoid_mpc_ws/install/ocs2_ros2_msgs/lib/python3.12/site-packages/ocs2_ros2_msgs/_ocs2_ros2_msgs_s.ep.rosidl_typesupport_fastrtps_c.c
-- Up-to-date symlink: /wb_humanoid_mpc_ws/install/ocs2_ros2_msgs/lib/python3.12/site-packages/ocs2_ros2_msgs/_ocs2_ros2_msgs_s.ep.rosidl_typesupport_introspection_c.c
-- Up-to-date symlink: /wb_humanoid_mpc_ws/install/ocs2_ros2_msgs/lib/python3.12/site-packages/ocs2_ros2_msgs/msg/__init__.py
-- Up-to-date symlink: /wb_humanoid_mpc_ws/install/ocs2_ros2_msgs/lib/python3.12/site-packages/ocs2_ros2_msgs/msg/_benchmarks.py
-- Up-to-date symlink: /wb_humanoid_mpc_ws/install/ocs2_ros2_msgs/lib/python3.12/site-packages/ocs2_ros2_msgs/msg/_benchmarks_s.c
-- Up-to-date symlink: /wb_humanoid_mpc_ws/install/ocs2_ros2_msgs/lib/python3.12/site-packages/ocs2_ros2_msgs/msg/_bezier_segment.py
-- Up-to-date symlink: /wb_humanoid_mpc_ws/install/ocs2_ros2_msgs/lib/python3.12/site-packages/ocs2_ros2_msgs/msg/_bezier_segment_s.c
-- Up-to-date symlink: /wb_humanoid_mpc_ws/install/ocs2_ros2_msgs/lib/python3.12/site-packages/ocs2_ros2_msgs/msg/_bezier_trajectory.py
-- Up-to-date symlink: /wb_humanoid_mpc_ws/install/ocs2_ros2_msgs/lib/python3.12/site-packages/ocs2_ros2_msgs/msg/_bezier_trajectory_s.c
-- Up-to-date symlink: /wb_humanoid_mpc_ws/install/ocs2_ros2_msgs/lib/python3.12/site-packages/ocs2_ros2_msgs/msg/_constraint.py
-- Up-to-date symlink: /wb_humanoid_mpc_ws/install/ocs2_ros2_msgs/lib/python3.12/site-packages/ocs2_ros2_msgs/msg/_constraint_s.c
-- Up-to-date symlink: /wb_humanoid_mpc_ws/install/ocs2_ros2_msgs/lib/python3.12/site-packages/ocs2_ros2_msgs/msg/_controller_data.py
-- Up-to-date symlink: /wb_humanoid_mpc_ws/install/ocs2_ros2_msgs/lib/python3.12/site-packages/ocs2_ros2_msgs/msg/_controller_data_s.c
-- Up-to-date symlink: /wb_humanoid_mpc_ws/install/ocs2_ros2_msgs/lib/python3.12/site-packages/ocs2_ros2_msgs/msg/_gains.py
-- Up-to-date symlink: /wb_humanoid_mpc_ws/install/ocs2_ros2_msgs/lib/python3.12/site-packages/ocs2_ros2_msgs/msg/_gains_s.c
-- Up-to-date symlink: /wb_humanoid_mpc_ws/install/ocs2_ros2_msgs/lib/python3.12/site-packages/ocs2_ros2_msgs/msg/_individual_benchmarks.py
-- Up-to-date symlink: /wb_humanoid_mpc_ws/install/ocs2_ros2_msgs/lib/python3.12/site-packages/ocs2_ros2_msgs/msg/_individual_benchmarks_s.c
-- Up-to-date symlink: /wb_humanoid_mpc_ws/install/ocs2_ros2_msgs/lib/python3.12/site-packages/ocs2_ros2_msgs/msg/_individual_gains.py
-- Up-to-date symlink: /wb_humanoid_mpc_ws/install/ocs2_ros2_msgs/lib/python3.12/site-packages/ocs2_ros2_msgs/msg/_individual_gains_s.c
-- Up-to-date symlink: /wb_humanoid_mpc_ws/install/ocs2_ros2_msgs/lib/python3.12/site-packages/ocs2_ros2_msgs/msg/_lagrangian_metrics.py
-- Up-to-date symlink: /wb_humanoid_mpc_ws/install/ocs2_ros2_msgs/lib/python3.12/site-packages/ocs2_ros2_msgs/msg/_lagrangian_metrics_s.c
-- Up-to-date symlink: /wb_humanoid_mpc_ws/install/ocs2_ros2_msgs/lib/python3.12/site-packages/ocs2_ros2_msgs/msg/_mode_schedule.py
-- Up-to-date symlink: /wb_humanoid_mpc_ws/install/ocs2_ros2_msgs/lib/python3.12/site-packages/ocs2_ros2_msgs/msg/_mode_schedule_s.c
-- Up-to-date symlink: /wb_humanoid_mpc_ws/install/ocs2_ros2_msgs/lib/python3.12/site-packages/ocs2_ros2_msgs/msg/_mpc_flattened_controller.py
-- Up-to-date symlink: /wb_humanoid_mpc_ws/install/ocs2_ros2_msgs/lib/python3.12/site-packages/ocs2_ros2_msgs/msg/_mpc_flattened_controller_s.c
-- Up-to-date symlink: /wb_humanoid_mpc_ws/install/ocs2_ros2_msgs/lib/python3.12/site-packages/ocs2_ros2_msgs/msg/_mpc_input.py
-- Up-to-date symlink: /wb_humanoid_mpc_ws/install/ocs2_ros2_msgs/lib/python3.12/site-packages/ocs2_ros2_msgs/msg/_mpc_input_s.c
-- Up-to-date symlink: /wb_humanoid_mpc_ws/install/ocs2_ros2_msgs/lib/python3.12/site-packages/ocs2_ros2_msgs/msg/_mpc_observation.py
-- Up-to-date symlink: /wb_humanoid_mpc_ws/install/ocs2_ros2_msgs/lib/python3.12/site-packages/ocs2_ros2_msgs/msg/_mpc_observation_s.c
-- Up-to-date symlink: /wb_humanoid_mpc_ws/install/ocs2_ros2_msgs/lib/python3.12/site-packages/ocs2_ros2_msgs/msg/_mpc_performance_indices.py
-- Up-to-date symlink: /wb_humanoid_mpc_ws/install/ocs2_ros2_msgs/lib/python3.12/site-packages/ocs2_ros2_msgs/msg/_mpc_performance_indices_s.c
-- Up-to-date symlink: /wb_humanoid_mpc_ws/install/ocs2_ros2_msgs/lib/python3.12/site-packages/ocs2_ros2_msgs/msg/_mpc_state.py
-- Up-to-date symlink: /wb_humanoid_mpc_ws/install/ocs2_ros2_msgs/lib/python3.12/site-packages/ocs2_ros2_msgs/msg/_mpc_state_s.c
-- Up-to-date symlink: /wb_humanoid_mpc_ws/install/ocs2_ros2_msgs/lib/python3.12/site-packages/ocs2_ros2_msgs/msg/_mpc_target_trajectories.py
-- Up-to-date symlink: /wb_humanoid_mpc_ws/install/ocs2_ros2_msgs/lib/python3.12/site-packages/ocs2_ros2_msgs/msg/_mpc_target_trajectories_s.c
-- Up-to-date symlink: /wb_humanoid_mpc_ws/install/ocs2_ros2_msgs/lib/python3.12/site-packages/ocs2_ros2_msgs/msg/_multiplier.py
-- Up-to-date symlink: /wb_humanoid_mpc_ws/install/ocs2_ros2_msgs/lib/python3.12/site-packages/ocs2_ros2_msgs/msg/_multiplier_s.c
-- Up-to-date symlink: /wb_humanoid_mpc_ws/install/ocs2_ros2_msgs/lib/python3.12/site-packages/ocs2_ros2_msgs/msg/_three_dof_path.py
-- Up-to-date symlink: /wb_humanoid_mpc_ws/install/ocs2_ros2_msgs/lib/python3.12/site-packages/ocs2_ros2_msgs/msg/_three_dof_path_s.c
-- Up-to-date symlink: /wb_humanoid_mpc_ws/install/ocs2_ros2_msgs/lib/python3.12/site-packages/ocs2_ros2_msgs/msg/_three_dof_point_ts.py
-- Up-to-date symlink: /wb_humanoid_mpc_ws/install/ocs2_ros2_msgs/lib/python3.12/site-packages/ocs2_ros2_msgs/msg/_three_dof_point_ts_s.c
-- Up-to-date symlink: /wb_humanoid_mpc_ws/install/ocs2_ros2_msgs/lib/python3.12/site-packages/ocs2_ros2_msgs/ocs2_ros2_msgs_s__rosidl_typesupport_c.so
-- Up-to-date symlink: /wb_humanoid_mpc_ws/install/ocs2_ros2_msgs/lib/python3.12/site-packages/ocs2_ros2_msgs/ocs2_ros2_msgs_s__rosidl_typesupport_fastrtps_c.so
-- Up-to-date symlink: /wb_humanoid_mpc_ws/install/ocs2_ros2_msgs/lib/python3.12/site-packages/ocs2_ros2_msgs/ocs2_ros2_msgs_s__rosidl_typesupport_introspection_c.so
-- Up-to-date symlink: /wb_humanoid_mpc_ws/install/ocs2_ros2_msgs/lib/python3.12/site-packages/ocs2_ros2_msgs/srv/__init__.py
-- Up-to-date symlink: /wb_humanoid_mpc_ws/install/ocs2_ros2_msgs/lib/python3.12/site-packages/ocs2_ros2_msgs/srv/_reset.py
-- Up-to-date symlink: /wb_humanoid_mpc_ws/install/ocs2_ros2_msgs/lib/python3.12/site-packages/ocs2_ros2_msgs/srv/_reset_s.c
-- Up-to-date symlink: /wb_humanoid_mpc_ws/install/ocs2_ros2_msgs/lib/python3.12/site-packages/ocs2_ros2_msgs/ocs2_ros2_msgs_s__rosidl_typesupport_fastrtps_c.so
-- Up-to-date symlink: /wb_humanoid_mpc_ws/install/ocs2_ros2_msgs/lib/python3.12/site-packages/ocs2_ros2_msgs/ocs2_ros2_msgs_s__rosidl_typesupport_introspection_c.so
-- Up-to-date symlink: /wb_humanoid_mpc_ws/install/ocs2_ros2_msgs/lib/python3.12/site-packages/ocs2_ros2_msgs/ocs2_ros2_msgs_s__rosidl_typesupport_c.so
-- Up-to-date symlink: /wb_humanoid_mpc_ws/install/ocs2_ros2_msgs/share/ament_index/resource_index/rust_packages/ocs2_ros2_msgs
-- Up-to-date symlink: /wb_humanoid_mpc_ws/install/ocs2_ros2_msgs/share/ocs2_ros2_msgs/rust/Cargo.toml
-- Up-to-date symlink: /wb_humanoid_mpc_ws/install/ocs2_ros2_msgs/share/ocs2_ros2_msgs/rust/build.rs
-- Up-to-date symlink: /wb_humanoid_mpc_ws/install/ocs2_ros2_msgs/share/ocs2_ros2_msgs/rust/src/lib.rs
-- Up-to-date symlink: /wb_humanoid_mpc_ws/install/ocs2_ros2_msgs/share/ocs2_ros2_msgs/rust/src/msg.rs
-- Up-to-date symlink: /wb_humanoid_mpc_ws/install/ocs2_ros2_msgs/share/ocs2_ros2_msgs/rust/src/msg/rmw.rs
-- Up-to-date symlink: /wb_humanoid_mpc_ws/install/ocs2_ros2_msgs/share/ocs2_ros2_msgs/rust/src/srv.rs
-- Up-to-date symlink: /wb_humanoid_mpc_ws/install/ocs2_ros2_msgs/share/ocs2_ros2_msgs/rust/src/srv/rmw.rs
-- Up-to-date symlink: /wb_humanoid_mpc_ws/install/ocs2_ros2_msgs/share/ocs2_ros2_msgs/msg/MpcState.idl
-- Up-to-date symlink: /wb_humanoid_mpc_ws/install/ocs2_ros2_msgs/share/ocs2_ros2_msgs/msg/MpcInput.idl
-- Up-to-date symlink: /wb_humanoid_mpc_ws/install/ocs2_ros2_msgs/share/ocs2_ros2_msgs/msg/ModeSchedule.idl
-- Up-to-date symlink: /wb_humanoid_mpc_ws/install/ocs2_ros2_msgs/share/ocs2_ros2_msgs/msg/MpcObservation.idl
-- Up-to-date symlink: /wb_humanoid_mpc_ws/install/ocs2_ros2_msgs/share/ocs2_ros2_msgs/msg/MpcPerformanceIndices.idl
-- Up-to-date symlink: /wb_humanoid_mpc_ws/install/ocs2_ros2_msgs/share/ocs2_ros2_msgs/msg/MpcTargetTrajectories.idl
-- Up-to-date symlink: /wb_humanoid_mpc_ws/install/ocs2_ros2_msgs/share/ocs2_ros2_msgs/msg/ControllerData.idl
-- Up-to-date symlink: /wb_humanoid_mpc_ws/install/ocs2_ros2_msgs/share/ocs2_ros2_msgs/msg/MpcFlattenedController.idl
-- Up-to-date symlink: /wb_humanoid_mpc_ws/install/ocs2_ros2_msgs/share/ocs2_ros2_msgs/msg/BezierSegment.idl
-- Up-to-date symlink: /wb_humanoid_mpc_ws/install/ocs2_ros2_msgs/share/ocs2_ros2_msgs/msg/BezierTrajectory.idl
-- Up-to-date symlink: /wb_humanoid_mpc_ws/install/ocs2_ros2_msgs/share/ocs2_ros2_msgs/msg/ThreeDofPointTS.idl
-- Up-to-date symlink: /wb_humanoid_mpc_ws/install/ocs2_ros2_msgs/share/ocs2_ros2_msgs/msg/ThreeDofPath.idl
-- Up-to-date symlink: /wb_humanoid_mpc_ws/install/ocs2_ros2_msgs/share/ocs2_ros2_msgs/msg/Gains.idl
-- Up-to-date symlink: /wb_humanoid_mpc_ws/install/ocs2_ros2_msgs/share/ocs2_ros2_msgs/msg/IndividualGains.idl
-- Up-to-date symlink: /wb_humanoid_mpc_ws/install/ocs2_ros2_msgs/share/ocs2_ros2_msgs/msg/Benchmarks.idl
-- Up-to-date symlink: /wb_humanoid_mpc_ws/install/ocs2_ros2_msgs/share/ocs2_ros2_msgs/msg/IndividualBenchmarks.idl
-- Up-to-date symlink: /wb_humanoid_mpc_ws/install/ocs2_ros2_msgs/share/ocs2_ros2_msgs/msg/Constraint.idl
-- Up-to-date symlink: /wb_humanoid_mpc_ws/install/ocs2_ros2_msgs/share/ocs2_ros2_msgs/msg/LagrangianMetrics.idl
-- Up-to-date symlink: /wb_humanoid_mpc_ws/install/ocs2_ros2_msgs/share/ocs2_ros2_msgs/msg/Multiplier.idl
-- Up-to-date symlink: /wb_humanoid_mpc_ws/install/ocs2_ros2_msgs/share/ocs2_ros2_msgs/srv/Reset.idl
-- Up-to-date symlink: /wb_humanoid_mpc_ws/install/ocs2_ros2_msgs/share/ocs2_ros2_msgs/srv/Reset.srv
-- Up-to-date symlink: /wb_humanoid_mpc_ws/install/ocs2_ros2_msgs/share/ament_index/resource_index/package_run_dependencies/ocs2_ros2_msgs
-- Up-to-date symlink: /wb_humanoid_mpc_ws/install/ocs2_ros2_msgs/share/ament_index/resource_index/parent_prefix_path/ocs2_ros2_msgs
-- Up-to-date symlink: /wb_humanoid_mpc_ws/install/ocs2_ros2_msgs/share/ocs2_ros2_msgs/environment/ament_prefix_path.sh
-- Up-to-date symlink: /wb_humanoid_mpc_ws/install/ocs2_ros2_msgs/share/ocs2_ros2_msgs/environment/ament_prefix_path.dsv
-- Up-to-date symlink: /wb_humanoid_mpc_ws/install/ocs2_ros2_msgs/share/ocs2_ros2_msgs/environment/path.sh
-- Up-to-date symlink: /wb_humanoid_mpc_ws/install/ocs2_ros2_msgs/share/ocs2_ros2_msgs/environment/path.dsv
-- Up-to-date symlink: /wb_humanoid_mpc_ws/install/ocs2_ros2_msgs/share/ocs2_ros2_msgs/local_setup.bash
-- Up-to-date symlink: /wb_humanoid_mpc_ws/install/ocs2_ros2_msgs/share/ocs2_ros2_msgs/local_setup.sh
-- Up-to-date symlink: /wb_humanoid_mpc_ws/install/ocs2_ros2_msgs/share/ocs2_ros2_msgs/local_setup.zsh
-- Up-to-date symlink: /wb_humanoid_mpc_ws/install/ocs2_ros2_msgs/share/ocs2_ros2_msgs/local_setup.dsv
-- Symlinking: /wb_humanoid_mpc_ws/install/ocs2_ros2_msgs/share/ocs2_ros2_msgs/package.dsv
-- Up-to-date symlink: /wb_humanoid_mpc_ws/install/ocs2_ros2_msgs/share/ament_index/resource_index/packages/ocs2_ros2_msgs
-- Up-to-date symlink: /wb_humanoid_mpc_ws/install/ocs2_ros2_msgs/share/ocs2_ros2_msgs/cmake/rosidl_cmake-extras.cmake
-- Up-to-date symlink: /wb_humanoid_mpc_ws/install/ocs2_ros2_msgs/share/ocs2_ros2_msgs/cmake/ament_cmake_export_dependencies-extras.cmake
-- Up-to-date symlink: /wb_humanoid_mpc_ws/install/ocs2_ros2_msgs/share/ocs2_ros2_msgs/cmake/ament_cmake_export_include_directories-extras.cmake
-- Up-to-date symlink: /wb_humanoid_mpc_ws/install/ocs2_ros2_msgs/share/ocs2_ros2_msgs/cmake/ament_cmake_export_libraries-extras.cmake
-- Up-to-date symlink: /wb_humanoid_mpc_ws/install/ocs2_ros2_msgs/share/ocs2_ros2_msgs/cmake/ament_cmake_export_targets-extras.cmake
-- Up-to-date symlink: /wb_humanoid_mpc_ws/install/ocs2_ros2_msgs/share/ocs2_ros2_msgs/cmake/rosidl_cmake_export_typesupport_targets-extras.cmake
-- Up-to-date symlink: /wb_humanoid_mpc_ws/install/ocs2_ros2_msgs/share/ocs2_ros2_msgs/cmake/rosidl_cmake_export_typesupport_libraries-extras.cmake
-- Up-to-date symlink: /wb_humanoid_mpc_ws/install/ocs2_ros2_msgs/share/ocs2_ros2_msgs/cmake/rosidl_cmake_aggregate_target-extras.cmake
-- Up-to-date symlink: /wb_humanoid_mpc_ws/install/ocs2_ros2_msgs/share/ocs2_ros2_msgs/cmake/ocs2_ros2_msgsConfig.cmake
-- Up-to-date symlink: /wb_humanoid_mpc_ws/install/ocs2_ros2_msgs/share/ocs2_ros2_msgs/cmake/ocs2_ros2_msgsConfig-version.cmake
-- Up-to-date symlink: /wb_humanoid_mpc_ws/install/ocs2_ros2_msgs/share/ocs2_ros2_msgs/package.xml
-- Up-to-date: /wb_humanoid_mpc_ws/install/ocs2_ros2_msgs/lib/libocs2_ros2_msgs__rosidl_generator_c.so
-- Up-to-date: /wb_humanoid_mpc_ws/install/ocs2_ros2_msgs/lib/libocs2_ros2_msgs__rosidl_typesupport_fastrtps_c.so
-- Up-to-date: /wb_humanoid_mpc_ws/install/ocs2_ros2_msgs/lib/libocs2_ros2_msgs__rosidl_typesupport_introspection_c.so
-- Up-to-date: /wb_humanoid_mpc_ws/install/ocs2_ros2_msgs/lib/libocs2_ros2_msgs__rosidl_typesupport_c.so
-- Up-to-date: /wb_humanoid_mpc_ws/install/ocs2_ros2_msgs/lib/libocs2_ros2_msgs__rosidl_typesupport_fastrtps_cpp.so
-- Up-to-date: /wb_humanoid_mpc_ws/install/ocs2_ros2_msgs/lib/libocs2_ros2_msgs__rosidl_typesupport_introspection_cpp.so
-- Up-to-date: /wb_humanoid_mpc_ws/install/ocs2_ros2_msgs/lib/libocs2_ros2_msgs__rosidl_typesupport_cpp.so
Listing '/wb_humanoid_mpc_ws/install/ocs2_ros2_msgs/lib/python3.12/site-packages/ocs2_ros2_msgs'...
Listing '/wb_humanoid_mpc_ws/install/ocs2_ros2_msgs/lib/python3.12/site-packages/ocs2_ros2_msgs/msg'...
Listing '/wb_humanoid_mpc_ws/install/ocs2_ros2_msgs/lib/python3.12/site-packages/ocs2_ros2_msgs/srv'...
-- Up-to-date: /wb_humanoid_mpc_ws/install/ocs2_ros2_msgs/lib/libocs2_ros2_msgs__rosidl_generator_py.so
-- Up-to-date: /wb_humanoid_mpc_ws/install/ocs2_ros2_msgs/share/ocs2_ros2_msgs/cmake/export_ocs2_ros2_msgs__rosidl_generator_cExport.cmake
-- Up-to-date: /wb_humanoid_mpc_ws/install/ocs2_ros2_msgs/share/ocs2_ros2_msgs/cmake/export_ocs2_ros2_msgs__rosidl_generator_cExport-release.cmake
-- Up-to-date: /wb_humanoid_mpc_ws/install/ocs2_ros2_msgs/share/ocs2_ros2_msgs/cmake/export_ocs2_ros2_msgs__rosidl_typesupport_fastrtps_cExport.cmake
-- Up-to-date: /wb_humanoid_mpc_ws/install/ocs2_ros2_msgs/share/ocs2_ros2_msgs/cmake/export_ocs2_ros2_msgs__rosidl_typesupport_fastrtps_cExport-release.cmake
-- Up-to-date: /wb_humanoid_mpc_ws/install/ocs2_ros2_msgs/share/ocs2_ros2_msgs/cmake/ocs2_ros2_msgs__rosidl_typesupport_introspection_cExport.cmake
-- Up-to-date: /wb_humanoid_mpc_ws/install/ocs2_ros2_msgs/share/ocs2_ros2_msgs/cmake/ocs2_ros2_msgs__rosidl_typesupport_introspection_cExport-release.cmake
-- Up-to-date: /wb_humanoid_mpc_ws/install/ocs2_ros2_msgs/share/ocs2_ros2_msgs/cmake/ocs2_ros2_msgs__rosidl_typesupport_cExport.cmake
-- Up-to-date: /wb_humanoid_mpc_ws/install/ocs2_ros2_msgs/share/ocs2_ros2_msgs/cmake/ocs2_ros2_msgs__rosidl_typesupport_cExport-release.cmake
-- Up-to-date: /wb_humanoid_mpc_ws/install/ocs2_ros2_msgs/share/ocs2_ros2_msgs/cmake/export_ocs2_ros2_msgs__rosidl_generator_cppExport.cmake
-- Up-to-date: /wb_humanoid_mpc_ws/install/ocs2_ros2_msgs/share/ocs2_ros2_msgs/cmake/export_ocs2_ros2_msgs__rosidl_typesupport_fastrtps_cppExport.cmake
-- Up-to-date: /wb_humanoid_mpc_ws/install/ocs2_ros2_msgs/share/ocs2_ros2_msgs/cmake/export_ocs2_ros2_msgs__rosidl_typesupport_fastrtps_cppExport-release.cmake
-- Up-to-date: /wb_humanoid_mpc_ws/install/ocs2_ros2_msgs/share/ocs2_ros2_msgs/cmake/ocs2_ros2_msgs__rosidl_typesupport_introspection_cppExport.cmake
-- Up-to-date: /wb_humanoid_mpc_ws/install/ocs2_ros2_msgs/share/ocs2_ros2_msgs/cmake/ocs2_ros2_msgs__rosidl_typesupport_introspection_cppExport-release.cmake
-- Up-to-date: /wb_humanoid_mpc_ws/install/ocs2_ros2_msgs/share/ocs2_ros2_msgs/cmake/ocs2_ros2_msgs__rosidl_typesupport_cppExport.cmake
-- Up-to-date: /wb_humanoid_mpc_ws/install/ocs2_ros2_msgs/share/ocs2_ros2_msgs/cmake/ocs2_ros2_msgs__rosidl_typesupport_cppExport-release.cmake
-- Up-to-date: /wb_humanoid_mpc_ws/install/ocs2_ros2_msgs/share/ocs2_ros2_msgs/cmake/export_ocs2_ros2_msgs__rosidl_generator_pyExport.cmake
-- Up-to-date: /wb_humanoid_mpc_ws/install/ocs2_ros2_msgs/share/ocs2_ros2_msgs/cmake/export_ocs2_ros2_msgs__rosidl_generator_pyExport-release.cmake
---
Finished <<< ocs2_ros2_msgs [0.38s]
Starting >>> cmake_modules
Starting >>> humanoid_common_mpc_pyutils
/usr/lib/python3/dist-packages/setuptools/dist.py:744: SetuptoolsDeprecationWarning: Invalid dash-separated options
!!

        ********************************************************************************
        Usage of dash-separated 'script-dir' will not be supported in future
        versions. Please use the underscore name 'script_dir' instead.

        This deprecation is overdue, please update your project and remove deprecated
        calls to avoid build errors in the future.

        See https://setuptools.pypa.io/en/latest/userguide/declarative_config.html for details.
        ********************************************************************************

!!
  opt = self.warn_dash_deprecation(opt, section)
/usr/lib/python3/dist-packages/setuptools/dist.py:744: SetuptoolsDeprecationWarning: Invalid dash-separated options
!!

        ********************************************************************************
        Usage of dash-separated 'install-scripts' will not be supported in future
        versions. Please use the underscore name 'install_scripts' instead.

        This deprecation is overdue, please update your project and remove deprecated
        calls to avoid build errors in the future.

        See https://setuptools.pypa.io/en/latest/userguide/declarative_config.html for details.
        ********************************************************************************

!!
  opt = self.warn_dash_deprecation(opt, section)
--- output: cmake_modules
ninja: no work to do.
ninja: no work to do.
-- Install configuration: "Release"
-- Execute custom install script
-- Up-to-date symlink: /wb_humanoid_mpc_ws/install/cmake_modules/lib/pkgconfig/cmake_modules.pc
-- Up-to-date symlink: /wb_humanoid_mpc_ws/install/cmake_modules/share/cmake_modules/cmake/cmake_modules-extras.cmake
-- Up-to-date symlink: /wb_humanoid_mpc_ws/install/cmake_modules/share/cmake_modules/cmake/cmake_modulesConfig.cmake
-- Up-to-date symlink: /wb_humanoid_mpc_ws/install/cmake_modules/share/cmake_modules/cmake/cmake_modulesConfig-version.cmake
-- Up-to-date symlink: /wb_humanoid_mpc_ws/install/cmake_modules/share/cmake_modules/package.xml
-- Up-to-date symlink: /wb_humanoid_mpc_ws/install/cmake_modules/share/cmake_modules/cmake/Modules/FindEigen.cmake
-- Up-to-date symlink: /wb_humanoid_mpc_ws/install/cmake_modules/share/cmake_modules/cmake/Modules/FindGSL.cmake
-- Up-to-date symlink: /wb_humanoid_mpc_ws/install/cmake_modules/share/cmake_modules/cmake/Modules/FindGflags.cmake
-- Up-to-date symlink: /wb_humanoid_mpc_ws/install/cmake_modules/share/cmake_modules/cmake/Modules/FindNUMPY.cmake
-- Up-to-date symlink: /wb_humanoid_mpc_ws/install/cmake_modules/share/cmake_modules/cmake/Modules/FindPoco.cmake
-- Up-to-date symlink: /wb_humanoid_mpc_ws/install/cmake_modules/share/cmake_modules/cmake/Modules/FindTBB.cmake
-- Up-to-date symlink: /wb_humanoid_mpc_ws/install/cmake_modules/share/cmake_modules/cmake/Modules/FindTinyXML.cmake
-- Up-to-date symlink: /wb_humanoid_mpc_ws/install/cmake_modules/share/cmake_modules/cmake/Modules/FindTinyXML2.cmake
-- Up-to-date symlink: /wb_humanoid_mpc_ws/install/cmake_modules/share/cmake_modules/cmake/Modules/FindUUID.cmake
-- Up-to-date symlink: /wb_humanoid_mpc_ws/install/cmake_modules/share/cmake_modules/cmake/Modules/FindXenomai.cmake
---
Finished <<< cmake_modules [0.15s]
Starting >>> ocs2_core
--- output: ocs2_core
ninja: no work to do.
-- Install configuration: "Release"
-- Execute custom install script
-- Up-to-date symlink: /wb_humanoid_mpc_ws/install/ocs2_core/include/ocs2_core/ComputationRequest.h
-- Up-to-date symlink: /wb_humanoid_mpc_ws/install/ocs2_core/include/ocs2_core/NumericTraits.h
-- Up-to-date symlink: /wb_humanoid_mpc_ws/install/ocs2_core/include/ocs2_core/PreComputation.h
-- Up-to-date symlink: /wb_humanoid_mpc_ws/install/ocs2_core/include/ocs2_core/Types.h
-- Up-to-date symlink: /wb_humanoid_mpc_ws/install/ocs2_core/include/ocs2_core/augmented_lagrangian/AugmentedLagrangian.h
-- Up-to-date symlink: /wb_humanoid_mpc_ws/install/ocs2_core/include/ocs2_core/augmented_lagrangian/StateAugmentedLagrangian.h
-- Up-to-date symlink: /wb_humanoid_mpc_ws/install/ocs2_core/include/ocs2_core/augmented_lagrangian/StateAugmentedLagrangianCollection.h
-- Up-to-date symlink: /wb_humanoid_mpc_ws/install/ocs2_core/include/ocs2_core/augmented_lagrangian/StateAugmentedLagrangianInterface.h
-- Up-to-date symlink: /wb_humanoid_mpc_ws/install/ocs2_core/include/ocs2_core/augmented_lagrangian/StateInputAugmentedLagrangian.h
-- Up-to-date symlink: /wb_humanoid_mpc_ws/install/ocs2_core/include/ocs2_core/augmented_lagrangian/StateInputAugmentedLagrangianCollection.h
-- Up-to-date symlink: /wb_humanoid_mpc_ws/install/ocs2_core/include/ocs2_core/augmented_lagrangian/StateInputAugmentedLagrangianInterface.h
-- Up-to-date symlink: /wb_humanoid_mpc_ws/install/ocs2_core/include/ocs2_core/automatic_differentiation/CppAdInterface.h
-- Up-to-date symlink: /wb_humanoid_mpc_ws/install/ocs2_core/include/ocs2_core/automatic_differentiation/CppAdSparsity.h
-- Up-to-date symlink: /wb_humanoid_mpc_ws/install/ocs2_core/include/ocs2_core/automatic_differentiation/FiniteDifferenceMethods.h
-- Up-to-date symlink: /wb_humanoid_mpc_ws/install/ocs2_core/include/ocs2_core/automatic_differentiation/Types.h
-- Up-to-date symlink: /wb_humanoid_mpc_ws/install/ocs2_core/include/ocs2_core/constraint/ConstraintOrder.h
-- Up-to-date symlink: /wb_humanoid_mpc_ws/install/ocs2_core/include/ocs2_core/constraint/LinearStateConstraint.h
-- Up-to-date symlink: /wb_humanoid_mpc_ws/install/ocs2_core/include/ocs2_core/constraint/LinearStateInputConstraint.h
-- Up-to-date symlink: /wb_humanoid_mpc_ws/install/ocs2_core/include/ocs2_core/constraint/StateConstraint.h
-- Up-to-date symlink: /wb_humanoid_mpc_ws/install/ocs2_core/include/ocs2_core/constraint/StateConstraintCollection.h
-- Up-to-date symlink: /wb_humanoid_mpc_ws/install/ocs2_core/include/ocs2_core/constraint/StateConstraintCppAd.h
-- Up-to-date symlink: /wb_humanoid_mpc_ws/install/ocs2_core/include/ocs2_core/constraint/StateInputConstraint.h
-- Up-to-date symlink: /wb_humanoid_mpc_ws/install/ocs2_core/include/ocs2_core/constraint/StateInputConstraintCollection.h
-- Up-to-date symlink: /wb_humanoid_mpc_ws/install/ocs2_core/include/ocs2_core/constraint/StateInputConstraintCppAd.h
-- Up-to-date symlink: /wb_humanoid_mpc_ws/install/ocs2_core/include/ocs2_core/control/ControllerAdjustmentBase.h
-- Up-to-date symlink: /wb_humanoid_mpc_ws/install/ocs2_core/include/ocs2_core/control/ControllerBase.h
-- Up-to-date symlink: /wb_humanoid_mpc_ws/install/ocs2_core/include/ocs2_core/control/ControllerType.h
-- Up-to-date symlink: /wb_humanoid_mpc_ws/install/ocs2_core/include/ocs2_core/control/FeedforwardController.h
-- Up-to-date symlink: /wb_humanoid_mpc_ws/install/ocs2_core/include/ocs2_core/control/LinearController.h
-- Up-to-date symlink: /wb_humanoid_mpc_ws/install/ocs2_core/include/ocs2_core/control/StateBasedLinearController.h
-- Up-to-date symlink: /wb_humanoid_mpc_ws/install/ocs2_core/include/ocs2_core/cost/QuadraticStateCost.h
-- Up-to-date symlink: /wb_humanoid_mpc_ws/install/ocs2_core/include/ocs2_core/cost/QuadraticStateInputCost.h
-- Up-to-date symlink: /wb_humanoid_mpc_ws/install/ocs2_core/include/ocs2_core/cost/StateCost.h
-- Up-to-date symlink: /wb_humanoid_mpc_ws/install/ocs2_core/include/ocs2_core/cost/StateCostCollection.h
-- Up-to-date symlink: /wb_humanoid_mpc_ws/install/ocs2_core/include/ocs2_core/cost/StateCostCppAd.h
-- Up-to-date symlink: /wb_humanoid_mpc_ws/install/ocs2_core/include/ocs2_core/cost/StateInputCost.h
-- Up-to-date symlink: /wb_humanoid_mpc_ws/install/ocs2_core/include/ocs2_core/cost/StateInputCostCollection.h
-- Up-to-date symlink: /wb_humanoid_mpc_ws/install/ocs2_core/include/ocs2_core/cost/StateInputCostCppAd.h
-- Up-to-date symlink: /wb_humanoid_mpc_ws/install/ocs2_core/include/ocs2_core/cost/StateInputGaussNewtonCostAd.h
-- Up-to-date symlink: /wb_humanoid_mpc_ws/install/ocs2_core/include/ocs2_core/dynamics/ControlledSystemBase.h
-- Up-to-date symlink: /wb_humanoid_mpc_ws/install/ocs2_core/include/ocs2_core/dynamics/LinearSystemDynamics.h
-- Up-to-date symlink: /wb_humanoid_mpc_ws/install/ocs2_core/include/ocs2_core/dynamics/SystemDynamicsBase.h
-- Up-to-date symlink: /wb_humanoid_mpc_ws/install/ocs2_core/include/ocs2_core/dynamics/SystemDynamicsBaseAD.h
-- Up-to-date symlink: /wb_humanoid_mpc_ws/install/ocs2_core/include/ocs2_core/dynamics/SystemDynamicsLinearizer.h
-- Up-to-date symlink: /wb_humanoid_mpc_ws/install/ocs2_core/include/ocs2_core/dynamics/TransferFunctionBase.h
-- Up-to-date symlink: /wb_humanoid_mpc_ws/install/ocs2_core/include/ocs2_core/initialization/DefaultInitializer.h
-- Up-to-date symlink: /wb_humanoid_mpc_ws/install/ocs2_core/include/ocs2_core/initialization/Initializer.h
-- Up-to-date symlink: /wb_humanoid_mpc_ws/install/ocs2_core/include/ocs2_core/initialization/OperatingPoints.h
-- Up-to-date symlink: /wb_humanoid_mpc_ws/install/ocs2_core/include/ocs2_core/integration/Integrator.h
-- Up-to-date symlink: /wb_humanoid_mpc_ws/install/ocs2_core/include/ocs2_core/integration/IntegratorBase.h
-- Up-to-date symlink: /wb_humanoid_mpc_ws/install/ocs2_core/include/ocs2_core/integration/Observer.h
-- Up-to-date symlink: /wb_humanoid_mpc_ws/install/ocs2_core/include/ocs2_core/integration/OdeBase.h
-- Up-to-date symlink: /wb_humanoid_mpc_ws/install/ocs2_core/include/ocs2_core/integration/OdeFunc.h
-- Up-to-date symlink: /wb_humanoid_mpc_ws/install/ocs2_core/include/ocs2_core/integration/RungeKuttaDormandPrince5.h
-- Up-to-date symlink: /wb_humanoid_mpc_ws/install/ocs2_core/include/ocs2_core/integration/SensitivityIntegrator.h
-- Up-to-date symlink: /wb_humanoid_mpc_ws/install/ocs2_core/include/ocs2_core/integration/SensitivityIntegratorImpl.h
-- Up-to-date symlink: /wb_humanoid_mpc_ws/install/ocs2_core/include/ocs2_core/integration/StateTriggeredEventHandler.h
-- Up-to-date symlink: /wb_humanoid_mpc_ws/install/ocs2_core/include/ocs2_core/integration/SystemEventHandler.h
-- Up-to-date symlink: /wb_humanoid_mpc_ws/install/ocs2_core/include/ocs2_core/integration/TrapezoidalIntegration.h
-- Up-to-date symlink: /wb_humanoid_mpc_ws/install/ocs2_core/include/ocs2_core/integration/eigenIntegration.h
-- Up-to-date symlink: /wb_humanoid_mpc_ws/install/ocs2_core/include/ocs2_core/integration/implementation/Integrator.h
-- Up-to-date symlink: /wb_humanoid_mpc_ws/install/ocs2_core/include/ocs2_core/integration/steppers.h
-- Up-to-date symlink: /wb_humanoid_mpc_ws/install/ocs2_core/include/ocs2_core/loopshaping/Loopshaping.h
-- Up-to-date symlink: /wb_humanoid_mpc_ws/install/ocs2_core/include/ocs2_core/loopshaping/LoopshapingDefinition.h
-- Up-to-date symlink: /wb_humanoid_mpc_ws/install/ocs2_core/include/ocs2_core/loopshaping/LoopshapingFilter.h
-- Up-to-date symlink: /wb_humanoid_mpc_ws/install/ocs2_core/include/ocs2_core/loopshaping/LoopshapingPreComputation.h
-- Up-to-date symlink: /wb_humanoid_mpc_ws/install/ocs2_core/include/ocs2_core/loopshaping/LoopshapingPropertyTree.h
-- Up-to-date symlink: /wb_humanoid_mpc_ws/install/ocs2_core/include/ocs2_core/loopshaping/augmented_lagrangian/LoopshapingAugmentedLagrangian.h
-- Up-to-date symlink: /wb_humanoid_mpc_ws/install/ocs2_core/include/ocs2_core/loopshaping/augmented_lagrangian/LoopshapingAugmentedLagrangianEliminatePattern.h
-- Up-to-date symlink: /wb_humanoid_mpc_ws/install/ocs2_core/include/ocs2_core/loopshaping/augmented_lagrangian/LoopshapingAugmentedLagrangianOutputPattern.h
-- Up-to-date symlink: /wb_humanoid_mpc_ws/install/ocs2_core/include/ocs2_core/loopshaping/augmented_lagrangian/LoopshapingStateAugmentedLagrangian.h
-- Up-to-date symlink: /wb_humanoid_mpc_ws/install/ocs2_core/include/ocs2_core/loopshaping/augmented_lagrangian/LoopshapingStateInputAugmentedLagrangian.h
-- Up-to-date symlink: /wb_humanoid_mpc_ws/install/ocs2_core/include/ocs2_core/loopshaping/constraint/LoopshapingConstraint.h
-- Up-to-date symlink: /wb_humanoid_mpc_ws/install/ocs2_core/include/ocs2_core/loopshaping/constraint/LoopshapingConstraintEliminatePattern.h
-- Up-to-date symlink: /wb_humanoid_mpc_ws/install/ocs2_core/include/ocs2_core/loopshaping/constraint/LoopshapingConstraintOutputPattern.h
-- Up-to-date symlink: /wb_humanoid_mpc_ws/install/ocs2_core/include/ocs2_core/loopshaping/constraint/LoopshapingStateConstraint.h
-- Up-to-date symlink: /wb_humanoid_mpc_ws/install/ocs2_core/include/ocs2_core/loopshaping/constraint/LoopshapingStateInputConstraint.h
-- Up-to-date symlink: /wb_humanoid_mpc_ws/install/ocs2_core/include/ocs2_core/loopshaping/cost/LoopshapingCost.h
-- Up-to-date symlink: /wb_humanoid_mpc_ws/install/ocs2_core/include/ocs2_core/loopshaping/cost/LoopshapingCostEliminatePattern.h
-- Up-to-date symlink: /wb_humanoid_mpc_ws/install/ocs2_core/include/ocs2_core/loopshaping/cost/LoopshapingCostOutputPattern.h
-- Up-to-date symlink: /wb_humanoid_mpc_ws/install/ocs2_core/include/ocs2_core/loopshaping/cost/LoopshapingStateCost.h
-- Up-to-date symlink: /wb_humanoid_mpc_ws/install/ocs2_core/include/ocs2_core/loopshaping/cost/LoopshapingStateInputCost.h
-- Up-to-date symlink: /wb_humanoid_mpc_ws/install/ocs2_core/include/ocs2_core/loopshaping/dynamics/LoopshapingDynamics.h
-- Up-to-date symlink: /wb_humanoid_mpc_ws/install/ocs2_core/include/ocs2_core/loopshaping/dynamics/LoopshapingDynamicsEliminatePattern.h
-- Up-to-date symlink: /wb_humanoid_mpc_ws/install/ocs2_core/include/ocs2_core/loopshaping/dynamics/LoopshapingDynamicsOutputPattern.h
-- Up-to-date symlink: /wb_humanoid_mpc_ws/install/ocs2_core/include/ocs2_core/loopshaping/dynamics/LoopshapingFilterDynamics.h
-- Up-to-date symlink: /wb_humanoid_mpc_ws/install/ocs2_core/include/ocs2_core/loopshaping/initialization/LoopshapingInitializer.h
-- Up-to-date symlink: /wb_humanoid_mpc_ws/install/ocs2_core/include/ocs2_core/loopshaping/soft_constraint/LoopshapingSoftConstraint.h
-- Up-to-date symlink: /wb_humanoid_mpc_ws/install/ocs2_core/include/ocs2_core/loopshaping/soft_constraint/LoopshapingSoftConstraintEliminatePattern.h
-- Up-to-date symlink: /wb_humanoid_mpc_ws/install/ocs2_core/include/ocs2_core/loopshaping/soft_constraint/LoopshapingSoftConstraintOutputPattern.h
-- Up-to-date symlink: /wb_humanoid_mpc_ws/install/ocs2_core/include/ocs2_core/loopshaping/soft_constraint/LoopshapingStateInputSoftConstraint.h
-- Up-to-date symlink: /wb_humanoid_mpc_ws/install/ocs2_core/include/ocs2_core/misc/Benchmark.h
-- Up-to-date symlink: /wb_humanoid_mpc_ws/install/ocs2_core/include/ocs2_core/misc/Collection.h
-- Up-to-date symlink: /wb_humanoid_mpc_ws/install/ocs2_core/include/ocs2_core/misc/CommandLine.h
-- Up-to-date symlink: /wb_humanoid_mpc_ws/install/ocs2_core/include/ocs2_core/misc/Display.h
-- Up-to-date symlink: /wb_humanoid_mpc_ws/install/ocs2_core/include/ocs2_core/misc/LTI_Equations.h
-- Up-to-date symlink: /wb_humanoid_mpc_ws/install/ocs2_core/include/ocs2_core/misc/LinearAlgebra.h
-- Up-to-date symlink: /wb_humanoid_mpc_ws/install/ocs2_core/include/ocs2_core/misc/LinearFunction.h
-- Up-to-date symlink: /wb_humanoid_mpc_ws/install/ocs2_core/include/ocs2_core/misc/LinearInterpolation.h
-- Up-to-date symlink: /wb_humanoid_mpc_ws/install/ocs2_core/include/ocs2_core/misc/LoadData.h
-- Up-to-date symlink: /wb_humanoid_mpc_ws/install/ocs2_core/include/ocs2_core/misc/LoadStdVectorOfPair.h
-- Up-to-date symlink: /wb_humanoid_mpc_ws/install/ocs2_core/include/ocs2_core/misc/Log.h
-- Up-to-date symlink: /wb_humanoid_mpc_ws/install/ocs2_core/include/ocs2_core/misc/Lookup.h
-- Up-to-date symlink: /wb_humanoid_mpc_ws/install/ocs2_core/include/ocs2_core/misc/Numerics.h
-- Up-to-date symlink: /wb_humanoid_mpc_ws/install/ocs2_core/include/ocs2_core/misc/implementation/LinearInterpolation.h
-- Up-to-date symlink: /wb_humanoid_mpc_ws/install/ocs2_core/include/ocs2_core/misc/randomMatrices.h
-- Up-to-date symlink: /wb_humanoid_mpc_ws/install/ocs2_core/include/ocs2_core/model_data/Metrics.h
-- Up-to-date symlink: /wb_humanoid_mpc_ws/install/ocs2_core/include/ocs2_core/model_data/ModelData.h
-- Up-to-date symlink: /wb_humanoid_mpc_ws/install/ocs2_core/include/ocs2_core/model_data/ModelDataLinearInterpolation.h
-- Up-to-date symlink: /wb_humanoid_mpc_ws/install/ocs2_core/include/ocs2_core/model_data/Multiplier.h
-- Up-to-date symlink: /wb_humanoid_mpc_ws/install/ocs2_core/include/ocs2_core/penalties/MultidimensionalPenalty.h
-- Up-to-date symlink: /wb_humanoid_mpc_ws/install/ocs2_core/include/ocs2_core/penalties/Penalties.h
-- Up-to-date symlink: /wb_humanoid_mpc_ws/install/ocs2_core/include/ocs2_core/penalties/augmented/AugmentedPenaltyBase.h
-- Up-to-date symlink: /wb_humanoid_mpc_ws/install/ocs2_core/include/ocs2_core/penalties/augmented/ModifiedRelaxedBarrierPenalty.h
-- Up-to-date symlink: /wb_humanoid_mpc_ws/install/ocs2_core/include/ocs2_core/penalties/augmented/QuadraticPenalty.h
-- Up-to-date symlink: /wb_humanoid_mpc_ws/install/ocs2_core/include/ocs2_core/penalties/augmented/SlacknessSquaredHingePenalty.h
-- Up-to-date symlink: /wb_humanoid_mpc_ws/install/ocs2_core/include/ocs2_core/penalties/augmented/SmoothAbsolutePenalty.h
-- Up-to-date symlink: /wb_humanoid_mpc_ws/install/ocs2_core/include/ocs2_core/penalties/penalties/DoubleSidedPenalty.h
-- Up-to-date symlink: /wb_humanoid_mpc_ws/install/ocs2_core/include/ocs2_core/penalties/penalties/PenaltyBase.h
-- Up-to-date symlink: /wb_humanoid_mpc_ws/install/ocs2_core/include/ocs2_core/penalties/penalties/PieceWisePolynomialBarrierPenalty.h
-- Up-to-date symlink: /wb_humanoid_mpc_ws/install/ocs2_core/include/ocs2_core/penalties/penalties/QuadraticPenalty.h
-- Up-to-date symlink: /wb_humanoid_mpc_ws/install/ocs2_core/include/ocs2_core/penalties/penalties/RelaxedBarrierPenalty.h
-- Up-to-date symlink: /wb_humanoid_mpc_ws/install/ocs2_core/include/ocs2_core/penalties/penalties/SmoothAbsolutePenalty.h
-- Up-to-date symlink: /wb_humanoid_mpc_ws/install/ocs2_core/include/ocs2_core/penalties/penalties/SquaredHingePenalty.h
-- Up-to-date symlink: /wb_humanoid_mpc_ws/install/ocs2_core/include/ocs2_core/reference/ModeSchedule.h
-- Up-to-date symlink: /wb_humanoid_mpc_ws/install/ocs2_core/include/ocs2_core/reference/TargetTrajectories.h
-- Up-to-date symlink: /wb_humanoid_mpc_ws/install/ocs2_core/include/ocs2_core/soft_constraint/StateInputSoftBoxConstraint.h
-- Up-to-date symlink: /wb_humanoid_mpc_ws/install/ocs2_core/include/ocs2_core/soft_constraint/StateInputSoftConstraint.h
-- Up-to-date symlink: /wb_humanoid_mpc_ws/install/ocs2_core/include/ocs2_core/soft_constraint/StateSoftConstraint.h
-- Up-to-date symlink: /wb_humanoid_mpc_ws/install/ocs2_core/include/ocs2_core/thread_support/BufferedValue.h
-- Up-to-date symlink: /wb_humanoid_mpc_ws/install/ocs2_core/include/ocs2_core/thread_support/ExecuteAndSleep.h
-- Up-to-date symlink: /wb_humanoid_mpc_ws/install/ocs2_core/include/ocs2_core/thread_support/SetThreadPriority.h
-- Up-to-date symlink: /wb_humanoid_mpc_ws/install/ocs2_core/include/ocs2_core/thread_support/Synchronized.h
-- Up-to-date symlink: /wb_humanoid_mpc_ws/install/ocs2_core/include/ocs2_core/thread_support/ThreadPool.h
-- Up-to-date symlink: /wb_humanoid_mpc_ws/install/ocs2_core/include/ocs2_core/test/testTools.h
-- Up-to-date symlink: /wb_humanoid_mpc_ws/install/ocs2_core/share/ocs2_core/environment/library_path.sh
-- Up-to-date symlink: /wb_humanoid_mpc_ws/install/ocs2_core/share/ocs2_core/environment/library_path.dsv
-- Up-to-date symlink: /wb_humanoid_mpc_ws/install/ocs2_core/share/ament_index/resource_index/package_run_dependencies/ocs2_core
-- Up-to-date symlink: /wb_humanoid_mpc_ws/install/ocs2_core/share/ament_index/resource_index/parent_prefix_path/ocs2_core
-- Up-to-date symlink: /wb_humanoid_mpc_ws/install/ocs2_core/share/ocs2_core/environment/ament_prefix_path.sh
-- Up-to-date symlink: /wb_humanoid_mpc_ws/install/ocs2_core/share/ocs2_core/environment/ament_prefix_path.dsv
-- Up-to-date symlink: /wb_humanoid_mpc_ws/install/ocs2_core/share/ocs2_core/environment/path.sh
-- Up-to-date symlink: /wb_humanoid_mpc_ws/install/ocs2_core/share/ocs2_core/environment/path.dsv
-- Up-to-date symlink: /wb_humanoid_mpc_ws/install/ocs2_core/share/ocs2_core/local_setup.bash
-- Up-to-date symlink: /wb_humanoid_mpc_ws/install/ocs2_core/share/ocs2_core/local_setup.sh
-- Up-to-date symlink: /wb_humanoid_mpc_ws/install/ocs2_core/share/ocs2_core/local_setup.zsh
-- Up-to-date symlink: /wb_humanoid_mpc_ws/install/ocs2_core/share/ocs2_core/local_setup.dsv
-- Symlinking: /wb_humanoid_mpc_ws/install/ocs2_core/share/ocs2_core/package.dsv
-- Up-to-date symlink: /wb_humanoid_mpc_ws/install/ocs2_core/share/ament_index/resource_index/packages/ocs2_core
-- Up-to-date symlink: /wb_humanoid_mpc_ws/install/ocs2_core/share/ocs2_core/cmake/ament_cmake_export_include_directories-extras.cmake
-- Up-to-date symlink: /wb_humanoid_mpc_ws/install/ocs2_core/share/ocs2_core/cmake/ament_cmake_export_libraries-extras.cmake
-- Up-to-date symlink: /wb_humanoid_mpc_ws/install/ocs2_core/share/ocs2_core/cmake/ament_cmake_export_targets-extras.cmake
-- Up-to-date symlink: /wb_humanoid_mpc_ws/install/ocs2_core/share/ocs2_core/cmake/ament_cmake_export_dependencies-extras.cmake
-- Up-to-date symlink: /wb_humanoid_mpc_ws/install/ocs2_core/share/ocs2_core/cmake/ocs2_coreConfig.cmake
-- Up-to-date symlink: /wb_humanoid_mpc_ws/install/ocs2_core/share/ocs2_core/cmake/ocs2_coreConfig-version.cmake
-- Up-to-date symlink: /wb_humanoid_mpc_ws/install/ocs2_core/share/ocs2_core/package.xml
-- Up-to-date: /wb_humanoid_mpc_ws/install/ocs2_core/lib/libocs2_core.a
-- Up-to-date: /wb_humanoid_mpc_ws/install/ocs2_core/share/ocs2_core/cmake/export_ocs2_coreExport.cmake
-- Up-to-date: /wb_humanoid_mpc_ws/install/ocs2_core/share/ocs2_core/cmake/export_ocs2_coreExport-release.cmake
---
Finished <<< ocs2_core [0.06s]
Starting >>> ocs2_oc
--- output: ocs2_oc
ninja: no work to do.
-- Install configuration: "Release"
-- Up-to-date: /wb_humanoid_mpc_ws/install/ocs2_oc/lib/libocs2_oc.a
-- Up-to-date: /wb_humanoid_mpc_ws/install/ocs2_oc/include
-- Up-to-date: /wb_humanoid_mpc_ws/install/ocs2_oc/include/ocs2_oc
-- Up-to-date: /wb_humanoid_mpc_ws/install/ocs2_oc/include/ocs2_oc/oc_solver
-- Up-to-date: /wb_humanoid_mpc_ws/install/ocs2_oc/include/ocs2_oc/oc_solver/SolverBase.h
-- Up-to-date: /wb_humanoid_mpc_ws/install/ocs2_oc/include/ocs2_oc/oc_problem
-- Up-to-date: /wb_humanoid_mpc_ws/install/ocs2_oc/include/ocs2_oc/oc_problem/OcpSize.h
-- Up-to-date: /wb_humanoid_mpc_ws/install/ocs2_oc/include/ocs2_oc/oc_problem/OptimalControlProblem.h
-- Up-to-date: /wb_humanoid_mpc_ws/install/ocs2_oc/include/ocs2_oc/oc_problem/OptimalControlProblemHelperFunction.h
-- Up-to-date: /wb_humanoid_mpc_ws/install/ocs2_oc/include/ocs2_oc/oc_problem/OcpToKkt.h
-- Up-to-date: /wb_humanoid_mpc_ws/install/ocs2_oc/include/ocs2_oc/oc_problem/LoopshapingOptimalControlProblem.h
-- Up-to-date: /wb_humanoid_mpc_ws/install/ocs2_oc/include/ocs2_oc/precondition
-- Up-to-date: /wb_humanoid_mpc_ws/install/ocs2_oc/include/ocs2_oc/precondition/Ruzi.h
-- Up-to-date: /wb_humanoid_mpc_ws/install/ocs2_oc/include/ocs2_oc/approximate_model
-- Up-to-date: /wb_humanoid_mpc_ws/install/ocs2_oc/include/ocs2_oc/approximate_model/ChangeOfInputVariables.h
-- Up-to-date: /wb_humanoid_mpc_ws/install/ocs2_oc/include/ocs2_oc/approximate_model/LinearQuadraticApproximator.h
-- Up-to-date: /wb_humanoid_mpc_ws/install/ocs2_oc/include/ocs2_oc/synchronized_module
-- Up-to-date: /wb_humanoid_mpc_ws/install/ocs2_oc/include/ocs2_oc/synchronized_module/ReferenceManager.h
-- Up-to-date: /wb_humanoid_mpc_ws/install/ocs2_oc/include/ocs2_oc/synchronized_module/LoopshapingSynchronizedModule.h
-- Up-to-date: /wb_humanoid_mpc_ws/install/ocs2_oc/include/ocs2_oc/synchronized_module/SolverSynchronizedModule.h
-- Up-to-date: /wb_humanoid_mpc_ws/install/ocs2_oc/include/ocs2_oc/synchronized_module/SolverObserver.h
-- Up-to-date: /wb_humanoid_mpc_ws/install/ocs2_oc/include/ocs2_oc/synchronized_module/ReferenceManagerInterface.h
-- Up-to-date: /wb_humanoid_mpc_ws/install/ocs2_oc/include/ocs2_oc/synchronized_module/ReferenceManagerDecorator.h
-- Up-to-date: /wb_humanoid_mpc_ws/install/ocs2_oc/include/ocs2_oc/synchronized_module/LoopshapingReferenceManager.h
-- Up-to-date: /wb_humanoid_mpc_ws/install/ocs2_oc/include/ocs2_oc/oc_data
-- Up-to-date: /wb_humanoid_mpc_ws/install/ocs2_oc/include/ocs2_oc/oc_data/TimeDiscretization.h
-- Up-to-date: /wb_humanoid_mpc_ws/install/ocs2_oc/include/ocs2_oc/oc_data/LoopshapingPrimalSolution.h
-- Up-to-date: /wb_humanoid_mpc_ws/install/ocs2_oc/include/ocs2_oc/oc_data/ProblemMetrics.h
-- Up-to-date: /wb_humanoid_mpc_ws/install/ocs2_oc/include/ocs2_oc/oc_data/PerformanceIndex.h
-- Up-to-date: /wb_humanoid_mpc_ws/install/ocs2_oc/include/ocs2_oc/oc_data/PrimalSolution.h
-- Up-to-date: /wb_humanoid_mpc_ws/install/ocs2_oc/include/ocs2_oc/oc_data/DualSolution.h
-- Up-to-date: /wb_humanoid_mpc_ws/install/ocs2_oc/include/ocs2_oc/rollout
-- Up-to-date: /wb_humanoid_mpc_ws/install/ocs2_oc/include/ocs2_oc/rollout/RootFinderType.h
-- Up-to-date: /wb_humanoid_mpc_ws/install/ocs2_oc/include/ocs2_oc/rollout/RootFinder.h
-- Up-to-date: /wb_humanoid_mpc_ws/install/ocs2_oc/include/ocs2_oc/rollout/StateTriggeredRollout.h
-- Up-to-date: /wb_humanoid_mpc_ws/install/ocs2_oc/include/ocs2_oc/rollout/TimeTriggeredRollout.h
-- Up-to-date: /wb_humanoid_mpc_ws/install/ocs2_oc/include/ocs2_oc/rollout/RolloutSettings.h
-- Up-to-date: /wb_humanoid_mpc_ws/install/ocs2_oc/include/ocs2_oc/rollout/PerformanceIndicesRollout.h
-- Up-to-date: /wb_humanoid_mpc_ws/install/ocs2_oc/include/ocs2_oc/rollout/InitializerRollout.h
-- Up-to-date: /wb_humanoid_mpc_ws/install/ocs2_oc/include/ocs2_oc/rollout/RolloutBase.h
-- Up-to-date: /wb_humanoid_mpc_ws/install/ocs2_oc/include/ocs2_oc/search_strategy
-- Up-to-date: /wb_humanoid_mpc_ws/install/ocs2_oc/include/ocs2_oc/search_strategy/FilterLinesearch.h
-- Up-to-date: /wb_humanoid_mpc_ws/install/ocs2_oc/include/ocs2_oc/multiple_shooting
-- Up-to-date: /wb_humanoid_mpc_ws/install/ocs2_oc/include/ocs2_oc/multiple_shooting/LagrangianEvaluation.h
-- Up-to-date: /wb_humanoid_mpc_ws/install/ocs2_oc/include/ocs2_oc/multiple_shooting/MetricsComputation.h
-- Up-to-date: /wb_humanoid_mpc_ws/install/ocs2_oc/include/ocs2_oc/multiple_shooting/ProjectionMultiplierCoefficients.h
-- Up-to-date: /wb_humanoid_mpc_ws/install/ocs2_oc/include/ocs2_oc/multiple_shooting/Initialization.h
-- Up-to-date: /wb_humanoid_mpc_ws/install/ocs2_oc/include/ocs2_oc/multiple_shooting/PerformanceIndexComputation.h
-- Up-to-date: /wb_humanoid_mpc_ws/install/ocs2_oc/include/ocs2_oc/multiple_shooting/Helpers.h
-- Up-to-date: /wb_humanoid_mpc_ws/install/ocs2_oc/include/ocs2_oc/multiple_shooting/Transcription.h
-- Up-to-date: /wb_humanoid_mpc_ws/install/ocs2_oc/include/ocs2_oc/trajectory_adjustment
-- Up-to-date: /wb_humanoid_mpc_ws/install/ocs2_oc/include/ocs2_oc/trajectory_adjustment/TrajectorySpreadingHelperFunctions.h
-- Up-to-date: /wb_humanoid_mpc_ws/install/ocs2_oc/include/ocs2_oc/trajectory_adjustment/TrajectorySpreading.h
-- Up-to-date: /wb_humanoid_mpc_ws/install/ocs2_oc/include
-- Up-to-date: /wb_humanoid_mpc_ws/install/ocs2_oc/include/ocs2_oc
-- Up-to-date: /wb_humanoid_mpc_ws/install/ocs2_oc/include/ocs2_oc/test
-- Up-to-date: /wb_humanoid_mpc_ws/install/ocs2_oc/include/ocs2_oc/test/pendulum_dynamics_staterollout.h
-- Up-to-date: /wb_humanoid_mpc_ws/install/ocs2_oc/include/ocs2_oc/test/circular_kinematics.h
-- Up-to-date: /wb_humanoid_mpc_ws/install/ocs2_oc/include/ocs2_oc/test/EXP1.h
-- Up-to-date: /wb_humanoid_mpc_ws/install/ocs2_oc/include/ocs2_oc/test/EXP0.h
-- Up-to-date: /wb_humanoid_mpc_ws/install/ocs2_oc/include/ocs2_oc/test/dynamics_hybrid_slq_test.h
-- Up-to-date: /wb_humanoid_mpc_ws/install/ocs2_oc/include/ocs2_oc/test/testProblemsGeneration.h
-- Up-to-date: /wb_humanoid_mpc_ws/install/ocs2_oc/include/ocs2_oc/test/DoubleIntegratorReachingTask.h
-- Up-to-date: /wb_humanoid_mpc_ws/install/ocs2_oc/include/ocs2_oc/test/ball_dynamics_staterollout.h
-- Up-to-date: /wb_humanoid_mpc_ws/install/ocs2_oc/share/ocs2_oc/environment/library_path.sh
-- Up-to-date: /wb_humanoid_mpc_ws/install/ocs2_oc/share/ocs2_oc/environment/library_path.dsv
-- Up-to-date: /wb_humanoid_mpc_ws/install/ocs2_oc/share/ament_index/resource_index/package_run_dependencies/ocs2_oc
-- Up-to-date: /wb_humanoid_mpc_ws/install/ocs2_oc/share/ament_index/resource_index/parent_prefix_path/ocs2_oc
-- Up-to-date: /wb_humanoid_mpc_ws/install/ocs2_oc/share/ocs2_oc/environment/ament_prefix_path.sh
-- Up-to-date: /wb_humanoid_mpc_ws/install/ocs2_oc/share/ocs2_oc/environment/ament_prefix_path.dsv
-- Up-to-date: /wb_humanoid_mpc_ws/install/ocs2_oc/share/ocs2_oc/environment/path.sh
-- Up-to-date: /wb_humanoid_mpc_ws/install/ocs2_oc/share/ocs2_oc/environment/path.dsv
-- Up-to-date: /wb_humanoid_mpc_ws/install/ocs2_oc/share/ocs2_oc/local_setup.bash
-- Up-to-date: /wb_humanoid_mpc_ws/install/ocs2_oc/share/ocs2_oc/local_setup.sh
-- Up-to-date: /wb_humanoid_mpc_ws/install/ocs2_oc/share/ocs2_oc/local_setup.zsh
-- Up-to-date: /wb_humanoid_mpc_ws/install/ocs2_oc/share/ocs2_oc/local_setup.dsv
-- Installing: /wb_humanoid_mpc_ws/install/ocs2_oc/share/ocs2_oc/package.dsv
-- Up-to-date: /wb_humanoid_mpc_ws/install/ocs2_oc/share/ament_index/resource_index/packages/ocs2_oc
-- Up-to-date: /wb_humanoid_mpc_ws/install/ocs2_oc/share/ocs2_oc/cmake/export_ocs2_ocExport.cmake
-- Up-to-date: /wb_humanoid_mpc_ws/install/ocs2_oc/share/ocs2_oc/cmake/export_ocs2_ocExport-release.cmake
-- Up-to-date: /wb_humanoid_mpc_ws/install/ocs2_oc/share/ocs2_oc/cmake/ament_cmake_export_include_directories-extras.cmake
-- Up-to-date: /wb_humanoid_mpc_ws/install/ocs2_oc/share/ocs2_oc/cmake/ament_cmake_export_libraries-extras.cmake
-- Up-to-date: /wb_humanoid_mpc_ws/install/ocs2_oc/share/ocs2_oc/cmake/ament_cmake_export_targets-extras.cmake
-- Up-to-date: /wb_humanoid_mpc_ws/install/ocs2_oc/share/ocs2_oc/cmake/ament_cmake_export_dependencies-extras.cmake
-- Up-to-date: /wb_humanoid_mpc_ws/install/ocs2_oc/share/ocs2_oc/cmake/ocs2_ocConfig.cmake
-- Up-to-date: /wb_humanoid_mpc_ws/install/ocs2_oc/share/ocs2_oc/cmake/ocs2_ocConfig-version.cmake
-- Up-to-date: /wb_humanoid_mpc_ws/install/ocs2_oc/share/ocs2_oc/package.xml
---
Finished <<< ocs2_oc [0.04s]
Starting >>> ocs2_mpc
Starting >>> ocs2_qp_solver
Starting >>> ocs2_robotic_tools
--- output: ocs2_qp_solver
ninja: no work to do.
-- Install configuration: "Release"
-- Execute custom install script
-- Up-to-date symlink: /wb_humanoid_mpc_ws/install/ocs2_qp_solver/include/ocs2_qp_solver/Ocs2QpSolver.h
-- Up-to-date symlink: /wb_humanoid_mpc_ws/install/ocs2_qp_solver/include/ocs2_qp_solver/QpDiscreteTranscription.h
-- Up-to-date symlink: /wb_humanoid_mpc_ws/install/ocs2_qp_solver/include/ocs2_qp_solver/QpSolver.h
-- Up-to-date symlink: /wb_humanoid_mpc_ws/install/ocs2_qp_solver/include/ocs2_qp_solver/QpSolverTypes.h
-- Up-to-date symlink: /wb_humanoid_mpc_ws/install/ocs2_qp_solver/include/ocs2_qp_solver/QpTrajectories.h
-- Up-to-date symlink: /wb_humanoid_mpc_ws/install/ocs2_qp_solver/share/ocs2_qp_solver/environment/library_path.sh
-- Up-to-date symlink: /wb_humanoid_mpc_ws/install/ocs2_qp_solver/share/ocs2_qp_solver/environment/library_path.dsv
-- Up-to-date symlink: /wb_humanoid_mpc_ws/install/ocs2_qp_solver/share/ament_index/resource_index/package_run_dependencies/ocs2_qp_solver
-- Up-to-date symlink: /wb_humanoid_mpc_ws/install/ocs2_qp_solver/share/ament_index/resource_index/parent_prefix_path/ocs2_qp_solver
-- Up-to-date symlink: /wb_humanoid_mpc_ws/install/ocs2_qp_solver/share/ocs2_qp_solver/environment/ament_prefix_path.sh
-- Up-to-date symlink: /wb_humanoid_mpc_ws/install/ocs2_qp_solver/share/ocs2_qp_solver/environment/ament_prefix_path.dsv
-- Up-to-date symlink: /wb_humanoid_mpc_ws/install/ocs2_qp_solver/share/ocs2_qp_solver/environment/path.sh
-- Up-to-date symlink: /wb_humanoid_mpc_ws/install/ocs2_qp_solver/share/ocs2_qp_solver/environment/path.dsv
-- Up-to-date symlink: /wb_humanoid_mpc_ws/install/ocs2_qp_solver/share/ocs2_qp_solver/local_setup.bash
-- Up-to-date symlink: /wb_humanoid_mpc_ws/install/ocs2_qp_solver/share/ocs2_qp_solver/local_setup.sh
-- Up-to-date symlink: /wb_humanoid_mpc_ws/install/ocs2_qp_solver/share/ocs2_qp_solver/local_setup.zsh
-- Up-to-date symlink: /wb_humanoid_mpc_ws/install/ocs2_qp_solver/share/ocs2_qp_solver/local_setup.dsv
-- Symlinking: /wb_humanoid_mpc_ws/install/ocs2_qp_solver/share/ocs2_qp_solver/package.dsv
-- Up-to-date symlink: /wb_humanoid_mpc_ws/install/ocs2_qp_solver/share/ament_index/resource_index/packages/ocs2_qp_solver
-- Up-to-date symlink: /wb_humanoid_mpc_ws/install/ocs2_qp_solver/share/ocs2_qp_solver/cmake/ament_cmake_export_libraries-extras.cmake
-- Up-to-date symlink: /wb_humanoid_mpc_ws/install/ocs2_qp_solver/share/ocs2_qp_solver/cmake/ament_cmake_export_targets-extras.cmake
-- Up-to-date symlink: /wb_humanoid_mpc_ws/install/ocs2_qp_solver/share/ocs2_qp_solver/cmake/ament_cmake_export_include_directories-extras.cmake
-- Up-to-date symlink: /wb_humanoid_mpc_ws/install/ocs2_qp_solver/share/ocs2_qp_solver/cmake/ament_cmake_export_dependencies-extras.cmake
-- Up-to-date symlink: /wb_humanoid_mpc_ws/install/ocs2_qp_solver/share/ocs2_qp_solver/cmake/ocs2_qp_solverConfig.cmake
-- Up-to-date symlink: /wb_humanoid_mpc_ws/install/ocs2_qp_solver/share/ocs2_qp_solver/cmake/ocs2_qp_solverConfig-version.cmake
-- Up-to-date symlink: /wb_humanoid_mpc_ws/install/ocs2_qp_solver/share/ocs2_qp_solver/package.xml
-- Up-to-date: /wb_humanoid_mpc_ws/install/ocs2_qp_solver/lib/libocs2_qp_solver.a
-- Up-to-date: /wb_humanoid_mpc_ws/install/ocs2_qp_solver/share/ocs2_qp_solver/cmake/export_ocs2_qp_solverExport.cmake
-- Up-to-date: /wb_humanoid_mpc_ws/install/ocs2_qp_solver/share/ocs2_qp_solver/cmake/export_ocs2_qp_solverExport-release.cmake
---
Finished <<< ocs2_qp_solver [0.04s]
Starting >>> hpipm_catkin
--- output: ocs2_mpc
ninja: no work to do.
-- Install configuration: "Release"
-- Execute custom install script
-- Up-to-date symlink: /wb_humanoid_mpc_ws/install/ocs2_mpc/include/ocs2_mpc/CommandData.h
-- Up-to-date symlink: /wb_humanoid_mpc_ws/install/ocs2_mpc/include/ocs2_mpc/LoopshapingSystemObservation.h
-- Up-to-date symlink: /wb_humanoid_mpc_ws/install/ocs2_mpc/include/ocs2_mpc/MPC_BASE.h
-- Up-to-date symlink: /wb_humanoid_mpc_ws/install/ocs2_mpc/include/ocs2_mpc/MPC_MRT_Interface.h
-- Up-to-date symlink: /wb_humanoid_mpc_ws/install/ocs2_mpc/include/ocs2_mpc/MPC_Settings.h
-- Up-to-date symlink: /wb_humanoid_mpc_ws/install/ocs2_mpc/include/ocs2_mpc/MRT_BASE.h
-- Up-to-date symlink: /wb_humanoid_mpc_ws/install/ocs2_mpc/include/ocs2_mpc/MrtObserver.h
-- Up-to-date symlink: /wb_humanoid_mpc_ws/install/ocs2_mpc/include/ocs2_mpc/SystemObservation.h
-- Up-to-date symlink: /wb_humanoid_mpc_ws/install/ocs2_mpc/share/ocs2_mpc/environment/library_path.sh
-- Up-to-date symlink: /wb_humanoid_mpc_ws/install/ocs2_mpc/share/ocs2_mpc/environment/library_path.dsv
-- Up-to-date symlink: /wb_humanoid_mpc_ws/install/ocs2_mpc/share/ament_index/resource_index/package_run_dependencies/ocs2_mpc
-- Up-to-date symlink: /wb_humanoid_mpc_ws/install/ocs2_mpc/share/ament_index/resource_index/parent_prefix_path/ocs2_mpc
-- Up-to-date symlink: /wb_humanoid_mpc_ws/install/ocs2_mpc/share/ocs2_mpc/environment/ament_prefix_path.sh
-- Up-to-date symlink: /wb_humanoid_mpc_ws/install/ocs2_mpc/share/ocs2_mpc/environment/ament_prefix_path.dsv
-- Up-to-date symlink: /wb_humanoid_mpc_ws/install/ocs2_mpc/share/ocs2_mpc/environment/path.sh
-- Up-to-date symlink: /wb_humanoid_mpc_ws/install/ocs2_mpc/share/ocs2_mpc/environment/path.dsv
-- Up-to-date symlink: /wb_humanoid_mpc_ws/install/ocs2_mpc/share/ocs2_mpc/local_setup.bash
-- Up-to-date symlink: /wb_humanoid_mpc_ws/install/ocs2_mpc/share/ocs2_mpc/local_setup.sh
-- Up-to-date symlink: /wb_humanoid_mpc_ws/install/ocs2_mpc/share/ocs2_mpc/local_setup.zsh
-- Up-to-date symlink: /wb_humanoid_mpc_ws/install/ocs2_mpc/share/ocs2_mpc/local_setup.dsv
-- Symlinking: /wb_humanoid_mpc_ws/install/ocs2_mpc/share/ocs2_mpc/package.dsv
-- Up-to-date symlink: /wb_humanoid_mpc_ws/install/ocs2_mpc/share/ament_index/resource_index/packages/ocs2_mpc
-- Up-to-date symlink: /wb_humanoid_mpc_ws/install/ocs2_mpc/share/ocs2_mpc/cmake/ament_cmake_export_include_directories-extras.cmake
-- Up-to-date symlink: /wb_humanoid_mpc_ws/install/ocs2_mpc/share/ocs2_mpc/cmake/ament_cmake_export_libraries-extras.cmake
-- Up-to-date symlink: /wb_humanoid_mpc_ws/install/ocs2_mpc/share/ocs2_mpc/cmake/ament_cmake_export_targets-extras.cmake
-- Up-to-date symlink: /wb_humanoid_mpc_ws/install/ocs2_mpc/share/ocs2_mpc/cmake/ament_cmake_export_dependencies-extras.cmake
-- Up-to-date symlink: /wb_humanoid_mpc_ws/install/ocs2_mpc/share/ocs2_mpc/cmake/ocs2_mpcConfig.cmake
-- Up-to-date symlink: /wb_humanoid_mpc_ws/install/ocs2_mpc/share/ocs2_mpc/cmake/ocs2_mpcConfig-version.cmake
-- Up-to-date symlink: /wb_humanoid_mpc_ws/install/ocs2_mpc/share/ocs2_mpc/package.xml
-- Up-to-date: /wb_humanoid_mpc_ws/install/ocs2_mpc/lib/libocs2_mpc.a
-- Up-to-date: /wb_humanoid_mpc_ws/install/ocs2_mpc/share/ocs2_mpc/cmake/export_ocs2_mpcExport.cmake
-- Up-to-date: /wb_humanoid_mpc_ws/install/ocs2_mpc/share/ocs2_mpc/cmake/export_ocs2_mpcExport-release.cmake
---
Finished <<< ocs2_mpc [0.05s]
--- output: ocs2_robotic_tools
ninja: no work to do.
-- Install configuration: "Release"
-- Execute custom install script
-- Up-to-date symlink: /wb_humanoid_mpc_ws/install/ocs2_robotic_tools/include/ocs2_robotic_tools/common/AngularVelocityMapping.h
-- Up-to-date symlink: /wb_humanoid_mpc_ws/install/ocs2_robotic_tools/include/ocs2_robotic_tools/common/LoopshapingRobotInterface.h
-- Up-to-date symlink: /wb_humanoid_mpc_ws/install/ocs2_robotic_tools/include/ocs2_robotic_tools/common/RobotInterface.h
-- Up-to-date symlink: /wb_humanoid_mpc_ws/install/ocs2_robotic_tools/include/ocs2_robotic_tools/common/RotationDerivativesTransforms.h
-- Up-to-date symlink: /wb_humanoid_mpc_ws/install/ocs2_robotic_tools/include/ocs2_robotic_tools/common/RotationTransforms.h
-- Up-to-date symlink: /wb_humanoid_mpc_ws/install/ocs2_robotic_tools/include/ocs2_robotic_tools/common/SkewSymmetricMatrix.h
-- Up-to-date symlink: /wb_humanoid_mpc_ws/install/ocs2_robotic_tools/include/ocs2_robotic_tools/end_effector/EndEffectorKinematics.h
-- Up-to-date symlink: /wb_humanoid_mpc_ws/install/ocs2_robotic_tools/share/ocs2_robotic_tools/environment/library_path.sh
-- Up-to-date symlink: /wb_humanoid_mpc_ws/install/ocs2_robotic_tools/share/ocs2_robotic_tools/environment/library_path.dsv
-- Up-to-date symlink: /wb_humanoid_mpc_ws/install/ocs2_robotic_tools/share/ament_index/resource_index/package_run_dependencies/ocs2_robotic_tools
-- Up-to-date symlink: /wb_humanoid_mpc_ws/install/ocs2_robotic_tools/share/ament_index/resource_index/parent_prefix_path/ocs2_robotic_tools
-- Up-to-date symlink: /wb_humanoid_mpc_ws/install/ocs2_robotic_tools/share/ocs2_robotic_tools/environment/ament_prefix_path.sh
-- Up-to-date symlink: /wb_humanoid_mpc_ws/install/ocs2_robotic_tools/share/ocs2_robotic_tools/environment/ament_prefix_path.dsv
-- Up-to-date symlink: /wb_humanoid_mpc_ws/install/ocs2_robotic_tools/share/ocs2_robotic_tools/environment/path.sh
-- Up-to-date symlink: /wb_humanoid_mpc_ws/install/ocs2_robotic_tools/share/ocs2_robotic_tools/environment/path.dsv
-- Up-to-date symlink: /wb_humanoid_mpc_ws/install/ocs2_robotic_tools/share/ocs2_robotic_tools/local_setup.bash
-- Up-to-date symlink: /wb_humanoid_mpc_ws/install/ocs2_robotic_tools/share/ocs2_robotic_tools/local_setup.sh
-- Up-to-date symlink: /wb_humanoid_mpc_ws/install/ocs2_robotic_tools/share/ocs2_robotic_tools/local_setup.zsh
-- Up-to-date symlink: /wb_humanoid_mpc_ws/install/ocs2_robotic_tools/share/ocs2_robotic_tools/local_setup.dsv
-- Symlinking: /wb_humanoid_mpc_ws/install/ocs2_robotic_tools/share/ocs2_robotic_tools/package.dsv
-- Up-to-date symlink: /wb_humanoid_mpc_ws/install/ocs2_robotic_tools/share/ament_index/resource_index/packages/ocs2_robotic_tools
-- Up-to-date symlink: /wb_humanoid_mpc_ws/install/ocs2_robotic_tools/share/ocs2_robotic_tools/cmake/ament_cmake_export_include_directories-extras.cmake
-- Up-to-date symlink: /wb_humanoid_mpc_ws/install/ocs2_robotic_tools/share/ocs2_robotic_tools/cmake/ament_cmake_export_libraries-extras.cmake
-- Up-to-date symlink: /wb_humanoid_mpc_ws/install/ocs2_robotic_tools/share/ocs2_robotic_tools/cmake/ament_cmake_export_targets-extras.cmake
-- Up-to-date symlink: /wb_humanoid_mpc_ws/install/ocs2_robotic_tools/share/ocs2_robotic_tools/cmake/ament_cmake_export_dependencies-extras.cmake
-- Up-to-date symlink: /wb_humanoid_mpc_ws/install/ocs2_robotic_tools/share/ocs2_robotic_tools/cmake/ocs2_robotic_toolsConfig.cmake
-- Up-to-date symlink: /wb_humanoid_mpc_ws/install/ocs2_robotic_tools/share/ocs2_robotic_tools/cmake/ocs2_robotic_toolsConfig-version.cmake
-- Up-to-date symlink: /wb_humanoid_mpc_ws/install/ocs2_robotic_tools/share/ocs2_robotic_tools/package.xml
-- Up-to-date: /wb_humanoid_mpc_ws/install/ocs2_robotic_tools/lib/libocs2_robotic_tools.a
-- Up-to-date: /wb_humanoid_mpc_ws/install/ocs2_robotic_tools/share/ocs2_robotic_tools/cmake/export_ocs2_robotic_toolsExport.cmake
-- Up-to-date: /wb_humanoid_mpc_ws/install/ocs2_robotic_tools/share/ocs2_robotic_tools/cmake/export_ocs2_robotic_toolsExport-release.cmake
---
Finished <<< ocs2_robotic_tools [0.05s]
Starting >>> ocs2_pinocchio_interface
Starting >>> ocs2_ddp
--- output: hpipm_catkin
ninja: no work to do.
-- Install configuration: "Release"
-- Up-to-date: /wb_humanoid_mpc_ws/install/hpipm_catkin/lib/libhpipm.so
-- Up-to-date: /wb_humanoid_mpc_ws/install/hpipm_catkin/cmake/hpipmConfig.cmake
-- Up-to-date: /wb_humanoid_mpc_ws/install/hpipm_catkin/cmake/hpipmConfig-release.cmake
-- Up-to-date: /wb_humanoid_mpc_ws/install/hpipm_catkin/include/hpipm_aux_mem.h
-- Up-to-date: /wb_humanoid_mpc_ws/install/hpipm_catkin/include/hpipm_aux_string.h
-- Up-to-date: /wb_humanoid_mpc_ws/install/hpipm_catkin/include/hpipm_common.h
-- Up-to-date: /wb_humanoid_mpc_ws/install/hpipm_catkin/include/hpipm_d_cast_qcqp.h
-- Up-to-date: /wb_humanoid_mpc_ws/install/hpipm_catkin/include/hpipm_d_cond.h
-- Up-to-date: /wb_humanoid_mpc_ws/install/hpipm_catkin/include/hpipm_d_cond_aux.h
-- Up-to-date: /wb_humanoid_mpc_ws/install/hpipm_catkin/include/hpipm_d_cond_qcqp.h
-- Up-to-date: /wb_humanoid_mpc_ws/install/hpipm_catkin/include/hpipm_d_core_qp_ipm.h
-- Up-to-date: /wb_humanoid_mpc_ws/install/hpipm_catkin/include/hpipm_d_core_qp_ipm_aux.h
-- Up-to-date: /wb_humanoid_mpc_ws/install/hpipm_catkin/include/hpipm_d_dense_qcqp.h
-- Up-to-date: /wb_humanoid_mpc_ws/install/hpipm_catkin/include/hpipm_d_dense_qcqp_dim.h
-- Up-to-date: /wb_humanoid_mpc_ws/install/hpipm_catkin/include/hpipm_d_dense_qcqp_ipm.h
-- Up-to-date: /wb_humanoid_mpc_ws/install/hpipm_catkin/include/hpipm_d_dense_qcqp_res.h
-- Up-to-date: /wb_humanoid_mpc_ws/install/hpipm_catkin/include/hpipm_d_dense_qcqp_sol.h
-- Up-to-date: /wb_humanoid_mpc_ws/install/hpipm_catkin/include/hpipm_d_dense_qcqp_utils.h
-- Up-to-date: /wb_humanoid_mpc_ws/install/hpipm_catkin/include/hpipm_d_dense_qp.h
-- Up-to-date: /wb_humanoid_mpc_ws/install/hpipm_catkin/include/hpipm_d_dense_qp_dim.h
-- Up-to-date: /wb_humanoid_mpc_ws/install/hpipm_catkin/include/hpipm_d_dense_qp_ipm.h
-- Up-to-date: /wb_humanoid_mpc_ws/install/hpipm_catkin/include/hpipm_d_dense_qp_kkt.h
-- Up-to-date: /wb_humanoid_mpc_ws/install/hpipm_catkin/include/hpipm_d_dense_qp_res.h
-- Up-to-date: /wb_humanoid_mpc_ws/install/hpipm_catkin/include/hpipm_d_dense_qp_sol.h
-- Up-to-date: /wb_humanoid_mpc_ws/install/hpipm_catkin/include/hpipm_d_dense_qp_utils.h
-- Up-to-date: /wb_humanoid_mpc_ws/install/hpipm_catkin/include/hpipm_d_ocp_qcqp.h
-- Up-to-date: /wb_humanoid_mpc_ws/install/hpipm_catkin/include/hpipm_d_ocp_qcqp_dim.h
-- Up-to-date: /wb_humanoid_mpc_ws/install/hpipm_catkin/include/hpipm_d_ocp_qcqp_ipm.h
-- Up-to-date: /wb_humanoid_mpc_ws/install/hpipm_catkin/include/hpipm_d_ocp_qcqp_res.h
-- Up-to-date: /wb_humanoid_mpc_ws/install/hpipm_catkin/include/hpipm_d_ocp_qcqp_sol.h
-- Up-to-date: /wb_humanoid_mpc_ws/install/hpipm_catkin/include/hpipm_d_ocp_qcqp_utils.h
-- Up-to-date: /wb_humanoid_mpc_ws/install/hpipm_catkin/include/hpipm_d_ocp_qp.h
-- Up-to-date: /wb_humanoid_mpc_ws/install/hpipm_catkin/include/hpipm_d_ocp_qp_dim.h
-- Up-to-date: /wb_humanoid_mpc_ws/install/hpipm_catkin/include/hpipm_d_ocp_qp_ipm.h
-- Up-to-date: /wb_humanoid_mpc_ws/install/hpipm_catkin/include/hpipm_d_ocp_qp_kkt.h
-- Up-to-date: /wb_humanoid_mpc_ws/install/hpipm_catkin/include/hpipm_d_ocp_qp_red.h
-- Up-to-date: /wb_humanoid_mpc_ws/install/hpipm_catkin/include/hpipm_d_ocp_qp_res.h
-- Up-to-date: /wb_humanoid_mpc_ws/install/hpipm_catkin/include/hpipm_d_ocp_qp_sol.h
-- Up-to-date: /wb_humanoid_mpc_ws/install/hpipm_catkin/include/hpipm_d_ocp_qp_utils.h
-- Up-to-date: /wb_humanoid_mpc_ws/install/hpipm_catkin/include/hpipm_d_part_cond.h
-- Up-to-date: /wb_humanoid_mpc_ws/install/hpipm_catkin/include/hpipm_d_part_cond_qcqp.h
-- Up-to-date: /wb_humanoid_mpc_ws/install/hpipm_catkin/include/hpipm_d_sim_erk.h
-- Up-to-date: /wb_humanoid_mpc_ws/install/hpipm_catkin/include/hpipm_d_sim_rk.h
-- Up-to-date: /wb_humanoid_mpc_ws/install/hpipm_catkin/include/hpipm_d_tree_ocp_qcqp.h
-- Up-to-date: /wb_humanoid_mpc_ws/install/hpipm_catkin/include/hpipm_d_tree_ocp_qcqp_dim.h
-- Up-to-date: /wb_humanoid_mpc_ws/install/hpipm_catkin/include/hpipm_d_tree_ocp_qcqp_ipm.h
-- Up-to-date: /wb_humanoid_mpc_ws/install/hpipm_catkin/include/hpipm_d_tree_ocp_qcqp_res.h
-- Up-to-date: /wb_humanoid_mpc_ws/install/hpipm_catkin/include/hpipm_d_tree_ocp_qcqp_sol.h
-- Up-to-date: /wb_humanoid_mpc_ws/install/hpipm_catkin/include/hpipm_d_tree_ocp_qcqp_utils.h
-- Up-to-date: /wb_humanoid_mpc_ws/install/hpipm_catkin/include/hpipm_d_tree_ocp_qp.h
-- Up-to-date: /wb_humanoid_mpc_ws/install/hpipm_catkin/include/hpipm_d_tree_ocp_qp_dim.h
-- Up-to-date: /wb_humanoid_mpc_ws/install/hpipm_catkin/include/hpipm_d_tree_ocp_qp_ipm.h
-- Up-to-date: /wb_humanoid_mpc_ws/install/hpipm_catkin/include/hpipm_d_tree_ocp_qp_kkt.h
-- Up-to-date: /wb_humanoid_mpc_ws/install/hpipm_catkin/include/hpipm_d_tree_ocp_qp_res.h
-- Up-to-date: /wb_humanoid_mpc_ws/install/hpipm_catkin/include/hpipm_d_tree_ocp_qp_sol.h
-- Up-to-date: /wb_humanoid_mpc_ws/install/hpipm_catkin/include/hpipm_d_tree_ocp_qp_utils.h
-- Up-to-date: /wb_humanoid_mpc_ws/install/hpipm_catkin/include/hpipm_m_dense_qp.h
-- Up-to-date: /wb_humanoid_mpc_ws/install/hpipm_catkin/include/hpipm_m_dense_qp_dim.h
-- Up-to-date: /wb_humanoid_mpc_ws/install/hpipm_catkin/include/hpipm_m_ocp_qp.h
-- Up-to-date: /wb_humanoid_mpc_ws/install/hpipm_catkin/include/hpipm_m_ocp_qp_ipm_hard.h
-- Up-to-date: /wb_humanoid_mpc_ws/install/hpipm_catkin/include/hpipm_m_ocp_qp_kkt.h
-- Up-to-date: /wb_humanoid_mpc_ws/install/hpipm_catkin/include/hpipm_s_cast_qcqp.h
-- Up-to-date: /wb_humanoid_mpc_ws/install/hpipm_catkin/include/hpipm_s_cond.h
-- Up-to-date: /wb_humanoid_mpc_ws/install/hpipm_catkin/include/hpipm_s_cond_aux.h
-- Up-to-date: /wb_humanoid_mpc_ws/install/hpipm_catkin/include/hpipm_s_cond_qcqp.h
-- Up-to-date: /wb_humanoid_mpc_ws/install/hpipm_catkin/include/hpipm_s_core_qp_ipm.h
-- Up-to-date: /wb_humanoid_mpc_ws/install/hpipm_catkin/include/hpipm_s_core_qp_ipm_aux.h
-- Up-to-date: /wb_humanoid_mpc_ws/install/hpipm_catkin/include/hpipm_s_dense_qcqp.h
-- Up-to-date: /wb_humanoid_mpc_ws/install/hpipm_catkin/include/hpipm_s_dense_qcqp_dim.h
-- Up-to-date: /wb_humanoid_mpc_ws/install/hpipm_catkin/include/hpipm_s_dense_qcqp_ipm.h
-- Up-to-date: /wb_humanoid_mpc_ws/install/hpipm_catkin/include/hpipm_s_dense_qcqp_res.h
-- Up-to-date: /wb_humanoid_mpc_ws/install/hpipm_catkin/include/hpipm_s_dense_qcqp_sol.h
-- Up-to-date: /wb_humanoid_mpc_ws/install/hpipm_catkin/include/hpipm_s_dense_qcqp_utils.h
-- Up-to-date: /wb_humanoid_mpc_ws/install/hpipm_catkin/include/hpipm_s_dense_qp.h
-- Up-to-date: /wb_humanoid_mpc_ws/install/hpipm_catkin/include/hpipm_s_dense_qp_dim.h
-- Up-to-date: /wb_humanoid_mpc_ws/install/hpipm_catkin/include/hpipm_s_dense_qp_ipm.h
-- Up-to-date: /wb_humanoid_mpc_ws/install/hpipm_catkin/include/hpipm_s_dense_qp_kkt.h
-- Up-to-date: /wb_humanoid_mpc_ws/install/hpipm_catkin/include/hpipm_s_dense_qp_res.h
-- Up-to-date: /wb_humanoid_mpc_ws/install/hpipm_catkin/include/hpipm_s_dense_qp_sol.h
-- Up-to-date: /wb_humanoid_mpc_ws/install/hpipm_catkin/include/hpipm_s_dense_qp_utils.h
-- Up-to-date: /wb_humanoid_mpc_ws/install/hpipm_catkin/include/hpipm_s_ocp_qcqp.h
-- Up-to-date: /wb_humanoid_mpc_ws/install/hpipm_catkin/include/hpipm_s_ocp_qcqp_dim.h
-- Up-to-date: /wb_humanoid_mpc_ws/install/hpipm_catkin/include/hpipm_s_ocp_qcqp_ipm.h
-- Up-to-date: /wb_humanoid_mpc_ws/install/hpipm_catkin/include/hpipm_s_ocp_qcqp_res.h
-- Up-to-date: /wb_humanoid_mpc_ws/install/hpipm_catkin/include/hpipm_s_ocp_qcqp_sol.h
-- Up-to-date: /wb_humanoid_mpc_ws/install/hpipm_catkin/include/hpipm_s_ocp_qcqp_utils.h
-- Up-to-date: /wb_humanoid_mpc_ws/install/hpipm_catkin/include/hpipm_s_ocp_qp.h
-- Up-to-date: /wb_humanoid_mpc_ws/install/hpipm_catkin/include/hpipm_s_ocp_qp_dim.h
-- Up-to-date: /wb_humanoid_mpc_ws/install/hpipm_catkin/include/hpipm_s_ocp_qp_ipm.h
-- Up-to-date: /wb_humanoid_mpc_ws/install/hpipm_catkin/include/hpipm_s_ocp_qp_kkt.h
-- Up-to-date: /wb_humanoid_mpc_ws/install/hpipm_catkin/include/hpipm_s_ocp_qp_red.h
-- Up-to-date: /wb_humanoid_mpc_ws/install/hpipm_catkin/include/hpipm_s_ocp_qp_res.h
-- Up-to-date: /wb_humanoid_mpc_ws/install/hpipm_catkin/include/hpipm_s_ocp_qp_sol.h
-- Up-to-date: /wb_humanoid_mpc_ws/install/hpipm_catkin/include/hpipm_s_ocp_qp_utils.h
-- Up-to-date: /wb_humanoid_mpc_ws/install/hpipm_catkin/include/hpipm_s_part_cond.h
-- Up-to-date: /wb_humanoid_mpc_ws/install/hpipm_catkin/include/hpipm_s_part_cond_qcqp.h
-- Up-to-date: /wb_humanoid_mpc_ws/install/hpipm_catkin/include/hpipm_s_sim_erk.h
-- Up-to-date: /wb_humanoid_mpc_ws/install/hpipm_catkin/include/hpipm_s_sim_rk.h
-- Up-to-date: /wb_humanoid_mpc_ws/install/hpipm_catkin/include/hpipm_s_tree_ocp_qcqp.h
-- Up-to-date: /wb_humanoid_mpc_ws/install/hpipm_catkin/include/hpipm_s_tree_ocp_qcqp_dim.h
-- Up-to-date: /wb_humanoid_mpc_ws/install/hpipm_catkin/include/hpipm_s_tree_ocp_qcqp_ipm.h
-- Up-to-date: /wb_humanoid_mpc_ws/install/hpipm_catkin/include/hpipm_s_tree_ocp_qcqp_res.h
-- Up-to-date: /wb_humanoid_mpc_ws/install/hpipm_catkin/include/hpipm_s_tree_ocp_qcqp_sol.h
-- Up-to-date: /wb_humanoid_mpc_ws/install/hpipm_catkin/include/hpipm_s_tree_ocp_qcqp_utils.h
-- Up-to-date: /wb_humanoid_mpc_ws/install/hpipm_catkin/include/hpipm_s_tree_ocp_qp.h
-- Up-to-date: /wb_humanoid_mpc_ws/install/hpipm_catkin/include/hpipm_s_tree_ocp_qp_dim.h
-- Up-to-date: /wb_humanoid_mpc_ws/install/hpipm_catkin/include/hpipm_s_tree_ocp_qp_ipm.h
-- Up-to-date: /wb_humanoid_mpc_ws/install/hpipm_catkin/include/hpipm_s_tree_ocp_qp_kkt.h
-- Up-to-date: /wb_humanoid_mpc_ws/install/hpipm_catkin/include/hpipm_s_tree_ocp_qp_res.h
-- Up-to-date: /wb_humanoid_mpc_ws/install/hpipm_catkin/include/hpipm_s_tree_ocp_qp_sol.h
-- Up-to-date: /wb_humanoid_mpc_ws/install/hpipm_catkin/include/hpipm_s_tree_ocp_qp_utils.h
-- Up-to-date: /wb_humanoid_mpc_ws/install/hpipm_catkin/include/hpipm_scenario_tree.h
-- Up-to-date: /wb_humanoid_mpc_ws/install/hpipm_catkin/include/hpipm_timing.h
-- Up-to-date: /wb_humanoid_mpc_ws/install/hpipm_catkin/include/hpipm_tree.h
-- Up-to-date: /wb_humanoid_mpc_ws/install/hpipm_catkin/lib/libhpipm_catkin.so
-- Up-to-date: /wb_humanoid_mpc_ws/install/hpipm_catkin/include
-- Up-to-date: /wb_humanoid_mpc_ws/install/hpipm_catkin/include/hpipm_catkin
-- Up-to-date: /wb_humanoid_mpc_ws/install/hpipm_catkin/include/hpipm_catkin/HpipmInterfaceSettings.h
-- Up-to-date: /wb_humanoid_mpc_ws/install/hpipm_catkin/include/hpipm_catkin/HpipmInterface.h
-- Up-to-date: /wb_humanoid_mpc_ws/install/hpipm_catkin/share/hpipm_catkin/environment/library_path.sh
-- Up-to-date: /wb_humanoid_mpc_ws/install/hpipm_catkin/share/hpipm_catkin/environment/library_path.dsv
-- Up-to-date: /wb_humanoid_mpc_ws/install/hpipm_catkin/share/ament_index/resource_index/package_run_dependencies/hpipm_catkin
-- Up-to-date: /wb_humanoid_mpc_ws/install/hpipm_catkin/share/ament_index/resource_index/parent_prefix_path/hpipm_catkin
-- Up-to-date: /wb_humanoid_mpc_ws/install/hpipm_catkin/share/hpipm_catkin/environment/ament_prefix_path.sh
-- Up-to-date: /wb_humanoid_mpc_ws/install/hpipm_catkin/share/hpipm_catkin/environment/ament_prefix_path.dsv
-- Up-to-date: /wb_humanoid_mpc_ws/install/hpipm_catkin/share/hpipm_catkin/environment/path.sh
-- Up-to-date: /wb_humanoid_mpc_ws/install/hpipm_catkin/share/hpipm_catkin/environment/path.dsv
-- Up-to-date: /wb_humanoid_mpc_ws/install/hpipm_catkin/share/hpipm_catkin/local_setup.bash
-- Up-to-date: /wb_humanoid_mpc_ws/install/hpipm_catkin/share/hpipm_catkin/local_setup.sh
-- Up-to-date: /wb_humanoid_mpc_ws/install/hpipm_catkin/share/hpipm_catkin/local_setup.zsh
-- Up-to-date: /wb_humanoid_mpc_ws/install/hpipm_catkin/share/hpipm_catkin/local_setup.dsv
-- Installing: /wb_humanoid_mpc_ws/install/hpipm_catkin/share/hpipm_catkin/package.dsv
-- Up-to-date: /wb_humanoid_mpc_ws/install/hpipm_catkin/share/ament_index/resource_index/packages/hpipm_catkin
-- Up-to-date: /wb_humanoid_mpc_ws/install/hpipm_catkin/share/hpipm_catkin/cmake/ament_cmake_export_include_directories-extras.cmake
-- Up-to-date: /wb_humanoid_mpc_ws/install/hpipm_catkin/share/hpipm_catkin/cmake/ament_cmake_export_libraries-extras.cmake
-- Up-to-date: /wb_humanoid_mpc_ws/install/hpipm_catkin/share/hpipm_catkin/cmake/hpipm_catkinConfig.cmake
-- Up-to-date: /wb_humanoid_mpc_ws/install/hpipm_catkin/share/hpipm_catkin/cmake/hpipm_catkinConfig-version.cmake
-- Up-to-date: /wb_humanoid_mpc_ws/install/hpipm_catkin/share/hpipm_catkin/package.xml
---
Finished <<< hpipm_catkin [0.05s]
Starting >>> ocs2_sqp
--- output: ocs2_ddp
ninja: no work to do.
-- Install configuration: "Release"
-- Execute custom install script
-- Up-to-date symlink: /wb_humanoid_mpc_ws/install/ocs2_ddp/include/ocs2_ddp/ContinuousTimeLqr.h
-- Up-to-date symlink: /wb_humanoid_mpc_ws/install/ocs2_ddp/include/ocs2_ddp/DDP_Data.h
-- Up-to-date symlink: /wb_humanoid_mpc_ws/install/ocs2_ddp/include/ocs2_ddp/DDP_DataCollector.h
-- Up-to-date symlink: /wb_humanoid_mpc_ws/install/ocs2_ddp/include/ocs2_ddp/DDP_HelperFunctions.h
-- Up-to-date symlink: /wb_humanoid_mpc_ws/install/ocs2_ddp/include/ocs2_ddp/DDP_Settings.h
-- Up-to-date symlink: /wb_humanoid_mpc_ws/install/ocs2_ddp/include/ocs2_ddp/GaussNewtonDDP.h
-- Up-to-date symlink: /wb_humanoid_mpc_ws/install/ocs2_ddp/include/ocs2_ddp/GaussNewtonDDP_MPC.h
-- Up-to-date symlink: /wb_humanoid_mpc_ws/install/ocs2_ddp/include/ocs2_ddp/HessianCorrection.h
-- Up-to-date symlink: /wb_humanoid_mpc_ws/install/ocs2_ddp/include/ocs2_ddp/ILQR.h
-- Up-to-date symlink: /wb_humanoid_mpc_ws/install/ocs2_ddp/include/ocs2_ddp/SLQ.h
-- Up-to-date symlink: /wb_humanoid_mpc_ws/install/ocs2_ddp/include/ocs2_ddp/riccati_equations/ContinuousTimeRiccatiEquations.h
-- Up-to-date symlink: /wb_humanoid_mpc_ws/install/ocs2_ddp/include/ocs2_ddp/riccati_equations/DiscreteTimeRiccatiEquations.h
-- Up-to-date symlink: /wb_humanoid_mpc_ws/install/ocs2_ddp/include/ocs2_ddp/riccati_equations/RiccatiModification.h
-- Up-to-date symlink: /wb_humanoid_mpc_ws/install/ocs2_ddp/include/ocs2_ddp/riccati_equations/RiccatiModificationInterpolation.h
-- Up-to-date symlink: /wb_humanoid_mpc_ws/install/ocs2_ddp/include/ocs2_ddp/riccati_equations/RiccatiTransversalityConditions.h
-- Up-to-date symlink: /wb_humanoid_mpc_ws/install/ocs2_ddp/include/ocs2_ddp/search_strategy/LevenbergMarquardtStrategy.h
-- Up-to-date symlink: /wb_humanoid_mpc_ws/install/ocs2_ddp/include/ocs2_ddp/search_strategy/LineSearchStrategy.h
-- Up-to-date symlink: /wb_humanoid_mpc_ws/install/ocs2_ddp/include/ocs2_ddp/search_strategy/SearchStrategyBase.h
-- Up-to-date symlink: /wb_humanoid_mpc_ws/install/ocs2_ddp/include/ocs2_ddp/search_strategy/StrategySettings.h
-- Up-to-date symlink: /wb_humanoid_mpc_ws/install/ocs2_ddp/include/ocs2_ddp/unsupported/MPC_OCS2.h
-- Up-to-date symlink: /wb_humanoid_mpc_ws/install/ocs2_ddp/include/ocs2_ddp/unsupported/SLQ_Hamiltonian.h
-- Up-to-date symlink: /wb_humanoid_mpc_ws/install/ocs2_ddp/include/ocs2_ddp/unsupported/bvp_solver/BVPEquations.h
-- Up-to-date symlink: /wb_humanoid_mpc_ws/install/ocs2_ddp/include/ocs2_ddp/unsupported/bvp_solver/SolveBVP.h
-- Up-to-date symlink: /wb_humanoid_mpc_ws/install/ocs2_ddp/include/ocs2_ddp/unsupported/implementation/SLQ_Hamiltonian.h
-- Up-to-date symlink: /wb_humanoid_mpc_ws/install/ocs2_ddp/share/ocs2_ddp/environment/library_path.sh
-- Up-to-date symlink: /wb_humanoid_mpc_ws/install/ocs2_ddp/share/ocs2_ddp/environment/library_path.dsv
-- Up-to-date symlink: /wb_humanoid_mpc_ws/install/ocs2_ddp/share/ament_index/resource_index/package_run_dependencies/ocs2_ddp
-- Up-to-date symlink: /wb_humanoid_mpc_ws/install/ocs2_ddp/share/ament_index/resource_index/parent_prefix_path/ocs2_ddp
-- Up-to-date symlink: /wb_humanoid_mpc_ws/install/ocs2_ddp/share/ocs2_ddp/environment/ament_prefix_path.sh
-- Up-to-date symlink: /wb_humanoid_mpc_ws/install/ocs2_ddp/share/ocs2_ddp/environment/ament_prefix_path.dsv
-- Up-to-date symlink: /wb_humanoid_mpc_ws/install/ocs2_ddp/share/ocs2_ddp/environment/path.sh
-- Up-to-date symlink: /wb_humanoid_mpc_ws/install/ocs2_ddp/share/ocs2_ddp/environment/path.dsv
-- Up-to-date symlink: /wb_humanoid_mpc_ws/install/ocs2_ddp/share/ocs2_ddp/local_setup.bash
-- Up-to-date symlink: /wb_humanoid_mpc_ws/install/ocs2_ddp/share/ocs2_ddp/local_setup.sh
-- Up-to-date symlink: /wb_humanoid_mpc_ws/install/ocs2_ddp/share/ocs2_ddp/local_setup.zsh
-- Up-to-date symlink: /wb_humanoid_mpc_ws/install/ocs2_ddp/share/ocs2_ddp/local_setup.dsv
-- Symlinking: /wb_humanoid_mpc_ws/install/ocs2_ddp/share/ocs2_ddp/package.dsv
-- Up-to-date symlink: /wb_humanoid_mpc_ws/install/ocs2_ddp/share/ament_index/resource_index/packages/ocs2_ddp
-- Up-to-date symlink: /wb_humanoid_mpc_ws/install/ocs2_ddp/share/ocs2_ddp/cmake/ament_cmake_export_include_directories-extras.cmake
-- Up-to-date symlink: /wb_humanoid_mpc_ws/install/ocs2_ddp/share/ocs2_ddp/cmake/ament_cmake_export_libraries-extras.cmake
-- Up-to-date symlink: /wb_humanoid_mpc_ws/install/ocs2_ddp/share/ocs2_ddp/cmake/ament_cmake_export_targets-extras.cmake
-- Up-to-date symlink: /wb_humanoid_mpc_ws/install/ocs2_ddp/share/ocs2_ddp/cmake/ament_cmake_export_dependencies-extras.cmake
-- Up-to-date symlink: /wb_humanoid_mpc_ws/install/ocs2_ddp/share/ocs2_ddp/cmake/ocs2_ddpConfig.cmake
-- Up-to-date symlink: /wb_humanoid_mpc_ws/install/ocs2_ddp/share/ocs2_ddp/cmake/ocs2_ddpConfig-version.cmake
-- Up-to-date symlink: /wb_humanoid_mpc_ws/install/ocs2_ddp/share/ocs2_ddp/package.xml
-- Up-to-date: /wb_humanoid_mpc_ws/install/ocs2_ddp/lib/libocs2_ddp.a
-- Up-to-date: /wb_humanoid_mpc_ws/install/ocs2_ddp/share/ocs2_ddp/cmake/export_ocs2_ddpExport.cmake
-- Up-to-date: /wb_humanoid_mpc_ws/install/ocs2_ddp/share/ocs2_ddp/cmake/export_ocs2_ddpExport-release.cmake
---
Finished <<< ocs2_ddp [0.05s]
Starting >>> ocs2_ros2_interfaces
--- output: ocs2_sqp
ninja: no work to do.
-- Install configuration: "Release"
-- Execute custom install script
-- Up-to-date symlink: /wb_humanoid_mpc_ws/install/ocs2_sqp/include/ocs2_sqp/SqpLogging.h
-- Up-to-date symlink: /wb_humanoid_mpc_ws/install/ocs2_sqp/include/ocs2_sqp/SqpMpc.h
-- Up-to-date symlink: /wb_humanoid_mpc_ws/install/ocs2_sqp/include/ocs2_sqp/SqpSettings.h
-- Up-to-date symlink: /wb_humanoid_mpc_ws/install/ocs2_sqp/include/ocs2_sqp/SqpSolver.h
-- Up-to-date symlink: /wb_humanoid_mpc_ws/install/ocs2_sqp/include/ocs2_sqp/SqpSolverStatus.h
-- Up-to-date symlink: /wb_humanoid_mpc_ws/install/ocs2_sqp/share/ocs2_sqp/environment/library_path.sh
-- Up-to-date symlink: /wb_humanoid_mpc_ws/install/ocs2_sqp/share/ocs2_sqp/environment/library_path.dsv
-- Up-to-date symlink: /wb_humanoid_mpc_ws/install/ocs2_sqp/share/ament_index/resource_index/package_run_dependencies/ocs2_sqp
-- Up-to-date symlink: /wb_humanoid_mpc_ws/install/ocs2_sqp/share/ament_index/resource_index/parent_prefix_path/ocs2_sqp
-- Up-to-date symlink: /wb_humanoid_mpc_ws/install/ocs2_sqp/share/ocs2_sqp/environment/ament_prefix_path.sh
-- Up-to-date symlink: /wb_humanoid_mpc_ws/install/ocs2_sqp/share/ocs2_sqp/environment/ament_prefix_path.dsv
-- Up-to-date symlink: /wb_humanoid_mpc_ws/install/ocs2_sqp/share/ocs2_sqp/environment/path.sh
-- Up-to-date symlink: /wb_humanoid_mpc_ws/install/ocs2_sqp/share/ocs2_sqp/environment/path.dsv
-- Up-to-date symlink: /wb_humanoid_mpc_ws/install/ocs2_sqp/share/ocs2_sqp/local_setup.bash
-- Up-to-date symlink: /wb_humanoid_mpc_ws/install/ocs2_sqp/share/ocs2_sqp/local_setup.sh
-- Up-to-date symlink: /wb_humanoid_mpc_ws/install/ocs2_sqp/share/ocs2_sqp/local_setup.zsh
-- Up-to-date symlink: /wb_humanoid_mpc_ws/install/ocs2_sqp/share/ocs2_sqp/local_setup.dsv
-- Symlinking: /wb_humanoid_mpc_ws/install/ocs2_sqp/share/ocs2_sqp/package.dsv
-- Up-to-date symlink: /wb_humanoid_mpc_ws/install/ocs2_sqp/share/ament_index/resource_index/packages/ocs2_sqp
-- Up-to-date symlink: /wb_humanoid_mpc_ws/install/ocs2_sqp/share/ocs2_sqp/cmake/ament_cmake_export_include_directories-extras.cmake
-- Up-to-date symlink: /wb_humanoid_mpc_ws/install/ocs2_sqp/share/ocs2_sqp/cmake/ament_cmake_export_libraries-extras.cmake
-- Up-to-date symlink: /wb_humanoid_mpc_ws/install/ocs2_sqp/share/ocs2_sqp/cmake/ament_cmake_export_targets-extras.cmake
-- Up-to-date symlink: /wb_humanoid_mpc_ws/install/ocs2_sqp/share/ocs2_sqp/cmake/ament_cmake_export_dependencies-extras.cmake
-- Up-to-date symlink: /wb_humanoid_mpc_ws/install/ocs2_sqp/share/ocs2_sqp/cmake/ocs2_sqpConfig.cmake
-- Up-to-date symlink: /wb_humanoid_mpc_ws/install/ocs2_sqp/share/ocs2_sqp/cmake/ocs2_sqpConfig-version.cmake
-- Up-to-date symlink: /wb_humanoid_mpc_ws/install/ocs2_sqp/share/ocs2_sqp/package.xml
-- Up-to-date: /wb_humanoid_mpc_ws/install/ocs2_sqp/lib/libocs2_sqp.a
-- Up-to-date: /wb_humanoid_mpc_ws/install/ocs2_sqp/share/ocs2_sqp/cmake/export_ocs2_sqpExport.cmake
-- Up-to-date: /wb_humanoid_mpc_ws/install/ocs2_sqp/share/ocs2_sqp/cmake/export_ocs2_sqpExport-release.cmake
---
Finished <<< ocs2_sqp [0.05s]
--- output: ocs2_ros2_interfaces
ninja: no work to do.
-- Install configuration: "Release"
-- Execute custom install script
-- Up-to-date symlink: /wb_humanoid_mpc_ws/install/ocs2_ros2_interfaces/share/ocs2_ros2_interfaces/multiplot/performance_indices.xml
-- Up-to-date symlink: /wb_humanoid_mpc_ws/install/ocs2_ros2_interfaces/share/ocs2_ros2_interfaces/launch/performance_indices.launch
-- Up-to-date symlink: /wb_humanoid_mpc_ws/install/ocs2_ros2_interfaces/share/ocs2_ros2_interfaces/multiplot/performance_indices.xml
-- Up-to-date symlink: /wb_humanoid_mpc_ws/install/ocs2_ros2_interfaces/include/ocs2_ros2_interfaces/command/TargetTrajectoriesInteractiveMarker.h
-- Up-to-date symlink: /wb_humanoid_mpc_ws/install/ocs2_ros2_interfaces/include/ocs2_ros2_interfaces/command/TargetTrajectoriesKeyboardPublisher.h
-- Up-to-date symlink: /wb_humanoid_mpc_ws/install/ocs2_ros2_interfaces/include/ocs2_ros2_interfaces/command/TargetTrajectoriesRosPublisher.h
-- Up-to-date symlink: /wb_humanoid_mpc_ws/install/ocs2_ros2_interfaces/include/ocs2_ros2_interfaces/common/RosMsgConversions.h
-- Up-to-date symlink: /wb_humanoid_mpc_ws/install/ocs2_ros2_interfaces/include/ocs2_ros2_interfaces/common/RosMsgHelpers.h
-- Up-to-date symlink: /wb_humanoid_mpc_ws/install/ocs2_ros2_interfaces/include/ocs2_ros2_interfaces/mpc/MPC_ROS_Interface.h
-- Up-to-date symlink: /wb_humanoid_mpc_ws/install/ocs2_ros2_interfaces/include/ocs2_ros2_interfaces/mrt/DummyObserver.h
-- Up-to-date symlink: /wb_humanoid_mpc_ws/install/ocs2_ros2_interfaces/include/ocs2_ros2_interfaces/mrt/LoopshapingDummyObserver.h
-- Up-to-date symlink: /wb_humanoid_mpc_ws/install/ocs2_ros2_interfaces/include/ocs2_ros2_interfaces/mrt/MRT_ROS_Dummy_Loop.h
-- Up-to-date symlink: /wb_humanoid_mpc_ws/install/ocs2_ros2_interfaces/include/ocs2_ros2_interfaces/mrt/MRT_ROS_Interface.h
-- Up-to-date symlink: /wb_humanoid_mpc_ws/install/ocs2_ros2_interfaces/include/ocs2_ros2_interfaces/synchronized_module/RosReferenceManager.h
-- Up-to-date symlink: /wb_humanoid_mpc_ws/install/ocs2_ros2_interfaces/include/ocs2_ros2_interfaces/visualization/VisualizationColors.h
-- Up-to-date symlink: /wb_humanoid_mpc_ws/install/ocs2_ros2_interfaces/include/ocs2_ros2_interfaces/visualization/VisualizationHelpers.h
-- Up-to-date symlink: /wb_humanoid_mpc_ws/install/ocs2_ros2_interfaces/share/ocs2_ros2_interfaces/environment/library_path.sh
-- Up-to-date symlink: /wb_humanoid_mpc_ws/install/ocs2_ros2_interfaces/share/ocs2_ros2_interfaces/environment/library_path.dsv
-- Up-to-date symlink: /wb_humanoid_mpc_ws/install/ocs2_ros2_interfaces/share/ament_index/resource_index/package_run_dependencies/ocs2_ros2_interfaces
-- Up-to-date symlink: /wb_humanoid_mpc_ws/install/ocs2_ros2_interfaces/share/ament_index/resource_index/parent_prefix_path/ocs2_ros2_interfaces
-- Up-to-date symlink: /wb_humanoid_mpc_ws/install/ocs2_ros2_interfaces/share/ocs2_ros2_interfaces/environment/ament_prefix_path.sh
-- Up-to-date symlink: /wb_humanoid_mpc_ws/install/ocs2_ros2_interfaces/share/ocs2_ros2_interfaces/environment/ament_prefix_path.dsv
-- Up-to-date symlink: /wb_humanoid_mpc_ws/install/ocs2_ros2_interfaces/share/ocs2_ros2_interfaces/environment/path.sh
-- Up-to-date symlink: /wb_humanoid_mpc_ws/install/ocs2_ros2_interfaces/share/ocs2_ros2_interfaces/environment/path.dsv
-- Up-to-date symlink: /wb_humanoid_mpc_ws/install/ocs2_ros2_interfaces/share/ocs2_ros2_interfaces/local_setup.bash
-- Up-to-date symlink: /wb_humanoid_mpc_ws/install/ocs2_ros2_interfaces/share/ocs2_ros2_interfaces/local_setup.sh
-- Up-to-date symlink: /wb_humanoid_mpc_ws/install/ocs2_ros2_interfaces/share/ocs2_ros2_interfaces/local_setup.zsh
-- Up-to-date symlink: /wb_humanoid_mpc_ws/install/ocs2_ros2_interfaces/share/ocs2_ros2_interfaces/local_setup.dsv
-- Symlinking: /wb_humanoid_mpc_ws/install/ocs2_ros2_interfaces/share/ocs2_ros2_interfaces/package.dsv
-- Up-to-date symlink: /wb_humanoid_mpc_ws/install/ocs2_ros2_interfaces/share/ament_index/resource_index/packages/ocs2_ros2_interfaces
-- Up-to-date symlink: /wb_humanoid_mpc_ws/install/ocs2_ros2_interfaces/share/ocs2_ros2_interfaces/cmake/ament_cmake_export_include_directories-extras.cmake
-- Up-to-date symlink: /wb_humanoid_mpc_ws/install/ocs2_ros2_interfaces/share/ocs2_ros2_interfaces/cmake/ament_cmake_export_libraries-extras.cmake
-- Up-to-date symlink: /wb_humanoid_mpc_ws/install/ocs2_ros2_interfaces/share/ocs2_ros2_interfaces/cmake/ament_cmake_export_targets-extras.cmake
-- Up-to-date symlink: /wb_humanoid_mpc_ws/install/ocs2_ros2_interfaces/share/ocs2_ros2_interfaces/cmake/ament_cmake_export_dependencies-extras.cmake
-- Up-to-date symlink: /wb_humanoid_mpc_ws/install/ocs2_ros2_interfaces/share/ocs2_ros2_interfaces/cmake/ocs2_ros2_interfacesConfig.cmake
-- Up-to-date symlink: /wb_humanoid_mpc_ws/install/ocs2_ros2_interfaces/share/ocs2_ros2_interfaces/cmake/ocs2_ros2_interfacesConfig-version.cmake
-- Up-to-date symlink: /wb_humanoid_mpc_ws/install/ocs2_ros2_interfaces/share/ocs2_ros2_interfaces/package.xml
-- Up-to-date: /wb_humanoid_mpc_ws/install/ocs2_ros2_interfaces/lib/libocs2_ros2_interfaces.a
-- Up-to-date: /wb_humanoid_mpc_ws/install/ocs2_ros2_interfaces/share/ocs2_ros2_interfaces/cmake/export_ocs2_ros2_interfacesExport.cmake
-- Up-to-date: /wb_humanoid_mpc_ws/install/ocs2_ros2_interfaces/share/ocs2_ros2_interfaces/cmake/export_ocs2_ros2_interfacesExport-release.cmake
---
Finished <<< ocs2_ros2_interfaces [0.05s]
--- output: remote_control
/usr/lib/python3/dist-packages/setuptools/dist.py:744: SetuptoolsDeprecationWarning: Invalid dash-separated options
!!

        ********************************************************************************
        Usage of dash-separated 'script-dir' will not be supported in future
        versions. Please use the underscore name 'script_dir' instead.

        This deprecation is overdue, please update your project and remove deprecated
        calls to avoid build errors in the future.

        See https://setuptools.pypa.io/en/latest/userguide/declarative_config.html for details.
        ********************************************************************************

!!
  opt = self.warn_dash_deprecation(opt, section)
running develop
running egg_info
writing remote_control.egg-info/PKG-INFO
writing dependency_links to remote_control.egg-info/dependency_links.txt
writing entry points to remote_control.egg-info/entry_points.txt
writing requirements to remote_control.egg-info/requires.txt
writing top-level names to remote_control.egg-info/top_level.txt
reading manifest file 'remote_control.egg-info/SOURCES.txt'
writing manifest file 'remote_control.egg-info/SOURCES.txt'
running build_ext
Creating /wb_humanoid_mpc_ws/install/remote_control/lib/python3.12/site-packages/remote-control.egg-link (link to .)
Installing base_velocity_controller_gui script to /wb_humanoid_mpc_ws/install/remote_control/lib/remote_control
Installing xbox_velocity_publisher script to /wb_humanoid_mpc_ws/install/remote_control/lib/remote_control

Installed /wb_humanoid_mpc_ws/build/remote_control
running symlink_data
---
Finished <<< remote_control [0.80s]
--- stderr: remote_control
/usr/lib/python3/dist-packages/setuptools/dist.py:744: SetuptoolsDeprecationWarning: Invalid dash-separated options
!!

        ********************************************************************************
        Usage of dash-separated 'script-dir' will not be supported in future
        versions. Please use the underscore name 'script_dir' instead.

        This deprecation is overdue, please update your project and remove deprecated
        calls to avoid build errors in the future.

        See https://setuptools.pypa.io/en/latest/userguide/declarative_config.html for details.
        ********************************************************************************

!!
  opt = self.warn_dash_deprecation(opt, section)
---
--- output: humanoid_common_mpc_pyutils
/usr/lib/python3/dist-packages/setuptools/dist.py:744: SetuptoolsDeprecationWarning: Invalid dash-separated options
!!

        ********************************************************************************
        Usage of dash-separated 'script-dir' will not be supported in future
        versions. Please use the underscore name 'script_dir' instead.

        This deprecation is overdue, please update your project and remove deprecated
        calls to avoid build errors in the future.

        See https://setuptools.pypa.io/en/latest/userguide/declarative_config.html for details.
        ********************************************************************************

!!
  opt = self.warn_dash_deprecation(opt, section)
running develop
running egg_info
writing humanoid_common_mpc_pyutils.egg-info/PKG-INFO
writing dependency_links to humanoid_common_mpc_pyutils.egg-info/dependency_links.txt
writing entry points to humanoid_common_mpc_pyutils.egg-info/entry_points.txt
writing requirements to humanoid_common_mpc_pyutils.egg-info/requires.txt
writing top-level names to humanoid_common_mpc_pyutils.egg-info/top_level.txt
reading manifest file 'humanoid_common_mpc_pyutils.egg-info/SOURCES.txt'
writing manifest file 'humanoid_common_mpc_pyutils.egg-info/SOURCES.txt'
running build_ext
Creating /wb_humanoid_mpc_ws/install/humanoid_common_mpc_pyutils/lib/python3.12/site-packages/humanoid-common-mpc-pyutils.egg-link (link to .)
Installing mpc_observation_logger script to /wb_humanoid_mpc_ws/install/humanoid_common_mpc_pyutils/lib/humanoid_common_mpc_pyutils

Installed /wb_humanoid_mpc_ws/build/humanoid_common_mpc_pyutils
running symlink_data
---
Finished <<< humanoid_common_mpc_pyutils [0.78s]
--- stderr: humanoid_common_mpc_pyutils
/usr/lib/python3/dist-packages/setuptools/dist.py:744: SetuptoolsDeprecationWarning: Invalid dash-separated options
!!

        ********************************************************************************
        Usage of dash-separated 'script-dir' will not be supported in future
        versions. Please use the underscore name 'script_dir' instead.

        This deprecation is overdue, please update your project and remove deprecated
        calls to avoid build errors in the future.

        See https://setuptools.pypa.io/en/latest/userguide/declarative_config.html for details.
        ********************************************************************************

!!
  opt = self.warn_dash_deprecation(opt, section)
---
Failed   <<< ocs2_pinocchio_interface [19.6s, exited with code 1]
--- output: ocs2_pinocchio_interface
[0/1] Re-running CMake...
-- Found ament_cmake: 2.5.6 (/opt/ros/jazzy/share/ament_cmake/cmake)
-- Override CMake install command with custom implementation using symlinks instead of copying resources
-- Found ament_index_cpp: 1.8.4 (/opt/ros/jazzy/share/ament_index_cpp/cmake)
-- Found ocs2_core: 0.0.0 (/wb_humanoid_mpc_ws/install/ocs2_core/share/ocs2_core/cmake)
-- Found ocs2_robotic_tools: 0.0.0 (/wb_humanoid_mpc_ws/install/ocs2_robotic_tools/share/ocs2_robotic_tools/cmake)
-- Found urdf: 2.10.1 (/opt/ros/jazzy/share/urdf/cmake)
-- Found TinyXML2 via Config file: /usr/lib/x86_64-linux-gnu/cmake/tinyxml2
-- Configuring done (0.2s)
-- Generating done (0.0s)
-- Build files have been written to: /wb_humanoid_mpc_ws/build/ocs2_pinocchio_interface
[1/6] Building CXX object CMakeFiles/ocs2_pinocchio_interface.dir/src/urdf.cpp.o
FAILED: CMakeFiles/ocs2_pinocchio_interface.dir/src/urdf.cpp.o 
ccache /usr/bin/c++ -DBOOST_ATOMIC_DYN_LINK -DBOOST_ATOMIC_NO_LIB -DBOOST_CHRONO_DYN_LINK -DBOOST_CHRONO_NO_LIB -DBOOST_FILESYSTEM_DYN_LINK -DBOOST_FILESYSTEM_NO_LIB -DBOOST_FUSION_INVOKE_MAX_ARITY=10 -DBOOST_LOG_DYN_LINK -DBOOST_LOG_NO_LIB -DBOOST_LOG_SETUP_DYN_LINK -DBOOST_LOG_SETUP_NO_LIB -DBOOST_MPL_CFG_NO_PREPROCESSED_HEADERS -DBOOST_MPL_LIMIT_LIST_SIZE=50 -DBOOST_REGEX_DYN_LINK -DBOOST_REGEX_NO_LIB -DBOOST_SYSTEM_DYN_LINK -DBOOST_SYSTEM_NO_LIB -DBOOST_THREAD_DYN_LINK -DBOOST_THREAD_NO_LIB -DBOOST_VARIANT_LIMIT_TYPES=50 -I/wb_humanoid_mpc_ws/workspace/wb_humanoid_mpc/lib/ocs2_ros2/ocs2_pinocchio/ocs2_pinocchio_interface/include -I/opt/ros/jazzy/include -isystem /usr/include/eigen3 -isystem /wb_humanoid_mpc_ws/install/ocs2_robotic_tools/include -isystem /wb_humanoid_mpc_ws/install/ocs2_core/include -isystem /wb_humanoid_mpc_ws/install/ocs2_thirdparty/include -isystem /opt/ros/jazzy/include/urdf -isystem /opt/ros/jazzy/include/urdfdom -isystem /wb_humanoid_mpc_ws/install/ocs2_oc/include -isystem /opt/ros/jazzy/include/urdfdom_headers -std=c++20 -O3 -DNDEBUG -std=gnu++17 -Wall -Wextra -Wpedantic -Wno-ignored-attributes -DPINOCCHIO_URDFDOM_TYPEDEF_SHARED_PTR -DPINOCCHIO_URDFDOM_USE_STD_SHARED_PTR -pthread -Wfatal-errors -Wl,--no-as-needed -DBOOST_ALL_DYN_LINK -fopenmp -fopenmp -MD -MT CMakeFiles/ocs2_pinocchio_interface.dir/src/urdf.cpp.o -MF CMakeFiles/ocs2_pinocchio_interface.dir/src/urdf.cpp.o.d -o CMakeFiles/ocs2_pinocchio_interface.dir/src/urdf.cpp.o -c /wb_humanoid_mpc_ws/workspace/wb_humanoid_mpc/lib/ocs2_ros2/ocs2_pinocchio/ocs2_pinocchio_interface/src/urdf.cpp
/wb_humanoid_mpc_ws/workspace/wb_humanoid_mpc/lib/ocs2_ros2/ocs2_pinocchio/ocs2_pinocchio_interface/src/urdf.cpp:31:10: fatal error: pinocchio/multibody/model.hpp: No such file or directory
   31 | #include <pinocchio/multibody/model.hpp>
      |          ^~~~~~~~~~~~~~~~~~~~~~~~~~~~~~~
compilation terminated.
[2/6] Building CXX object CMakeFiles/ocs2_pinocchio_interface.dir/src/PinocchioInterface.cpp.o
FAILED: CMakeFiles/ocs2_pinocchio_interface.dir/src/PinocchioInterface.cpp.o 
ccache /usr/bin/c++ -DBOOST_ATOMIC_DYN_LINK -DBOOST_ATOMIC_NO_LIB -DBOOST_CHRONO_DYN_LINK -DBOOST_CHRONO_NO_LIB -DBOOST_FILESYSTEM_DYN_LINK -DBOOST_FILESYSTEM_NO_LIB -DBOOST_FUSION_INVOKE_MAX_ARITY=10 -DBOOST_LOG_DYN_LINK -DBOOST_LOG_NO_LIB -DBOOST_LOG_SETUP_DYN_LINK -DBOOST_LOG_SETUP_NO_LIB -DBOOST_MPL_CFG_NO_PREPROCESSED_HEADERS -DBOOST_MPL_LIMIT_LIST_SIZE=50 -DBOOST_REGEX_DYN_LINK -DBOOST_REGEX_NO_LIB -DBOOST_SYSTEM_DYN_LINK -DBOOST_SYSTEM_NO_LIB -DBOOST_THREAD_DYN_LINK -DBOOST_THREAD_NO_LIB -DBOOST_VARIANT_LIMIT_TYPES=50 -I/wb_humanoid_mpc_ws/workspace/wb_humanoid_mpc/lib/ocs2_ros2/ocs2_pinocchio/ocs2_pinocchio_interface/include -I/opt/ros/jazzy/include -isystem /usr/include/eigen3 -isystem /wb_humanoid_mpc_ws/install/ocs2_robotic_tools/include -isystem /wb_humanoid_mpc_ws/install/ocs2_core/include -isystem /wb_humanoid_mpc_ws/install/ocs2_thirdparty/include -isystem /opt/ros/jazzy/include/urdf -isystem /opt/ros/jazzy/include/urdfdom -isystem /wb_humanoid_mpc_ws/install/ocs2_oc/include -isystem /opt/ros/jazzy/include/urdfdom_headers -std=c++20 -O3 -DNDEBUG -std=gnu++17 -Wall -Wextra -Wpedantic -Wno-ignored-attributes -DPINOCCHIO_URDFDOM_TYPEDEF_SHARED_PTR -DPINOCCHIO_URDFDOM_USE_STD_SHARED_PTR -pthread -Wfatal-errors -Wl,--no-as-needed -DBOOST_ALL_DYN_LINK -fopenmp -fopenmp -MD -MT CMakeFiles/ocs2_pinocchio_interface.dir/src/PinocchioInterface.cpp.o -MF CMakeFiles/ocs2_pinocchio_interface.dir/src/PinocchioInterface.cpp.o.d -o CMakeFiles/ocs2_pinocchio_interface.dir/src/PinocchioInterface.cpp.o -c /wb_humanoid_mpc_ws/workspace/wb_humanoid_mpc/lib/ocs2_ros2/ocs2_pinocchio/ocs2_pinocchio_interface/src/PinocchioInterface.cpp
In file included from /wb_humanoid_mpc_ws/workspace/wb_humanoid_mpc/lib/ocs2_ros2/ocs2_pinocchio/ocs2_pinocchio_interface/src/PinocchioInterface.cpp:32:
/wb_humanoid_mpc_ws/workspace/wb_humanoid_mpc/lib/ocs2_ros2/ocs2_pinocchio/ocs2_pinocchio_interface/include/ocs2_pinocchio_interface/implementation/PinocchioInterface.h:33:10: fatal error: pinocchio/multibody/data.hpp: No such file or directory
   33 | #include <pinocchio/multibody/data.hpp>
      |          ^~~~~~~~~~~~~~~~~~~~~~~~~~~~~~
compilation terminated.
[3/6] Building CXX object CMakeFiles/ocs2_pinocchio_interface.dir/src/PinocchioInterfaceCppAd.cpp.o
FAILED: CMakeFiles/ocs2_pinocchio_interface.dir/src/PinocchioInterfaceCppAd.cpp.o 
ccache /usr/bin/c++ -DBOOST_ATOMIC_DYN_LINK -DBOOST_ATOMIC_NO_LIB -DBOOST_CHRONO_DYN_LINK -DBOOST_CHRONO_NO_LIB -DBOOST_FILESYSTEM_DYN_LINK -DBOOST_FILESYSTEM_NO_LIB -DBOOST_FUSION_INVOKE_MAX_ARITY=10 -DBOOST_LOG_DYN_LINK -DBOOST_LOG_NO_LIB -DBOOST_LOG_SETUP_DYN_LINK -DBOOST_LOG_SETUP_NO_LIB -DBOOST_MPL_CFG_NO_PREPROCESSED_HEADERS -DBOOST_MPL_LIMIT_LIST_SIZE=50 -DBOOST_REGEX_DYN_LINK -DBOOST_REGEX_NO_LIB -DBOOST_SYSTEM_DYN_LINK -DBOOST_SYSTEM_NO_LIB -DBOOST_THREAD_DYN_LINK -DBOOST_THREAD_NO_LIB -DBOOST_VARIANT_LIMIT_TYPES=50 -I/wb_humanoid_mpc_ws/workspace/wb_humanoid_mpc/lib/ocs2_ros2/ocs2_pinocchio/ocs2_pinocchio_interface/include -I/opt/ros/jazzy/include -isystem /usr/include/eigen3 -isystem /wb_humanoid_mpc_ws/install/ocs2_robotic_tools/include -isystem /wb_humanoid_mpc_ws/install/ocs2_core/include -isystem /wb_humanoid_mpc_ws/install/ocs2_thirdparty/include -isystem /opt/ros/jazzy/include/urdf -isystem /opt/ros/jazzy/include/urdfdom -isystem /wb_humanoid_mpc_ws/install/ocs2_oc/include -isystem /opt/ros/jazzy/include/urdfdom_headers -std=c++20 -O3 -DNDEBUG -std=gnu++17 -Wall -Wextra -Wpedantic -Wno-ignored-attributes -DPINOCCHIO_URDFDOM_TYPEDEF_SHARED_PTR -DPINOCCHIO_URDFDOM_USE_STD_SHARED_PTR -pthread -Wfatal-errors -Wl,--no-as-needed -DBOOST_ALL_DYN_LINK -fopenmp -fopenmp -MD -MT CMakeFiles/ocs2_pinocchio_interface.dir/src/PinocchioInterfaceCppAd.cpp.o -MF CMakeFiles/ocs2_pinocchio_interface.dir/src/PinocchioInterfaceCppAd.cpp.o.d -o CMakeFiles/ocs2_pinocchio_interface.dir/src/PinocchioInterfaceCppAd.cpp.o -c /wb_humanoid_mpc_ws/workspace/wb_humanoid_mpc/lib/ocs2_ros2/ocs2_pinocchio/ocs2_pinocchio_interface/src/PinocchioInterfaceCppAd.cpp
In file included from /wb_humanoid_mpc_ws/workspace/wb_humanoid_mpc/lib/ocs2_ros2/ocs2_pinocchio/ocs2_pinocchio_interface/src/PinocchioInterfaceCppAd.cpp:31:
/wb_humanoid_mpc_ws/workspace/wb_humanoid_mpc/lib/ocs2_ros2/ocs2_pinocchio/ocs2_pinocchio_interface/include/ocs2_pinocchio_interface/implementation/PinocchioInterface.h:33:10: fatal error: pinocchio/multibody/data.hpp: No such file or directory
   33 | #include <pinocchio/multibody/data.hpp>
      |          ^~~~~~~~~~~~~~~~~~~~~~~~~~~~~~
compilation terminated.
[4/6] Building CXX object CMakeFiles/ocs2_pinocchio_interface.dir/src/PinocchioEndEffectorKinematics.cpp.o
/wb_humanoid_mpc_ws/workspace/wb_humanoid_mpc/lib/ocs2_ros2/ocs2_pinocchio/ocs2_pinocchio_interface/src/PinocchioEndEffectorKinematics.cpp: In member function ‘virtual std::vector<Eigen::Matrix<double, 3, 1>, std::allocator<Eigen::Matrix<double, 3, 1> > > ocs2::PinocchioEndEffectorKinematics::getPosition(const ocs2::EndEffectorKinematics<double>::vector_t&) const’:
/wb_humanoid_mpc_ws/workspace/wb_humanoid_mpc/lib/ocs2_ros2/ocs2_pinocchio/ocs2_pinocchio_interface/src/PinocchioEndEffectorKinematics.cpp:83:66: warning: unused parameter ‘state’ [-Wunused-parameter]
   83 | auto PinocchioEndEffectorKinematics::getPosition(const vector_t& state) const -> std::vector<vector3_t> {
      |                                                  ~~~~~~~~~~~~~~~~^~~~~
/wb_humanoid_mpc_ws/workspace/wb_humanoid_mpc/lib/ocs2_ros2/ocs2_pinocchio/ocs2_pinocchio_interface/src/PinocchioEndEffectorKinematics.cpp: In member function ‘virtual std::vector<Eigen::Matrix<double, 3, 1>, std::allocator<Eigen::Matrix<double, 3, 1> > > ocs2::PinocchioEndEffectorKinematics::getVelocity(const ocs2::EndEffectorKinematics<double>::vector_t&, const ocs2::EndEffectorKinematics<double>::vector_t&) const’:
/wb_humanoid_mpc_ws/workspace/wb_humanoid_mpc/lib/ocs2_ros2/ocs2_pinocchio/ocs2_pinocchio_interface/src/PinocchioEndEffectorKinematics.cpp:101:66: warning: unused parameter ‘state’ [-Wunused-parameter]
  101 | auto PinocchioEndEffectorKinematics::getVelocity(const vector_t& state, const vector_t& input) const -> std::vector<vector3_t> {
      |                                                  ~~~~~~~~~~~~~~~~^~~~~
/wb_humanoid_mpc_ws/workspace/wb_humanoid_mpc/lib/ocs2_ros2/ocs2_pinocchio/ocs2_pinocchio_interface/src/PinocchioEndEffectorKinematics.cpp:101:89: warning: unused parameter ‘input’ [-Wunused-parameter]
  101 | auto PinocchioEndEffectorKinematics::getVelocity(const vector_t& state, const vector_t& input) const -> std::vector<vector3_t> {
      |                                                                         ~~~~~~~~~~~~~~~~^~~~~
/wb_humanoid_mpc_ws/workspace/wb_humanoid_mpc/lib/ocs2_ros2/ocs2_pinocchio/ocs2_pinocchio_interface/src/PinocchioEndEffectorKinematics.cpp: In member function ‘virtual std::vector<ocs2::VectorFunctionLinearApproximation> ocs2::PinocchioEndEffectorKinematics::getVelocityLinearApproximation(const ocs2::EndEffectorKinematics<double>::vector_t&, const ocs2::EndEffectorKinematics<double>::vector_t&) const’:
/wb_humanoid_mpc_ws/workspace/wb_humanoid_mpc/lib/ocs2_ros2/ocs2_pinocchio/ocs2_pinocchio_interface/src/PinocchioEndEffectorKinematics.cpp:150:127: warning: unused parameter ‘input’ [-Wunused-parameter]
  150 |                                                                                                               const vector_t& input) const {
      |                                                                                                               ~~~~~~~~~~~~~~~~^~~~~
/wb_humanoid_mpc_ws/workspace/wb_humanoid_mpc/lib/ocs2_ros2/ocs2_pinocchio/ocs2_pinocchio_interface/src/PinocchioEndEffectorKinematics.cpp: In member function ‘virtual std::vector<Eigen::Quaternion<double>, std::allocator<Eigen::Quaternion<double> > > ocs2::PinocchioEndEffectorKinematics::getOrientation(const ocs2::EndEffectorKinematics<double>::vector_t&) const’:
/wb_humanoid_mpc_ws/workspace/wb_humanoid_mpc/lib/ocs2_ros2/ocs2_pinocchio/ocs2_pinocchio_interface/src/PinocchioEndEffectorKinematics.cpp:194:21: warning: comparison of integer expressions of different signedness: ‘int’ and ‘std::vector<long unsigned int>::size_type’ {aka ‘long unsigned int’} [-Wsign-compare]
  194 |   for (int i = 0; i < endEffectorFrameIds_.size(); i++) {
      |                   ~~^~~~~~~~~~~~~~~~~~~~~~~~~~~~~
/wb_humanoid_mpc_ws/workspace/wb_humanoid_mpc/lib/ocs2_ros2/ocs2_pinocchio/ocs2_pinocchio_interface/src/PinocchioEndEffectorKinematics.cpp:189:35: warning: unused variable ‘rf’ [-Wunused-variable]
  189 |   const pinocchio::ReferenceFrame rf = pinocchio::ReferenceFrame::LOCAL_WORLD_ALIGNED;
      |                                   ^~
/wb_humanoid_mpc_ws/workspace/wb_humanoid_mpc/lib/ocs2_ros2/ocs2_pinocchio/ocs2_pinocchio_interface/src/PinocchioEndEffectorKinematics.cpp:184:69: warning: unused parameter ‘state’ [-Wunused-parameter]
  184 | auto PinocchioEndEffectorKinematics::getOrientation(const vector_t& state) const -> std::vector<quaternion_t> {
      |                                                     ~~~~~~~~~~~~~~~~^~~~~
/wb_humanoid_mpc_ws/workspace/wb_humanoid_mpc/lib/ocs2_ros2/ocs2_pinocchio/ocs2_pinocchio_interface/src/PinocchioEndEffectorKinematics.cpp: In member function ‘virtual std::vector<Eigen::Matrix<double, 3, 1>, std::allocator<Eigen::Matrix<double, 3, 1> > > ocs2::PinocchioEndEffectorKinematics::getOrientationError(const ocs2::EndEffectorKinematics<double>::vector_t&, const std::vector<Eigen::Quaternion<double>, std::allocator<Eigen::Quaternion<double> > >&) const’:
/wb_humanoid_mpc_ws/workspace/wb_humanoid_mpc/lib/ocs2_ros2/ocs2_pinocchio/ocs2_pinocchio_interface/src/PinocchioEndEffectorKinematics.cpp:216:21: warning: comparison of integer expressions of different signedness: ‘int’ and ‘std::vector<long unsigned int>::size_type’ {aka ‘long unsigned int’} [-Wsign-compare]
  216 |   for (int i = 0; i < endEffectorFrameIds_.size(); i++) {
      |                   ~~^~~~~~~~~~~~~~~~~~~~~~~~~~~~~
/wb_humanoid_mpc_ws/workspace/wb_humanoid_mpc/lib/ocs2_ros2/ocs2_pinocchio/ocs2_pinocchio_interface/src/PinocchioEndEffectorKinematics.cpp:211:35: warning: unused variable ‘rf’ [-Wunused-variable]
  211 |   const pinocchio::ReferenceFrame rf = pinocchio::ReferenceFrame::LOCAL_WORLD_ALIGNED;
      |                                   ^~
/wb_humanoid_mpc_ws/workspace/wb_humanoid_mpc/lib/ocs2_ros2/ocs2_pinocchio/ocs2_pinocchio_interface/src/PinocchioEndEffectorKinematics.cpp:204:74: warning: unused parameter ‘state’ [-Wunused-parameter]
  204 | auto PinocchioEndEffectorKinematics::getOrientationError(const vector_t& state,
      |                                                          ~~~~~~~~~~~~~~~~^~~~~
/wb_humanoid_mpc_ws/workspace/wb_humanoid_mpc/lib/ocs2_ros2/ocs2_pinocchio/ocs2_pinocchio_interface/src/PinocchioEndEffectorKinematics.cpp: In member function ‘virtual std::vector<Eigen::Matrix<double, 3, 1>, std::allocator<Eigen::Matrix<double, 3, 1> > > ocs2::PinocchioEndEffectorKinematics::getOrientationErrorWrtPlane(const ocs2::EndEffectorKinematics<double>::vector_t&, const std::vector<Eigen::Matrix<double, 3, 1>, std::allocator<Eigen::Matrix<double, 3, 1> > >&) const’:
/wb_humanoid_mpc_ws/workspace/wb_humanoid_mpc/lib/ocs2_ros2/ocs2_pinocchio/ocs2_pinocchio_interface/src/PinocchioEndEffectorKinematics.cpp:237:21: warning: comparison of integer expressions of different signedness: ‘int’ and ‘std::vector<long unsigned int>::size_type’ {aka ‘long unsigned int’} [-Wsign-compare]
  237 |   for (int i = 0; i < endEffectorFrameIds_.size(); i++) {
      |                   ~~^~~~~~~~~~~~~~~~~~~~~~~~~~~~~
/wb_humanoid_mpc_ws/workspace/wb_humanoid_mpc/lib/ocs2_ros2/ocs2_pinocchio/ocs2_pinocchio_interface/src/PinocchioEndEffectorKinematics.cpp:227:82: warning: unused parameter ‘state’ [-Wunused-parameter]
  227 | auto PinocchioEndEffectorKinematics::getOrientationErrorWrtPlane(const vector_t& state, const std::vector<vector3_t>& planeNormals) const
      |                                                                  ~~~~~~~~~~~~~~~~^~~~~
/wb_humanoid_mpc_ws/workspace/wb_humanoid_mpc/lib/ocs2_ros2/ocs2_pinocchio/ocs2_pinocchio_interface/src/PinocchioEndEffectorKinematics.cpp: In member function ‘virtual std::vector<Eigen::Matrix<double, 3, 1>, std::allocator<Eigen::Matrix<double, 3, 1> > > ocs2::PinocchioEndEffectorKinematics::getAngularVelocity(const ocs2::EndEffectorKinematics<double>::vector_t&, const ocs2::EndEffectorKinematics<double>::vector_t&) const’:
/wb_humanoid_mpc_ws/workspace/wb_humanoid_mpc/lib/ocs2_ros2/ocs2_pinocchio/ocs2_pinocchio_interface/src/PinocchioEndEffectorKinematics.cpp:247:73: warning: unused parameter ‘state’ [-Wunused-parameter]
  247 | auto PinocchioEndEffectorKinematics::getAngularVelocity(const vector_t& state, const vector_t& input) const -> std::vector<vector3_t> {
      |                                                         ~~~~~~~~~~~~~~~~^~~~~
/wb_humanoid_mpc_ws/workspace/wb_humanoid_mpc/lib/ocs2_ros2/ocs2_pinocchio/ocs2_pinocchio_interface/src/PinocchioEndEffectorKinematics.cpp:247:96: warning: unused parameter ‘input’ [-Wunused-parameter]
  247 | auto PinocchioEndEffectorKinematics::getAngularVelocity(const vector_t& state, const vector_t& input) const -> std::vector<vector3_t> {
      |                                                                                ~~~~~~~~~~~~~~~~^~~~~
/wb_humanoid_mpc_ws/workspace/wb_humanoid_mpc/lib/ocs2_ros2/ocs2_pinocchio/ocs2_pinocchio_interface/src/PinocchioEndEffectorKinematics.cpp: In member function ‘virtual std::vector<Eigen::Matrix<double, 6, 1, 0, 6, 1>, std::allocator<Eigen::Matrix<double, 6, 1, 0, 6, 1> > > ocs2::PinocchioEndEffectorKinematics::getTwist(const ocs2::EndEffectorKinematics<double>::vector_t&, const ocs2::EndEffectorKinematics<double>::vector_t&) const’:
/wb_humanoid_mpc_ws/workspace/wb_humanoid_mpc/lib/ocs2_ros2/ocs2_pinocchio/ocs2_pinocchio_interface/src/PinocchioEndEffectorKinematics.cpp:268:63: warning: unused parameter ‘state’ [-Wunused-parameter]
  268 | auto PinocchioEndEffectorKinematics::getTwist(const vector_t& state, const vector_t& input) const -> std::vector<vector6_t> {
      |                                               ~~~~~~~~~~~~~~~~^~~~~
/wb_humanoid_mpc_ws/workspace/wb_humanoid_mpc/lib/ocs2_ros2/ocs2_pinocchio/ocs2_pinocchio_interface/src/PinocchioEndEffectorKinematics.cpp:268:86: warning: unused parameter ‘input’ [-Wunused-parameter]
  268 | auto PinocchioEndEffectorKinematics::getTwist(const vector_t& state, const vector_t& input) const -> std::vector<vector6_t> {
      |                                                                      ~~~~~~~~~~~~~~~~^~~~~
/wb_humanoid_mpc_ws/workspace/wb_humanoid_mpc/lib/ocs2_ros2/ocs2_pinocchio/ocs2_pinocchio_interface/src/PinocchioEndEffectorKinematics.cpp: In member function ‘virtual std::vector<ocs2::VectorFunctionLinearApproximation> ocs2::PinocchioEndEffectorKinematics::getOrientationErrorLinearApproximation(const ocs2::EndEffectorKinematics<double>::vector_t&, const std::vector<Eigen::Quaternion<double>, std::allocator<Eigen::Quaternion<double> > >&) const’:
/wb_humanoid_mpc_ws/workspace/wb_humanoid_mpc/lib/ocs2_ros2/ocs2_pinocchio/ocs2_pinocchio_interface/src/PinocchioEndEffectorKinematics.cpp:305:21: warning: comparison of integer expressions of different signedness: ‘int’ and ‘std::vector<long unsigned int>::size_type’ {aka ‘long unsigned int’} [-Wsign-compare]
  305 |   for (int i = 0; i < endEffectorFrameIds_.size(); i++) {
      |                   ~~^~~~~~~~~~~~~~~~~~~~~~~~~~~~~
/wb_humanoid_mpc_ws/workspace/wb_humanoid_mpc/lib/ocs2_ros2/ocs2_pinocchio/ocs2_pinocchio_interface/src/PinocchioEndEffectorKinematics.cpp: In member function ‘virtual std::vector<ocs2::VectorFunctionLinearApproximation> ocs2::PinocchioEndEffectorKinematics::getOrientationErrorWrtPlaneLinearApproximation(const ocs2::EndEffectorKinematics<double>::vector_t&, const std::vector<Eigen::Matrix<double, 3, 1>, std::allocator<Eigen::Matrix<double, 3, 1> > >&) const’:
/wb_humanoid_mpc_ws/workspace/wb_humanoid_mpc/lib/ocs2_ros2/ocs2_pinocchio/ocs2_pinocchio_interface/src/PinocchioEndEffectorKinematics.cpp:336:21: warning: comparison of integer expressions of different signedness: ‘int’ and ‘std::vector<long unsigned int>::size_type’ {aka ‘long unsigned int’} [-Wsign-compare]
  336 |   for (int i = 0; i < endEffectorFrameIds_.size(); i++) {
      |                   ~~^~~~~~~~~~~~~~~~~~~~~~~~~~~~~
/wb_humanoid_mpc_ws/workspace/wb_humanoid_mpc/lib/ocs2_ros2/ocs2_pinocchio/ocs2_pinocchio_interface/src/PinocchioEndEffectorKinematics.cpp: In member function ‘virtual std::vector<ocs2::VectorFunctionLinearApproximation> ocs2::PinocchioEndEffectorKinematics::getAngularVelocityLinearApproximation(const ocs2::EndEffectorKinematics<double>::vector_t&, const ocs2::EndEffectorKinematics<double>::vector_t&) const’:
/wb_humanoid_mpc_ws/workspace/wb_humanoid_mpc/lib/ocs2_ros2/ocs2_pinocchio/ocs2_pinocchio_interface/src/PinocchioEndEffectorKinematics.cpp:363:44: warning: unused parameter ‘input’ [-Wunused-parameter]
  363 |     const vector_t& state, const vector_t& input) const {
      |                            ~~~~~~~~~~~~~~~~^~~~~
/wb_humanoid_mpc_ws/workspace/wb_humanoid_mpc/lib/ocs2_ros2/ocs2_pinocchio/ocs2_pinocchio_interface/src/PinocchioEndEffectorKinematics.cpp: In member function ‘virtual std::vector<ocs2::VectorFunctionLinearApproximation> ocs2::PinocchioEndEffectorKinematics::getTwistLinearApproximation(const ocs2::EndEffectorKinematics<double>::vector_t&, const ocs2::EndEffectorKinematics<double>::vector_t&) const’:
/wb_humanoid_mpc_ws/workspace/wb_humanoid_mpc/lib/ocs2_ros2/ocs2_pinocchio/ocs2_pinocchio_interface/src/PinocchioEndEffectorKinematics.cpp:397:124: warning: unused parameter ‘input’ [-Wunused-parameter]
  397 |                                                                                                            const vector_t& input) const {
      |                                                                                                            ~~~~~~~~~~~~~~~~^~~~~
In file included from /wb_humanoid_mpc_ws/workspace/wb_humanoid_mpc/lib/ocs2_ros2/ocs2_pinocchio/ocs2_pinocchio_interface/include/ocs2_pinocchio_interface/PinocchioEndEffectorKinematics.h:36,
                 from /wb_humanoid_mpc_ws/workspace/wb_humanoid_mpc/lib/ocs2_ros2/ocs2_pinocchio/ocs2_pinocchio_interface/src/PinocchioEndEffectorKinematics.cpp:40:
/wb_humanoid_mpc_ws/workspace/wb_humanoid_mpc/lib/ocs2_ros2/ocs2_pinocchio/ocs2_pinocchio_interface/include/ocs2_pinocchio_interface/PinocchioStateInputMapping.h: In instantiation of ‘void ocs2::PinocchioStateInputMapping<SCALAR>::setPinocchioInterface(const ocs2::PinocchioInterfaceTpl<SCALAR>&) [with SCALAR = double]’:
/wb_humanoid_mpc_ws/workspace/wb_humanoid_mpc/lib/ocs2_ros2/ocs2_pinocchio/ocs2_pinocchio_interface/include/ocs2_pinocchio_interface/PinocchioEndEffectorKinematics.h:80:39:   required from here
/wb_humanoid_mpc_ws/workspace/wb_humanoid_mpc/lib/ocs2_ros2/ocs2_pinocchio/ocs2_pinocchio_interface/include/ocs2_pinocchio_interface/PinocchioStateInputMapping.h:60:75: warning: unused parameter ‘pinocchioInterface’ [-Wunused-parameter]
   60 |   virtual void setPinocchioInterface(const PinocchioInterfaceTpl<SCALAR>& pinocchioInterface) {}
      |                                      ~~~~~~~~~~~~~~~~~~~~~~~~~~~~~~~~~~~~~^~~~~~~~~~~~~~~~~~
In file included from /usr/include/eigen3/Eigen/src/Core/util/ConfigureVectorization.h:346,
                 from /usr/include/eigen3/Eigen/Core:22,
                 from /opt/ros/jazzy/include/pinocchio/fwd.hpp:7,
                 from /wb_humanoid_mpc_ws/workspace/wb_humanoid_mpc/lib/ocs2_ros2/ocs2_pinocchio/ocs2_pinocchio_interface/src/PinocchioEndEffectorKinematics.cpp:30:
In function ‘__m128d _mm_loadu_pd(const double*)’,
    inlined from ‘Packet Eigen::internal::ploadu(const typename unpacket_traits<T>::type*) [with Packet = __vector(2) double]’ at /usr/include/eigen3/Eigen/src/Core/arch/SSE/PacketMath.h:746:22,
    inlined from ‘Packet Eigen::internal::ploadt(const typename unpacket_traits<T>::type*) [with Packet = __vector(2) double; int Alignment = 0]’ at /usr/include/eigen3/Eigen/src/Core/GenericPacketMath.h:969:26,
    inlined from ‘PacketType Eigen::internal::mapbase_evaluator<Derived, PlainObjectType>::packet(Eigen::Index, Eigen::Index) const [with int LoadMode = 0; PacketType = __vector(2) double; Derived = Eigen::Block<const Eigen::Matrix<double, 3, 3>, 3, 1, true>; PlainObjectType = Eigen::Matrix<double, 3, 1>]’ at /usr/include/eigen3/Eigen/src/Core/CoreEvaluators.h:937:50,
    inlined from ‘void Eigen::internal::generic_dense_assignment_kernel<DstEvaluatorTypeT, SrcEvaluatorTypeT, Functor, Version>::assignPacket(Eigen::Index, Eigen::Index) [with int StoreMode = 0; int LoadMode = 0; PacketType = __vector(2) double; DstEvaluatorTypeT = Eigen::internal::evaluator<Eigen::Matrix<double, 3, 1> >; SrcEvaluatorTypeT = Eigen::internal::evaluator<Eigen::Block<const Eigen::Matrix<double, 3, 3>, 3, 1, true> >; Functor = Eigen::internal::assign_op<double, double>; int Version = 0]’ at /usr/include/eigen3/Eigen/src/Core/AssignEvaluator.h:675:116,
    inlined from ‘void Eigen::internal::generic_dense_assignment_kernel<DstEvaluatorTypeT, SrcEvaluatorTypeT, Functor, Version>::assignPacketByOuterInner(Eigen::Index, Eigen::Index) [with int StoreMode = 0; int LoadMode = 0; PacketType = __vector(2) double; DstEvaluatorTypeT = Eigen::internal::evaluator<Eigen::Matrix<double, 3, 1> >; SrcEvaluatorTypeT = Eigen::internal::evaluator<Eigen::Block<const Eigen::Matrix<double, 3, 3>, 3, 1, true> >; Functor = Eigen::internal::assign_op<double, double>; int Version = 0]’ at /usr/include/eigen3/Eigen/src/Core/AssignEvaluator.h:689:48,
    inlined from ‘static void Eigen::internal::copy_using_evaluator_innervec_CompleteUnrolling<Kernel, Index, Stop>::run(Kernel&) [with Kernel = Eigen::internal::generic_dense_assignment_kernel<Eigen::internal::evaluator<Eigen::Matrix<double, 3, 1> >, Eigen::internal::evaluator<Eigen::Block<const Eigen::Matrix<double, 3, 3>, 3, 1, true> >, Eigen::internal::assign_op<double, double>, 0>; int Index = 0; int Stop = 2]’ at /usr/include/eigen3/Eigen/src/Core/AssignEvaluator.h:279:85,
    inlined from ‘static void Eigen::internal::dense_assignment_loop<Kernel, 3, 2>::run(Kernel&) [with Kernel = Eigen::internal::generic_dense_assignment_kernel<Eigen::internal::evaluator<Eigen::Matrix<double, 3, 1> >, Eigen::internal::evaluator<Eigen::Block<const Eigen::Matrix<double, 3, 3>, 3, 1, true> >, Eigen::internal::assign_op<double, double>, 0>]’ at /usr/include/eigen3/Eigen/src/Core/AssignEvaluator.h:455:81,
    inlined from ‘void Eigen::internal::call_dense_assignment_loop(DstXprType&, const SrcXprType&, const Functor&) [with DstXprType = Eigen::Matrix<double, 3, 1>; SrcXprType = Eigen::Block<const Eigen::Matrix<double, 3, 3>, 3, 1, true>; Functor = assign_op<double, double>]’ at /usr/include/eigen3/Eigen/src/Core/AssignEvaluator.h:785:37,
    inlined from ‘static void Eigen::internal::Assignment<DstXprType, SrcXprType, Functor, Eigen::internal::Dense2Dense, Weak>::run(DstXprType&, const SrcXprType&, const Functor&) [with DstXprType = Eigen::Matrix<double, 3, 1>; SrcXprType = Eigen::Block<const Eigen::Matrix<double, 3, 3>, 3, 1, true>; Functor = Eigen::internal::assign_op<double, double>; Weak = void]’ at /usr/include/eigen3/Eigen/src/Core/AssignEvaluator.h:954:31,
    inlined from ‘void Eigen::internal::call_assignment_no_alias(Dst&, const Src&, const Func&) [with Dst = Eigen::Matrix<double, 3, 1>; Src = Eigen::Block<const Eigen::Matrix<double, 3, 3>, 3, 1, true>; Func = assign_op<double, double>]’ at /usr/include/eigen3/Eigen/src/Core/AssignEvaluator.h:890:49,
    inlined from ‘Derived& Eigen::PlainObjectBase<Derived>::_set_noalias(const Eigen::DenseBase<OtherDerived>&) [with OtherDerived = Eigen::Block<const Eigen::Matrix<double, 3, 3>, 3, 1, true>; Derived = Eigen::Matrix<double, 3, 1>]’ at /usr/include/eigen3/Eigen/src/Core/PlainObjectBase.h:797:41,
    inlined from ‘Eigen::PlainObjectBase<Derived>::PlainObjectBase(const Eigen::DenseBase<OtherDerived>&) [with OtherDerived = Eigen::Block<const Eigen::Matrix<double, 3, 3>, 3, 1, true>; Derived = Eigen::Matrix<double, 3, 1>]’ at /usr/include/eigen3/Eigen/src/Core/PlainObjectBase.h:594:19,
    inlined from ‘Eigen::Matrix<_Scalar, _Rows, _Cols, _Options, _MaxRows, _MaxCols>::Matrix(const Eigen::EigenBase<OtherDerived>&) [with OtherDerived = Eigen::Block<const Eigen::Matrix<double, 3, 3>, 3, 1, true>; _Scalar = double; int _Rows = 3; int _Cols = 1; int _Options = 0; int _MaxRows = 3; int _MaxCols = 1]’ at /usr/include/eigen3/Eigen/src/Core/Matrix.h:423:29,
    inlined from ‘Derived& Eigen::QuaternionBase<Derived>::setFromTwoVectors(const Eigen::MatrixBase<OtherDerived>&, const Eigen::MatrixBase<OtherDerived>&) [with Derived1 = Eigen::Product<Eigen::Matrix<double, 3, 3>, Eigen::Matrix<double, 3, 1>, 0>; Derived2 = Eigen::Matrix<double, 3, 1>; Derived = Eigen::Quaternion<double>]’ at /usr/include/eigen3/Eigen/src/Geometry/Quaternion.h:658:13,
    inlined from ‘virtual std::vector<ocs2::VectorFunctionLinearApproximation> ocs2::PinocchioEndEffectorKinematics::getOrientationErrorWrtPlaneLinearApproximation(const ocs2::EndEffectorKinematics<double>::vector_t&, const std::vector<Eigen::Matrix<double, 3, 1>, std::allocator<Eigen::Matrix<double, 3, 1> > >&) const’ at /wb_humanoid_mpc_ws/workspace/wb_humanoid_mpc/lib/ocs2_ros2/ocs2_pinocchio/ocs2_pinocchio_interface/src/PinocchioEndEffectorKinematics.cpp:342:35:
/usr/lib/gcc/x86_64-linux-gnu/13/include/emmintrin.h:134:24: warning: ‘*(__m128d_u*)((char*)&svd + offsetof(Eigen::JacobiSVD<Eigen::Matrix<double, 2, 3, 0, 2, 3>, 2>,Eigen::JacobiSVD<Eigen::Matrix<double, 2, 3, 0, 2, 3>, 2>::<unnamed>.Eigen::SVDBase<Eigen::JacobiSVD<Eigen::Matrix<double, 2, 3, 0, 2, 3>, 2> >::m_matrixV.Eigen::Matrix<double, 3, 3, 0, 3, 3>::<unnamed>.Eigen::PlainObjectBase<Eigen::Matrix<double, 3, 3, 0, 3, 3> >::m_storage.Eigen::DenseStorage<double, 9, 3, 3, 0>::m_data.Eigen::internal::plain_array<double, 9, 0, 0>::array[6]))’ may be used uninitialized [-Wmaybe-uninitialized]
  134 |   return *(__m128d_u *)__P;
      |                        ^~~
In file included from /usr/include/eigen3/Eigen/Geometry:42,
                 from /opt/ros/jazzy/include/pinocchio/math.hpp:8,
                 from /opt/ros/jazzy/include/pinocchio/algorithm/frames-derivatives.hpp:19,
                 from /wb_humanoid_mpc_ws/workspace/wb_humanoid_mpc/lib/ocs2_ros2/ocs2_pinocchio/ocs2_pinocchio_interface/src/PinocchioEndEffectorKinematics.cpp:32:
/usr/include/eigen3/Eigen/src/Geometry/Quaternion.h: In member function ‘virtual std::vector<ocs2::VectorFunctionLinearApproximation> ocs2::PinocchioEndEffectorKinematics::getOrientationErrorWrtPlaneLinearApproximation(const ocs2::EndEffectorKinematics<double>::vector_t&, const std::vector<Eigen::Matrix<double, 3, 1>, std::allocator<Eigen::Matrix<double, 3, 1> > >&) const’:
/usr/include/eigen3/Eigen/src/Geometry/Quaternion.h:657:36: note: ‘svd’ declared here
  657 |     JacobiSVD<Matrix<Scalar,2,3> > svd(m, ComputeFullV);
      |                                    ^~~
In file included from /usr/include/eigen3/Eigen/Core:277:
In member function ‘Eigen::internal::mapbase_evaluator<Derived, PlainObjectType>::CoeffReturnType Eigen::internal::mapbase_evaluator<Derived, PlainObjectType>::coeff(Eigen::Index, Eigen::Index) const [with Derived = Eigen::Block<const Eigen::Matrix<double, 3, 3>, 3, 1, true>; PlainObjectType = Eigen::Matrix<double, 3, 1>]’,
    inlined from ‘void Eigen::internal::generic_dense_assignment_kernel<DstEvaluatorTypeT, SrcEvaluatorTypeT, Functor, Version>::assignCoeff(Eigen::Index, Eigen::Index) [with DstEvaluatorTypeT = Eigen::internal::evaluator<Eigen::Matrix<double, 3, 1> >; SrcEvaluatorTypeT = Eigen::internal::evaluator<Eigen::Block<const Eigen::Matrix<double, 3, 3>, 3, 1, true> >; Functor = Eigen::internal::assign_op<double, double>; int Version = 0]’ at /usr/include/eigen3/Eigen/src/Core/AssignEvaluator.h:654:63,
    inlined from ‘void Eigen::internal::generic_dense_assignment_kernel<DstEvaluatorTypeT, SrcEvaluatorTypeT, Functor, Version>::assignCoeffByOuterInner(Eigen::Index, Eigen::Index) [with DstEvaluatorTypeT = Eigen::internal::evaluator<Eigen::Matrix<double, 3, 1> >; SrcEvaluatorTypeT = Eigen::internal::evaluator<Eigen::Block<const Eigen::Matrix<double, 3, 3>, 3, 1, true> >; Functor = Eigen::internal::assign_op<double, double>; int Version = 0]’ at /usr/include/eigen3/Eigen/src/Core/AssignEvaluator.h:668:16,
    inlined from ‘static void Eigen::internal::copy_using_evaluator_DefaultTraversal_CompleteUnrolling<Kernel, Index, Stop>::run(Kernel&) [with Kernel = Eigen::internal::generic_dense_assignment_kernel<Eigen::internal::evaluator<Eigen::Matrix<double, 3, 1> >, Eigen::internal::evaluator<Eigen::Block<const Eigen::Matrix<double, 3, 3>, 3, 1, true> >, Eigen::internal::assign_op<double, double>, 0>; int Index = 2; int Stop = 3]’ at /usr/include/eigen3/Eigen/src/Core/AssignEvaluator.h:211:35,
    inlined from ‘static void Eigen::internal::dense_assignment_loop<Kernel, 3, 2>::run(Kernel&) [with Kernel = Eigen::internal::generic_dense_assignment_kernel<Eigen::internal::evaluator<Eigen::Matrix<double, 3, 1> >, Eigen::internal::evaluator<Eigen::Block<const Eigen::Matrix<double, 3, 3>, 3, 1, true> >, Eigen::internal::assign_op<double, double>, 0>]’ at /usr/include/eigen3/Eigen/src/Core/AssignEvaluator.h:456:92,
    inlined from ‘void Eigen::internal::call_dense_assignment_loop(DstXprType&, const SrcXprType&, const Functor&) [with DstXprType = Eigen::Matrix<double, 3, 1>; SrcXprType = Eigen::Block<const Eigen::Matrix<double, 3, 3>, 3, 1, true>; Functor = assign_op<double, double>]’ at /usr/include/eigen3/Eigen/src/Core/AssignEvaluator.h:785:37,
    inlined from ‘static void Eigen::internal::Assignment<DstXprType, SrcXprType, Functor, Eigen::internal::Dense2Dense, Weak>::run(DstXprType&, const SrcXprType&, const Functor&) [with DstXprType = Eigen::Matrix<double, 3, 1>; SrcXprType = Eigen::Block<const Eigen::Matrix<double, 3, 3>, 3, 1, true>; Functor = Eigen::internal::assign_op<double, double>; Weak = void]’ at /usr/include/eigen3/Eigen/src/Core/AssignEvaluator.h:954:31,
    inlined from ‘void Eigen::internal::call_assignment_no_alias(Dst&, const Src&, const Func&) [with Dst = Eigen::Matrix<double, 3, 1>; Src = Eigen::Block<const Eigen::Matrix<double, 3, 3>, 3, 1, true>; Func = assign_op<double, double>]’ at /usr/include/eigen3/Eigen/src/Core/AssignEvaluator.h:890:49,
    inlined from ‘Derived& Eigen::PlainObjectBase<Derived>::_set_noalias(const Eigen::DenseBase<OtherDerived>&) [with OtherDerived = Eigen::Block<const Eigen::Matrix<double, 3, 3>, 3, 1, true>; Derived = Eigen::Matrix<double, 3, 1>]’ at /usr/include/eigen3/Eigen/src/Core/PlainObjectBase.h:797:41,
    inlined from ‘Eigen::PlainObjectBase<Derived>::PlainObjectBase(const Eigen::DenseBase<OtherDerived>&) [with OtherDerived = Eigen::Block<const Eigen::Matrix<double, 3, 3>, 3, 1, true>; Derived = Eigen::Matrix<double, 3, 1>]’ at /usr/include/eigen3/Eigen/src/Core/PlainObjectBase.h:594:19,
    inlined from ‘Eigen::Matrix<_Scalar, _Rows, _Cols, _Options, _MaxRows, _MaxCols>::Matrix(const Eigen::EigenBase<OtherDerived>&) [with OtherDerived = Eigen::Block<const Eigen::Matrix<double, 3, 3>, 3, 1, true>; _Scalar = double; int _Rows = 3; int _Cols = 1; int _Options = 0; int _MaxRows = 3; int _MaxCols = 1]’ at /usr/include/eigen3/Eigen/src/Core/Matrix.h:423:29,
    inlined from ‘Derived& Eigen::QuaternionBase<Derived>::setFromTwoVectors(const Eigen::MatrixBase<OtherDerived>&, const Eigen::MatrixBase<OtherDerived>&) [with Derived1 = Eigen::Product<Eigen::Matrix<double, 3, 3>, Eigen::Matrix<double, 3, 1>, 0>; Derived2 = Eigen::Matrix<double, 3, 1>; Derived = Eigen::Quaternion<double>]’ at /usr/include/eigen3/Eigen/src/Geometry/Quaternion.h:658:13,
    inlined from ‘virtual std::vector<ocs2::VectorFunctionLinearApproximation> ocs2::PinocchioEndEffectorKinematics::getOrientationErrorWrtPlaneLinearApproximation(const ocs2::EndEffectorKinematics<double>::vector_t&, const std::vector<Eigen::Matrix<double, 3, 1>, std::allocator<Eigen::Matrix<double, 3, 1> > >&) const’ at /wb_humanoid_mpc_ws/workspace/wb_humanoid_mpc/lib/ocs2_ros2/ocs2_pinocchio/ocs2_pinocchio_interface/src/PinocchioEndEffectorKinematics.cpp:342:35:
/usr/include/eigen3/Eigen/src/Core/CoreEvaluators.h:911:56: warning: ‘svd.Eigen::JacobiSVD<Eigen::Matrix<double, 2, 3, 0, 2, 3>, 2>::<unnamed>.Eigen::SVDBase<Eigen::JacobiSVD<Eigen::Matrix<double, 2, 3, 0, 2, 3>, 2> >::m_matrixV.Eigen::Matrix<double, 3, 3, 0, 3, 3>::<unnamed>.Eigen::PlainObjectBase<Eigen::Matrix<double, 3, 3, 0, 3, 3> >::m_storage.Eigen::DenseStorage<double, 9, 3, 3, 0>::m_data.Eigen::internal::plain_array<double, 9, 0, 0>::array[8]’ may be used uninitialized [-Wmaybe-uninitialized]
  911 |     return m_data[col * colStride() + row * rowStride()];
      |                                                        ^
/usr/include/eigen3/Eigen/src/Geometry/Quaternion.h: In member function ‘virtual std::vector<ocs2::VectorFunctionLinearApproximation> ocs2::PinocchioEndEffectorKinematics::getOrientationErrorWrtPlaneLinearApproximation(const ocs2::EndEffectorKinematics<double>::vector_t&, const std::vector<Eigen::Matrix<double, 3, 1>, std::allocator<Eigen::Matrix<double, 3, 1> > >&) const’:
/usr/include/eigen3/Eigen/src/Geometry/Quaternion.h:657:36: note: ‘svd’ declared here
  657 |     JacobiSVD<Matrix<Scalar,2,3> > svd(m, ComputeFullV);
      |                                    ^~~
[5/6] Building CXX object CMakeFiles/ocs2_pinocchio_interface.dir/src/PinocchioEndEffectorKinematicsCppAd.cpp.o
/wb_humanoid_mpc_ws/workspace/wb_humanoid_mpc/lib/ocs2_ros2/ocs2_pinocchio/ocs2_pinocchio_interface/src/PinocchioEndEffectorKinematicsCppAd.cpp: In member function ‘ocs2::ad_vector_t ocs2::PinocchioEndEffectorKinematicsCppAd::getPositionCppAd(ocs2::PinocchioInterfaceCppAd&, const ocs2::PinocchioStateInputMapping<CppAD::AD<CppAD::cg::CG<double> > >&, const ocs2::ad_vector_t&)’:
/wb_humanoid_mpc_ws/workspace/wb_humanoid_mpc/lib/ocs2_ros2/ocs2_pinocchio/ocs2_pinocchio_interface/src/PinocchioEndEffectorKinematicsCppAd.cpp:215:21: warning: comparison of integer expressions of different signedness: ‘int’ and ‘std::vector<long unsigned int>::size_type’ {aka ‘long unsigned int’} [-Wsign-compare]
  215 |   for (int i = 0; i < endEffectorFrameIds_.size(); i++) {
      |                   ~~^~~~~~~~~~~~~~~~~~~~~~~~~~~~~
/wb_humanoid_mpc_ws/workspace/wb_humanoid_mpc/lib/ocs2_ros2/ocs2_pinocchio/ocs2_pinocchio_interface/src/PinocchioEndEffectorKinematicsCppAd.cpp: In member function ‘virtual std::vector<Eigen::Matrix<double, 3, 1>, std::allocator<Eigen::Matrix<double, 3, 1> > > ocs2::PinocchioEndEffectorKinematicsCppAd::getPosition(const ocs2::EndEffectorKinematics<double>::vector_t&) const’:
/wb_humanoid_mpc_ws/workspace/wb_humanoid_mpc/lib/ocs2_ros2/ocs2_pinocchio/ocs2_pinocchio_interface/src/PinocchioEndEffectorKinematicsCppAd.cpp:230:21: warning: comparison of integer expressions of different signedness: ‘int’ and ‘std::vector<std::__cxx11::basic_string<char> >::size_type’ {aka ‘long unsigned int’} [-Wsign-compare]
  230 |   for (int i = 0; i < endEffectorIds_.size(); i++) {
      |                   ~~^~~~~~~~~~~~~~~~~~~~~~~~
/wb_humanoid_mpc_ws/workspace/wb_humanoid_mpc/lib/ocs2_ros2/ocs2_pinocchio/ocs2_pinocchio_interface/src/PinocchioEndEffectorKinematicsCppAd.cpp: In member function ‘virtual std::vector<ocs2::VectorFunctionLinearApproximation> ocs2::PinocchioEndEffectorKinematicsCppAd::getPositionLinearApproximation(const ocs2::EndEffectorKinematics<double>::vector_t&) const’:
/wb_humanoid_mpc_ws/workspace/wb_humanoid_mpc/lib/ocs2_ros2/ocs2_pinocchio/ocs2_pinocchio_interface/src/PinocchioEndEffectorKinematicsCppAd.cpp:246:21: warning: comparison of integer expressions of different signedness: ‘int’ and ‘std::vector<std::__cxx11::basic_string<char> >::size_type’ {aka ‘long unsigned int’} [-Wsign-compare]
  246 |   for (int i = 0; i < endEffectorIds_.size(); i++) {
      |                   ~~^~~~~~~~~~~~~~~~~~~~~~~~
/wb_humanoid_mpc_ws/workspace/wb_humanoid_mpc/lib/ocs2_ros2/ocs2_pinocchio/ocs2_pinocchio_interface/src/PinocchioEndEffectorKinematicsCppAd.cpp: In member function ‘ocs2::ad_vector_t ocs2::PinocchioEndEffectorKinematicsCppAd::getVelocityCppAd(ocs2::PinocchioInterfaceCppAd&, const ocs2::PinocchioStateInputMapping<CppAD::AD<CppAD::cg::CG<double> > >&, const ocs2::ad_vector_t&, const ocs2::ad_vector_t&)’:
/wb_humanoid_mpc_ws/workspace/wb_humanoid_mpc/lib/ocs2_ros2/ocs2_pinocchio/ocs2_pinocchio_interface/src/PinocchioEndEffectorKinematicsCppAd.cpp:271:21: warning: comparison of integer expressions of different signedness: ‘int’ and ‘std::vector<long unsigned int>::size_type’ {aka ‘long unsigned int’} [-Wsign-compare]
  271 |   for (int i = 0; i < endEffectorFrameIds_.size(); i++) {
      |                   ~~^~~~~~~~~~~~~~~~~~~~~~~~~~~~~
/wb_humanoid_mpc_ws/workspace/wb_humanoid_mpc/lib/ocs2_ros2/ocs2_pinocchio/ocs2_pinocchio_interface/src/PinocchioEndEffectorKinematicsCppAd.cpp: In member function ‘virtual std::vector<Eigen::Matrix<double, 3, 1>, std::allocator<Eigen::Matrix<double, 3, 1> > > ocs2::PinocchioEndEffectorKinematicsCppAd::getVelocity(const ocs2::EndEffectorKinematics<double>::vector_t&, const ocs2::EndEffectorKinematics<double>::vector_t&) const’:
/wb_humanoid_mpc_ws/workspace/wb_humanoid_mpc/lib/ocs2_ros2/ocs2_pinocchio/ocs2_pinocchio_interface/src/PinocchioEndEffectorKinematicsCppAd.cpp:288:21: warning: comparison of integer expressions of different signedness: ‘int’ and ‘std::vector<std::__cxx11::basic_string<char> >::size_type’ {aka ‘long unsigned int’} [-Wsign-compare]
  288 |   for (int i = 0; i < endEffectorIds_.size(); i++) {
      |                   ~~^~~~~~~~~~~~~~~~~~~~~~~~
/wb_humanoid_mpc_ws/workspace/wb_humanoid_mpc/lib/ocs2_ros2/ocs2_pinocchio/ocs2_pinocchio_interface/src/PinocchioEndEffectorKinematicsCppAd.cpp: In member function ‘virtual std::vector<ocs2::VectorFunctionLinearApproximation> ocs2::PinocchioEndEffectorKinematicsCppAd::getVelocityLinearApproximation(const ocs2::EndEffectorKinematics<double>::vector_t&, const ocs2::EndEffectorKinematics<double>::vector_t&) const’:
/wb_humanoid_mpc_ws/workspace/wb_humanoid_mpc/lib/ocs2_ros2/ocs2_pinocchio/ocs2_pinocchio_interface/src/PinocchioEndEffectorKinematicsCppAd.cpp:306:21: warning: comparison of integer expressions of different signedness: ‘int’ and ‘std::vector<std::__cxx11::basic_string<char> >::size_type’ {aka ‘long unsigned int’} [-Wsign-compare]
  306 |   for (int i = 0; i < endEffectorIds_.size(); i++) {
      |                   ~~^~~~~~~~~~~~~~~~~~~~~~~~
/wb_humanoid_mpc_ws/workspace/wb_humanoid_mpc/lib/ocs2_ros2/ocs2_pinocchio/ocs2_pinocchio_interface/src/PinocchioEndEffectorKinematicsCppAd.cpp: In member function ‘virtual std::vector<Eigen::Quaternion<double>, std::allocator<Eigen::Quaternion<double> > > ocs2::PinocchioEndEffectorKinematicsCppAd::getOrientation(const ocs2::EndEffectorKinematics<double>::vector_t&) const’:
/wb_humanoid_mpc_ws/workspace/wb_humanoid_mpc/lib/ocs2_ros2/ocs2_pinocchio/ocs2_pinocchio_interface/src/PinocchioEndEffectorKinematicsCppAd.cpp:324:21: warning: comparison of integer expressions of different signedness: ‘int’ and ‘std::vector<std::__cxx11::basic_string<char> >::size_type’ {aka ‘long unsigned int’} [-Wsign-compare]
  324 |   for (int i = 0; i < endEffectorIds_.size(); i++) {
      |                   ~~^~~~~~~~~~~~~~~~~~~~~~~~
/wb_humanoid_mpc_ws/workspace/wb_humanoid_mpc/lib/ocs2_ros2/ocs2_pinocchio/ocs2_pinocchio_interface/src/PinocchioEndEffectorKinematicsCppAd.cpp: In member function ‘ocs2::ad_vector_t ocs2::PinocchioEndEffectorKinematicsCppAd::getOrientationCppAd(ocs2::PinocchioInterfaceCppAd&, const ocs2::PinocchioStateInputMapping<CppAD::AD<CppAD::cg::CG<double> > >&, const ocs2::ad_vector_t&)’:
/wb_humanoid_mpc_ws/workspace/wb_humanoid_mpc/lib/ocs2_ros2/ocs2_pinocchio/ocs2_pinocchio_interface/src/PinocchioEndEffectorKinematicsCppAd.cpp:344:21: warning: comparison of integer expressions of different signedness: ‘int’ and ‘std::vector<long unsigned int>::size_type’ {aka ‘long unsigned int’} [-Wsign-compare]
  344 |   for (int i = 0; i < endEffectorFrameIds_.size(); i++) {
      |                   ~~^~~~~~~~~~~~~~~~~~~~~~~~~~~~~
/wb_humanoid_mpc_ws/workspace/wb_humanoid_mpc/lib/ocs2_ros2/ocs2_pinocchio/ocs2_pinocchio_interface/src/PinocchioEndEffectorKinematicsCppAd.cpp: In member function ‘virtual std::vector<Eigen::Matrix<double, 3, 1>, std::allocator<Eigen::Matrix<double, 3, 1> > > ocs2::PinocchioEndEffectorKinematicsCppAd::getOrientationError(const ocs2::EndEffectorKinematics<double>::vector_t&, const std::vector<Eigen::Quaternion<double>, std::allocator<Eigen::Quaternion<double> > >&) const’:
/wb_humanoid_mpc_ws/workspace/wb_humanoid_mpc/lib/ocs2_ros2/ocs2_pinocchio/ocs2_pinocchio_interface/src/PinocchioEndEffectorKinematicsCppAd.cpp:357:21: warning: comparison of integer expressions of different signedness: ‘int’ and ‘std::vector<std::__cxx11::basic_string<char> >::size_type’ {aka ‘long unsigned int’} [-Wsign-compare]
  357 |   for (int i = 0; i < endEffectorIds_.size(); i++) {
      |                   ~~^~~~~~~~~~~~~~~~~~~~~~~~
/wb_humanoid_mpc_ws/workspace/wb_humanoid_mpc/lib/ocs2_ros2/ocs2_pinocchio/ocs2_pinocchio_interface/src/PinocchioEndEffectorKinematicsCppAd.cpp:365:21: warning: comparison of integer expressions of different signedness: ‘int’ and ‘std::vector<std::__cxx11::basic_string<char> >::size_type’ {aka ‘long unsigned int’} [-Wsign-compare]
  365 |   for (int i = 0; i < endEffectorIds_.size(); i++) {
      |                   ~~^~~~~~~~~~~~~~~~~~~~~~~~
/wb_humanoid_mpc_ws/workspace/wb_humanoid_mpc/lib/ocs2_ros2/ocs2_pinocchio/ocs2_pinocchio_interface/src/PinocchioEndEffectorKinematicsCppAd.cpp: In member function ‘virtual std::vector<ocs2::VectorFunctionLinearApproximation> ocs2::PinocchioEndEffectorKinematicsCppAd::getOrientationErrorLinearApproximation(const ocs2::EndEffectorKinematics<double>::vector_t&, const std::vector<Eigen::Quaternion<double>, std::allocator<Eigen::Quaternion<double> > >&) const’:
/wb_humanoid_mpc_ws/workspace/wb_humanoid_mpc/lib/ocs2_ros2/ocs2_pinocchio/ocs2_pinocchio_interface/src/PinocchioEndEffectorKinematicsCppAd.cpp:377:21: warning: comparison of integer expressions of different signedness: ‘int’ and ‘std::vector<std::__cxx11::basic_string<char> >::size_type’ {aka ‘long unsigned int’} [-Wsign-compare]
  377 |   for (int i = 0; i < endEffectorIds_.size(); i++) {
      |                   ~~^~~~~~~~~~~~~~~~~~~~~~~~
/wb_humanoid_mpc_ws/workspace/wb_humanoid_mpc/lib/ocs2_ros2/ocs2_pinocchio/ocs2_pinocchio_interface/src/PinocchioEndEffectorKinematicsCppAd.cpp:386:21: warning: comparison of integer expressions of different signedness: ‘int’ and ‘std::vector<std::__cxx11::basic_string<char> >::size_type’ {aka ‘long unsigned int’} [-Wsign-compare]
  386 |   for (int i = 0; i < endEffectorIds_.size(); i++) {
      |                   ~~^~~~~~~~~~~~~~~~~~~~~~~~
/wb_humanoid_mpc_ws/workspace/wb_humanoid_mpc/lib/ocs2_ros2/ocs2_pinocchio/ocs2_pinocchio_interface/src/PinocchioEndEffectorKinematicsCppAd.cpp: In member function ‘ocs2::ad_vector_t ocs2::PinocchioEndEffectorKinematicsCppAd::getOrientationErrorCppAd(ocs2::PinocchioInterfaceCppAd&, const ocs2::PinocchioStateInputMapping<CppAD::AD<CppAD::cg::CG<double> > >&, const ocs2::ad_vector_t&, const ocs2::ad_vector_t&)’:
/wb_humanoid_mpc_ws/workspace/wb_humanoid_mpc/lib/ocs2_ros2/ocs2_pinocchio/ocs2_pinocchio_interface/src/PinocchioEndEffectorKinematicsCppAd.cpp:412:21: warning: comparison of integer expressions of different signedness: ‘int’ and ‘std::vector<long unsigned int>::size_type’ {aka ‘long unsigned int’} [-Wsign-compare]
  412 |   for (int i = 0; i < endEffectorFrameIds_.size(); i++) {
      |                   ~~^~~~~~~~~~~~~~~~~~~~~~~~~~~~~
/wb_humanoid_mpc_ws/workspace/wb_humanoid_mpc/lib/ocs2_ros2/ocs2_pinocchio/ocs2_pinocchio_interface/src/PinocchioEndEffectorKinematicsCppAd.cpp: In member function ‘virtual std::vector<Eigen::Matrix<double, 3, 1>, std::allocator<Eigen::Matrix<double, 3, 1> > > ocs2::PinocchioEndEffectorKinematicsCppAd::getOrientationErrorWrtPlane(const ocs2::EndEffectorKinematics<double>::vector_t&, const std::vector<Eigen::Matrix<double, 3, 1>, std::allocator<Eigen::Matrix<double, 3, 1> > >&) const’:
/wb_humanoid_mpc_ws/workspace/wb_humanoid_mpc/lib/ocs2_ros2/ocs2_pinocchio/ocs2_pinocchio_interface/src/PinocchioEndEffectorKinematicsCppAd.cpp:430:21: warning: comparison of integer expressions of different signedness: ‘int’ and ‘std::vector<std::__cxx11::basic_string<char> >::size_type’ {aka ‘long unsigned int’} [-Wsign-compare]
  430 |   for (int i = 0; i < endEffectorIds_.size(); i++) {
      |                   ~~^~~~~~~~~~~~~~~~~~~~~~~~
/wb_humanoid_mpc_ws/workspace/wb_humanoid_mpc/lib/ocs2_ros2/ocs2_pinocchio/ocs2_pinocchio_interface/src/PinocchioEndEffectorKinematicsCppAd.cpp:438:21: warning: comparison of integer expressions of different signedness: ‘int’ and ‘std::vector<std::__cxx11::basic_string<char> >::size_type’ {aka ‘long unsigned int’} [-Wsign-compare]
  438 |   for (int i = 0; i < endEffectorIds_.size(); i++) {
      |                   ~~^~~~~~~~~~~~~~~~~~~~~~~~
/wb_humanoid_mpc_ws/workspace/wb_humanoid_mpc/lib/ocs2_ros2/ocs2_pinocchio/ocs2_pinocchio_interface/src/PinocchioEndEffectorKinematicsCppAd.cpp: In member function ‘virtual std::vector<ocs2::VectorFunctionLinearApproximation> ocs2::PinocchioEndEffectorKinematicsCppAd::getOrientationErrorWrtPlaneLinearApproximation(const ocs2::EndEffectorKinematics<double>::vector_t&, const std::vector<Eigen::Matrix<double, 3, 1>, std::allocator<Eigen::Matrix<double, 3, 1> > >&) const’:
/wb_humanoid_mpc_ws/workspace/wb_humanoid_mpc/lib/ocs2_ros2/ocs2_pinocchio/ocs2_pinocchio_interface/src/PinocchioEndEffectorKinematicsCppAd.cpp:451:21: warning: comparison of integer expressions of different signedness: ‘int’ and ‘std::vector<std::__cxx11::basic_string<char> >::size_type’ {aka ‘long unsigned int’} [-Wsign-compare]
  451 |   for (int i = 0; i < endEffectorIds_.size(); i++) {
      |                   ~~^~~~~~~~~~~~~~~~~~~~~~~~
/wb_humanoid_mpc_ws/workspace/wb_humanoid_mpc/lib/ocs2_ros2/ocs2_pinocchio/ocs2_pinocchio_interface/src/PinocchioEndEffectorKinematicsCppAd.cpp:459:21: warning: comparison of integer expressions of different signedness: ‘int’ and ‘std::vector<std::__cxx11::basic_string<char> >::size_type’ {aka ‘long unsigned int’} [-Wsign-compare]
  459 |   for (int i = 0; i < endEffectorIds_.size(); i++) {
      |                   ~~^~~~~~~~~~~~~~~~~~~~~~~~
/wb_humanoid_mpc_ws/workspace/wb_humanoid_mpc/lib/ocs2_ros2/ocs2_pinocchio/ocs2_pinocchio_interface/src/PinocchioEndEffectorKinematicsCppAd.cpp: In member function ‘ocs2::ad_vector_t ocs2::PinocchioEndEffectorKinematicsCppAd::getOrientationErrorWrtPlaneCppAd(ocs2::PinocchioInterfaceCppAd&, const ocs2::PinocchioStateInputMapping<CppAD::AD<CppAD::cg::CG<double> > >&, const ocs2::ad_vector_t&, const ocs2::ad_vector_t&)’:
/wb_humanoid_mpc_ws/workspace/wb_humanoid_mpc/lib/ocs2_ros2/ocs2_pinocchio/ocs2_pinocchio_interface/src/PinocchioEndEffectorKinematicsCppAd.cpp:491:21: warning: comparison of integer expressions of different signedness: ‘int’ and ‘std::vector<long unsigned int>::size_type’ {aka ‘long unsigned int’} [-Wsign-compare]
  491 |   for (int i = 0; i < endEffectorFrameIds_.size(); i++) {
      |                   ~~^~~~~~~~~~~~~~~~~~~~~~~~~~~~~
/wb_humanoid_mpc_ws/workspace/wb_humanoid_mpc/lib/ocs2_ros2/ocs2_pinocchio/ocs2_pinocchio_interface/src/PinocchioEndEffectorKinematicsCppAd.cpp:476:9: warning: typedef ‘using ad_quaternion_t = class Eigen::Quaternion<CppAD::AD<CppAD::cg::CG<double> > >’ locally defined but not used [-Wunused-local-typedefs]
  476 |   using ad_quaternion_t = Eigen::Quaternion<ad_scalar_t>;
      |         ^~~~~~~~~~~~~~~
/wb_humanoid_mpc_ws/workspace/wb_humanoid_mpc/lib/ocs2_ros2/ocs2_pinocchio/ocs2_pinocchio_interface/src/PinocchioEndEffectorKinematicsCppAd.cpp: In member function ‘ocs2::ad_vector_t ocs2::PinocchioEndEffectorKinematicsCppAd::getAngularVelocityCppAd(ocs2::PinocchioInterfaceCppAd&, const ocs2::PinocchioStateInputMapping<CppAD::AD<CppAD::cg::CG<double> > >&, const ocs2::ad_vector_t&, const ocs2::ad_vector_t&)’:
/wb_humanoid_mpc_ws/workspace/wb_humanoid_mpc/lib/ocs2_ros2/ocs2_pinocchio/ocs2_pinocchio_interface/src/PinocchioEndEffectorKinematicsCppAd.cpp:515:21: warning: comparison of integer expressions of different signedness: ‘int’ and ‘std::vector<long unsigned int>::size_type’ {aka ‘long unsigned int’} [-Wsign-compare]
  515 |   for (int i = 0; i < endEffectorFrameIds_.size(); i++) {
      |                   ~~^~~~~~~~~~~~~~~~~~~~~~~~~~~~~
/wb_humanoid_mpc_ws/workspace/wb_humanoid_mpc/lib/ocs2_ros2/ocs2_pinocchio/ocs2_pinocchio_interface/src/PinocchioEndEffectorKinematicsCppAd.cpp: In member function ‘virtual std::vector<Eigen::Matrix<double, 3, 1>, std::allocator<Eigen::Matrix<double, 3, 1> > > ocs2::PinocchioEndEffectorKinematicsCppAd::getAngularVelocity(const ocs2::EndEffectorKinematics<double>::vector_t&, const ocs2::EndEffectorKinematics<double>::vector_t&) const’:
/wb_humanoid_mpc_ws/workspace/wb_humanoid_mpc/lib/ocs2_ros2/ocs2_pinocchio/ocs2_pinocchio_interface/src/PinocchioEndEffectorKinematicsCppAd.cpp:532:21: warning: comparison of integer expressions of different signedness: ‘int’ and ‘std::vector<std::__cxx11::basic_string<char> >::size_type’ {aka ‘long unsigned int’} [-Wsign-compare]
  532 |   for (int i = 0; i < endEffectorIds_.size(); i++) {
      |                   ~~^~~~~~~~~~~~~~~~~~~~~~~~
/wb_humanoid_mpc_ws/workspace/wb_humanoid_mpc/lib/ocs2_ros2/ocs2_pinocchio/ocs2_pinocchio_interface/src/PinocchioEndEffectorKinematicsCppAd.cpp: In member function ‘virtual std::vector<ocs2::VectorFunctionLinearApproximation> ocs2::PinocchioEndEffectorKinematicsCppAd::getAngularVelocityLinearApproximation(const ocs2::EndEffectorKinematics<double>::vector_t&, const ocs2::EndEffectorKinematics<double>::vector_t&) const’:
/wb_humanoid_mpc_ws/workspace/wb_humanoid_mpc/lib/ocs2_ros2/ocs2_pinocchio/ocs2_pinocchio_interface/src/PinocchioEndEffectorKinematicsCppAd.cpp:550:21: warning: comparison of integer expressions of different signedness: ‘int’ and ‘std::vector<std::__cxx11::basic_string<char> >::size_type’ {aka ‘long unsigned int’} [-Wsign-compare]
  550 |   for (int i = 0; i < endEffectorIds_.size(); i++) {
      |                   ~~^~~~~~~~~~~~~~~~~~~~~~~~
/wb_humanoid_mpc_ws/workspace/wb_humanoid_mpc/lib/ocs2_ros2/ocs2_pinocchio/ocs2_pinocchio_interface/src/PinocchioEndEffectorKinematicsCppAd.cpp: In member function ‘ocs2::ad_vector_t ocs2::PinocchioEndEffectorKinematicsCppAd::getTwistCppAd(ocs2::PinocchioInterfaceCppAd&, const ocs2::PinocchioStateInputMapping<CppAD::AD<CppAD::cg::CG<double> > >&, const ocs2::ad_vector_t&, const ocs2::ad_vector_t&)’:
/wb_humanoid_mpc_ws/workspace/wb_humanoid_mpc/lib/ocs2_ros2/ocs2_pinocchio/ocs2_pinocchio_interface/src/PinocchioEndEffectorKinematicsCppAd.cpp:576:21: warning: comparison of integer expressions of different signedness: ‘int’ and ‘std::vector<long unsigned int>::size_type’ {aka ‘long unsigned int’} [-Wsign-compare]
  576 |   for (int i = 0; i < endEffectorFrameIds_.size(); i++) {
      |                   ~~^~~~~~~~~~~~~~~~~~~~~~~~~~~~~
/wb_humanoid_mpc_ws/workspace/wb_humanoid_mpc/lib/ocs2_ros2/ocs2_pinocchio/ocs2_pinocchio_interface/src/PinocchioEndEffectorKinematicsCppAd.cpp: In member function ‘virtual std::vector<Eigen::Matrix<double, 6, 1, 0, 6, 1>, std::allocator<Eigen::Matrix<double, 6, 1, 0, 6, 1> > > ocs2::PinocchioEndEffectorKinematicsCppAd::getTwist(const ocs2::EndEffectorKinematics<double>::vector_t&, const ocs2::EndEffectorKinematics<double>::vector_t&) const’:
/wb_humanoid_mpc_ws/workspace/wb_humanoid_mpc/lib/ocs2_ros2/ocs2_pinocchio/ocs2_pinocchio_interface/src/PinocchioEndEffectorKinematicsCppAd.cpp:597:21: warning: comparison of integer expressions of different signedness: ‘int’ and ‘std::vector<std::__cxx11::basic_string<char> >::size_type’ {aka ‘long unsigned int’} [-Wsign-compare]
  597 |   for (int i = 0; i < endEffectorIds_.size(); i++) {
      |                   ~~^~~~~~~~~~~~~~~~~~~~~~~~
/wb_humanoid_mpc_ws/workspace/wb_humanoid_mpc/lib/ocs2_ros2/ocs2_pinocchio/ocs2_pinocchio_interface/src/PinocchioEndEffectorKinematicsCppAd.cpp: In member function ‘virtual std::vector<ocs2::VectorFunctionLinearApproximation> ocs2::PinocchioEndEffectorKinematicsCppAd::getTwistLinearApproximation(const ocs2::EndEffectorKinematics<double>::vector_t&, const ocs2::EndEffectorKinematics<double>::vector_t&) const’:
/wb_humanoid_mpc_ws/workspace/wb_humanoid_mpc/lib/ocs2_ros2/ocs2_pinocchio/ocs2_pinocchio_interface/src/PinocchioEndEffectorKinematicsCppAd.cpp:615:21: warning: comparison of integer expressions of different signedness: ‘int’ and ‘std::vector<std::__cxx11::basic_string<char> >::size_type’ {aka ‘long unsigned int’} [-Wsign-compare]
  615 |   for (int i = 0; i < endEffectorIds_.size(); i++) {
      |                   ~~^~~~~~~~~~~~~~~~~~~~~~~~
In file included from /wb_humanoid_mpc_ws/workspace/wb_humanoid_mpc/lib/ocs2_ros2/ocs2_pinocchio/ocs2_pinocchio_interface/include/ocs2_pinocchio_interface/PinocchioEndEffectorKinematicsCppAd.h:37,
                 from /wb_humanoid_mpc_ws/workspace/wb_humanoid_mpc/lib/ocs2_ros2/ocs2_pinocchio/ocs2_pinocchio_interface/src/PinocchioEndEffectorKinematicsCppAd.cpp:32:
/wb_humanoid_mpc_ws/workspace/wb_humanoid_mpc/lib/ocs2_ros2/ocs2_pinocchio/ocs2_pinocchio_interface/include/ocs2_pinocchio_interface/PinocchioStateInputMapping.h: In instantiation of ‘void ocs2::PinocchioStateInputMapping<SCALAR>::setPinocchioInterface(const ocs2::PinocchioInterfaceTpl<SCALAR>&) [with SCALAR = CppAD::AD<CppAD::cg::CG<double> >]’:
/wb_humanoid_mpc_ws/workspace/wb_humanoid_mpc/lib/ocs2_ros2/ocs2_pinocchio/ocs2_pinocchio_interface/src/PinocchioEndEffectorKinematicsCppAd.cpp:93:36:   required from here
/wb_humanoid_mpc_ws/workspace/wb_humanoid_mpc/lib/ocs2_ros2/ocs2_pinocchio/ocs2_pinocchio_interface/include/ocs2_pinocchio_interface/PinocchioStateInputMapping.h:60:75: warning: unused parameter ‘pinocchioInterface’ [-Wunused-parameter]
   60 |   virtual void setPinocchioInterface(const PinocchioInterfaceTpl<SCALAR>& pinocchioInterface) {}
      |                                      ~~~~~~~~~~~~~~~~~~~~~~~~~~~~~~~~~~~~~^~~~~~~~~~~~~~~~~~
ninja: build stopped: subcommand failed.
---

Summary: 22 packages finished [20.8s]
  1 package failed: ocs2_pinocchio_interface
  3 packages had stderr output: catkin humanoid_common_mpc_pyutils remote_control
  10 packages not processed
make: *** [Makefile:133: build-all] Error 1
